scraped_at,deep_tunnel_timestamp,deep_tunnel_current,deep_tunnel_max,nw_deep_tunnel_timestamp,nw_deep_tunnel_current,nw_deep_tunnel_max,south_shore_timestamp,south_shore_current,south_shore_max,jones_island_timestamp,jones_island_current,jones_island_max
2026-04-03T02:13:07.374934Z,"As of 4/2/26, 9:10 PM",211,432,Data unavailable.,,89,"As of 4/2/26, 9:10 PM",254,300,"As of 4/2/26, 9:10 PM",313,330
2026-04-03T02:16:02.909246Z,"As of 4/2/26, 9:15 PM",211,432,Data unavailable.,,89,"As of 4/2/26, 9:15 PM",253,300,"As of 4/2/26, 9:15 PM",307,330
2026-04-03T02:21:07.058703Z,"As of 4/2/26, 9:20 PM",212,432,Data unavailable.,,89,"As of 4/2/26, 9:20 PM",254,300,"As of 4/2/26, 9:20 PM",308,330
2026-04-03T03:31:31.368787Z,"As of 4/2/26, 10:30 PM",233,432,Data unavailable.,,89,"As of 4/2/26, 10:30 PM",250,300,"As of 4/2/26, 10:30 PM",307,330
2026-04-03T04:35:38.356840Z,"As of 4/2/26, 11:35 PM",245,432,Data unavailable.,,89,"As of 4/2/26, 11:35 PM",249,300,"As of 4/2/26, 11:35 PM",312,330
2026-04-03T05:21:16.230311Z,"As of 4/3/26, 12:20 AM",252,432,Data unavailable.,,89,"As of 4/3/26, 12:20 AM",249,300,"As of 4/3/26, 12:20 AM",310,330
2026-04-03T05:57:47.773348Z,"As of 4/3/26, 12:55 AM",256,432,Data unavailable.,,89,"As of 4/3/26, 12:55 AM",228,300,"As of 4/3/26, 12:55 AM",311,330
2026-04-03T06:31:44.628915Z,"As of 4/3/26, 1:30 AM",261,432,Data unavailable.,,89,"As of 4/3/26, 1:30 AM",229,300,"As of 4/3/26, 1:30 AM",310,330
2026-04-03T07:07:06.173008Z,"As of 4/3/26, 2:05 AM",264,432,Data unavailable.,,89,"As of 4/3/26, 2:05 AM",228,300,"As of 4/3/26, 2:05 AM",307,330
2026-04-03T07:40:13.694778Z,"As of 4/3/26, 2:40 AM",266,432,Data unavailable.,,89,"As of 4/3/26, 2:40 AM",227,300,"As of 4/3/26, 2:40 AM",308,330
2026-04-03T08:05:31.140889Z,"As of 4/3/26, 3:05 AM",268,432,Data unavailable.,,89,"As of 4/3/26, 3:05 AM",223,300,"As of 4/3/26, 3:05 AM",307,330
2026-04-03T08:30:44.411343Z,"As of 4/3/26, 3:30 AM",269,432,Data unavailable.,,89,"As of 4/3/26, 3:30 AM",194,300,"As of 4/3/26, 3:30 AM",309,330
2026-04-03T09:05:46.883360Z,"As of 4/3/26, 4:05 AM",272,432,Data unavailable.,,89,"As of 4/3/26, 4:05 AM",213,300,"As of 4/3/26, 4:05 AM",310,330
2026-04-03T09:33:44.233218Z,"As of 4/3/26, 4:30 AM",273,432,Data unavailable.,,89,"As of 4/3/26, 4:30 AM",212,300,"As of 4/3/26, 4:30 AM",306,330
2026-04-03T10:01:19.484445Z,"As of 4/3/26, 5:00 AM",274,432,Data unavailable.,,89,"As of 4/3/26, 5:00 AM",210,300,"As of 4/3/26, 5:00 AM",309,330
2026-04-03T10:28:33.467121Z,"As of 4/3/26, 5:25 AM",274,432,Data unavailable.,,89,"As of 4/3/26, 5:25 AM",210,300,"As of 4/3/26, 5:25 AM",309,330
2026-04-03T10:48:24.154459Z,"As of 4/3/26, 5:45 AM",275,432,Data unavailable.,,89,"As of 4/3/26, 5:45 AM",209,300,"As of 4/3/26, 5:45 AM",308,330
2026-04-03T11:13:07.808379Z,"As of 4/3/26, 6:10 AM",274,432,Data unavailable.,,89,"As of 4/3/26, 6:10 AM",207,300,"As of 4/3/26, 6:10 AM",307,330
2026-04-03T11:28:27.904880Z,"As of 4/3/26, 6:25 AM",274,432,Data unavailable.,,89,"As of 4/3/26, 6:25 AM",208,300,"As of 4/3/26, 6:25 AM",307,330
2026-04-03T11:47:05.937912Z,"As of 4/3/26, 6:45 AM",275,432,Data unavailable.,,89,"As of 4/3/26, 6:45 AM",207,300,"As of 4/3/26, 6:45 AM",307,330
2026-04-03T12:07:28.524122Z,"As of 4/3/26, 7:05 AM",274,432,Data unavailable.,,89,"As of 4/3/26, 7:05 AM",207,300,"As of 4/3/26, 7:05 AM",304,330
2026-04-03T12:29:08.117237Z,"As of 4/3/26, 7:25 AM",275,432,Data unavailable.,,89,"As of 4/3/26, 7:25 AM",206,300,"As of 4/3/26, 7:25 AM",299,330
2026-04-03T12:51:07.262293Z,"As of 4/3/26, 7:50 AM",275,432,Data unavailable.,,89,"As of 4/3/26, 7:50 AM",207,300,"As of 4/3/26, 7:50 AM",295,330
2026-04-03T13:26:27.218887Z,"As of 4/3/26, 8:25 AM",276,432,Data unavailable.,,89,"As of 4/3/26, 8:25 AM",205,300,"As of 4/3/26, 8:25 AM",296,330
2026-04-03T13:51:58.800976Z,"As of 4/3/26, 8:50 AM",275,432,Data unavailable.,,89,"As of 4/3/26, 8:50 AM",205,300,"As of 4/3/26, 8:50 AM",292,330
2026-04-03T14:13:28.255881Z,"As of 4/3/26, 9:10 AM",269,432,Data unavailable.,,89,"As of 4/3/26, 9:10 AM",205,300,"As of 4/3/26, 9:10 AM",305,330
2026-04-03T14:31:28.648989Z,"As of 4/3/26, 9:30 AM",275,432,Data unavailable.,,89,"As of 4/3/26, 9:30 AM",206,300,"As of 4/3/26, 9:30 AM",308,330
2026-04-03T15:00:43.277967Z,"As of 4/3/26, 10:00 AM",274,432,Data unavailable.,,89,"As of 4/3/26, 10:00 AM",205,300,"As of 4/3/26, 10:00 AM",308,330
2026-04-03T15:28:48.956792Z,"As of 4/3/26, 10:25 AM",274,432,Data unavailable.,,89,"As of 4/3/26, 10:25 AM",204,300,"As of 4/3/26, 10:25 AM",307,330
2026-04-03T15:47:56.823916Z,"As of 4/3/26, 10:45 AM",274,432,Data unavailable.,,89,"As of 4/3/26, 10:45 AM",205,300,"As of 4/3/26, 10:45 AM",305,330
2026-04-03T16:08:15.278106Z,"As of 4/3/26, 11:05 AM",273,432,Data unavailable.,,89,"As of 4/3/26, 11:05 AM",205,300,"As of 4/3/26, 11:05 AM",305,330
2026-04-03T16:24:30.832708Z,"As of 4/3/26, 11:20 AM",272,432,Data unavailable.,,89,"As of 4/3/26, 11:20 AM",205,300,"As of 4/3/26, 11:20 AM",302,330
2026-04-03T16:43:57.137758Z,"As of 4/3/26, 11:40 AM",272,432,Data unavailable.,,89,"As of 4/3/26, 11:40 AM",205,300,"As of 4/3/26, 11:40 AM",303,330
2026-04-03T17:00:29.179129Z,"As of 4/3/26, 12:00 PM",271,432,Data unavailable.,,89,"As of 4/3/26, 12:00 PM",206,300,"As of 4/3/26, 12:00 PM",304,330
2026-04-03T17:24:01.320318Z,"As of 4/3/26, 12:20 PM",270,432,Data unavailable.,,89,"As of 4/3/26, 12:20 PM",206,300,"As of 4/3/26, 12:20 PM",302,330
2026-04-03T17:43:10.593287Z,"As of 4/3/26, 12:40 PM",270,432,Data unavailable.,,89,"As of 4/3/26, 12:40 PM",206,300,"As of 4/3/26, 12:40 PM",301,330
2026-04-03T17:58:01.272098Z,"As of 4/3/26, 12:55 PM",270,432,Data unavailable.,,89,"As of 4/3/26, 12:55 PM",205,300,"As of 4/3/26, 12:55 PM",302,330
2026-04-03T18:17:44.294676Z,"As of 4/3/26, 1:15 PM",269,432,Data unavailable.,,89,"As of 4/3/26, 1:15 PM",205,300,"As of 4/3/26, 1:15 PM",299,330
2026-04-03T18:44:37.546200Z,"As of 4/3/26, 1:40 PM",269,432,Data unavailable.,,89,"As of 4/3/26, 1:40 PM",205,300,"As of 4/3/26, 1:40 PM",299,330
2026-04-03T19:05:59.572388Z,"As of 4/3/26, 2:05 PM",268,432,Data unavailable.,,89,"As of 4/3/26, 2:05 PM",205,300,"As of 4/3/26, 2:05 PM",298,330
2026-04-03T19:28:09.594149Z,"As of 4/3/26, 2:25 PM",267,432,Data unavailable.,,89,"As of 4/3/26, 2:25 PM",206,300,"As of 4/3/26, 2:25 PM",297,330
2026-04-03T19:46:22.941785Z,"As of 4/3/26, 2:45 PM",266,432,Data unavailable.,,89,"As of 4/3/26, 2:45 PM",204,300,"As of 4/3/26, 2:45 PM",303,330
2026-04-03T20:06:17.830969Z,"As of 4/3/26, 3:05 PM",265,432,Data unavailable.,,89,"As of 4/3/26, 3:05 PM",205,300,"As of 4/3/26, 3:05 PM",300,330
2026-04-03T20:23:52.758278Z,"As of 4/3/26, 3:20 PM",264,432,Data unavailable.,,89,"As of 4/3/26, 3:20 PM",205,300,"As of 4/3/26, 3:20 PM",300,330
2026-04-03T20:43:12.667938Z,"As of 4/3/26, 3:40 PM",263,432,Data unavailable.,,89,"As of 4/3/26, 3:40 PM",203,300,"As of 4/3/26, 3:40 PM",305,330
2026-04-03T20:58:28.384701Z,"As of 4/3/26, 3:55 PM",262,432,Data unavailable.,,89,"As of 4/3/26, 3:55 PM",202,300,"As of 4/3/26, 3:55 PM",303,330
2026-04-03T21:15:05.132714Z,"As of 4/3/26, 4:15 PM",261,432,Data unavailable.,,89,"As of 4/3/26, 4:15 PM",203,300,"As of 4/3/26, 4:15 PM",301,330
2026-04-03T21:29:55.567247Z,"As of 4/3/26, 4:25 PM",261,432,Data unavailable.,,89,"As of 4/3/26, 4:25 PM",202,300,"As of 4/3/26, 4:25 PM",302,330
2026-04-03T21:47:17.998021Z,"As of 4/3/26, 4:45 PM",260,432,Data unavailable.,,89,"As of 4/3/26, 4:45 PM",202,300,"As of 4/3/26, 4:45 PM",301,330
2026-04-03T22:05:29.859632Z,"As of 4/3/26, 5:05 PM",259,432,Data unavailable.,,89,"As of 4/3/26, 5:05 PM",202,300,"As of 4/3/26, 5:05 PM",300,330
2026-04-03T22:23:23.723348Z,"As of 4/3/26, 5:15 PM",258,432,Data unavailable.,,89,"As of 4/3/26, 5:15 PM",200,300,"As of 4/3/26, 5:15 PM",300,330
2026-04-03T22:42:51.011298Z,"As of 4/3/26, 5:40 PM",256,432,Data unavailable.,,89,"As of 4/3/26, 5:40 PM",202,300,"As of 4/3/26, 5:40 PM",301,330
2026-04-03T22:52:16.756078Z,"As of 4/3/26, 5:50 PM",255,432,Data unavailable.,,89,"As of 4/3/26, 5:50 PM",201,300,"As of 4/3/26, 5:50 PM",301,330
2026-04-03T22:57:42.449678Z,"As of 4/3/26, 5:55 PM",255,432,Data unavailable.,,89,"As of 4/3/26, 5:55 PM",200,300,"As of 4/3/26, 5:55 PM",301,330
2026-04-03T23:13:33.407980Z,"As of 4/3/26, 6:10 PM",254,432,Data unavailable.,,89,"As of 4/3/26, 6:10 PM",200,300,"As of 4/3/26, 6:10 PM",308,330
2026-04-03T23:27:47.630259Z,"As of 4/3/26, 6:25 PM",252,432,Data unavailable.,,89,"As of 4/3/26, 6:25 PM",202,300,"As of 4/3/26, 6:25 PM",307,330
2026-04-03T23:45:30.101103Z,"As of 4/3/26, 6:45 PM",252,432,Data unavailable.,,89,"As of 4/3/26, 6:45 PM",201,300,"As of 4/3/26, 6:45 PM",308,330
2026-04-04T00:07:04.527037Z,"As of 4/3/26, 7:05 PM",250,432,Data unavailable.,,89,"As of 4/3/26, 7:05 PM",202,300,"As of 4/3/26, 7:05 PM",310,330
2026-04-04T00:40:14.706991Z,"As of 4/3/26, 7:40 PM",247,432,Data unavailable.,,89,"As of 4/3/26, 7:40 PM",201,300,"As of 4/3/26, 7:40 PM",309,330
2026-04-04T00:52:49.634364Z,"As of 4/3/26, 7:50 PM",247,432,Data unavailable.,,89,"As of 4/3/26, 7:50 PM",203,300,"As of 4/3/26, 7:50 PM",307,330
2026-04-04T01:02:26.185543Z,"As of 4/3/26, 8:00 PM",246,432,Data unavailable.,,89,"As of 4/3/26, 8:00 PM",202,300,"As of 4/3/26, 8:00 PM",309,330
2026-04-04T01:30:48.522970Z,"As of 4/3/26, 8:30 PM",243,432,Data unavailable.,,89,"As of 4/3/26, 8:30 PM",202,300,"As of 4/3/26, 8:30 PM",303,330
2026-04-04T02:35:58.337795Z,"As of 4/3/26, 9:35 PM",237,432,Data unavailable.,,89,"As of 4/3/26, 9:35 PM",202,300,"As of 4/3/26, 9:35 PM",310,330
2026-04-04T03:35:59.638777Z,"As of 4/3/26, 10:35 PM",235,432,Data unavailable.,,89,"As of 4/3/26, 10:35 PM",202,300,"As of 4/3/26, 10:35 PM",307,330
2026-04-04T04:26:53.577574Z,"As of 4/3/26, 11:25 PM",242,432,Data unavailable.,,89,"As of 4/3/26, 11:25 PM",205,300,"As of 4/3/26, 11:25 PM",307,330
2026-04-04T05:05:16.332481Z,"As of 4/4/26, 12:05 AM",244,432,Data unavailable.,,89,"As of 4/4/26, 12:05 AM",209,300,"As of 4/4/26, 12:05 AM",305,330
2026-04-04T05:38:21.952308Z,"As of 4/4/26, 12:35 AM",241,432,Data unavailable.,,89,"As of 4/4/26, 12:35 AM",209,300,"As of 4/4/26, 12:35 AM",308,330
2026-04-04T06:04:41.161100Z,"As of 4/4/26, 1:00 AM",242,432,Data unavailable.,,89,"As of 4/4/26, 1:00 AM",209,300,"As of 4/4/26, 1:00 AM",302,330
2026-04-04T06:36:19.775066Z,"As of 4/4/26, 1:35 AM",240,432,Data unavailable.,,89,"As of 4/4/26, 1:35 AM",209,300,"As of 4/4/26, 1:35 AM",293,330
2026-04-04T07:06:08.926613Z,"As of 4/4/26, 2:05 AM",242,432,Data unavailable.,,89,"As of 4/4/26, 2:05 AM",208,300,"As of 4/4/26, 2:05 AM",305,330
2026-04-04T07:34:14.308652Z,"As of 4/4/26, 2:30 AM",241,432,Data unavailable.,,89,"As of 4/4/26, 2:30 AM",181,300,"As of 4/4/26, 2:30 AM",305,330
2026-04-04T07:57:49.587969Z,"As of 4/4/26, 2:55 AM",245,432,Data unavailable.,,89,"As of 4/4/26, 2:55 AM",187,300,"As of 4/4/26, 2:55 AM",304,330
2026-04-04T08:17:04.802652Z,"As of 4/4/26, 3:15 AM",249,432,Data unavailable.,,89,"As of 4/4/26, 3:15 AM",185,300,"As of 4/4/26, 3:15 AM",304,330
2026-04-04T08:44:00.724622Z,"As of 4/4/26, 3:40 AM",250,432,Data unavailable.,,89,"As of 4/4/26, 3:40 AM",200,300,"As of 4/4/26, 3:40 AM",331,330
2026-04-04T09:01:19.753154Z,"As of 4/4/26, 4:00 AM",252,432,Data unavailable.,,89,"As of 4/4/26, 4:00 AM",197,300,"As of 4/4/26, 4:00 AM",388,330
2026-04-04T09:24:56.929788Z,"As of 4/4/26, 4:20 AM",268,432,Data unavailable.,,89,"As of 4/4/26, 4:20 AM",201,300,"As of 4/4/26, 4:20 AM",391,330
2026-04-04T09:43:27.133084Z,"As of 4/4/26, 4:40 AM",277,432,Data unavailable.,,89,"As of 4/4/26, 4:40 AM",179,300,"As of 4/4/26, 4:40 AM",388,330
2026-04-04T09:58:37.208302Z,"As of 4/4/26, 4:55 AM",286,432,Data unavailable.,,89,"As of 4/4/26, 4:55 AM",202,300,"As of 4/4/26, 4:55 AM",387,330
2026-04-04T10:15:10.838675Z,"As of 4/4/26, 5:15 AM",298,432,Data unavailable.,,89,"As of 4/4/26, 5:15 AM",198,300,"As of 4/4/26, 5:15 AM",386,330
2026-04-04T10:29:43.710290Z,"As of 4/4/26, 5:25 AM",300,432,Data unavailable.,,89,"As of 4/4/26, 5:25 AM",204,300,"As of 4/4/26, 5:25 AM",389,330
2026-04-04T10:47:58.564075Z,"As of 4/4/26, 5:40 AM",309,432,Data unavailable.,,89,"As of 4/4/26, 5:40 AM",202,300,"As of 4/4/26, 5:40 AM",389,330
2026-04-04T11:06:16.157500Z,"As of 4/4/26, 6:05 AM",312,432,Data unavailable.,,89,"As of 4/4/26, 6:05 AM",205,300,"As of 4/4/26, 6:05 AM",390,330
2026-04-04T11:23:18.037832Z,"As of 4/4/26, 6:20 AM",317,432,Data unavailable.,,89,"As of 4/4/26, 6:20 AM",206,300,"As of 4/4/26, 6:20 AM",390,330
2026-04-04T11:39:56.252489Z,"As of 4/4/26, 6:35 AM",317,432,Data unavailable.,,89,"As of 4/4/26, 6:35 AM",205,300,"As of 4/4/26, 6:35 AM",389,330
2026-04-04T11:51:54.124712Z,"As of 4/4/26, 6:50 AM",320,432,Data unavailable.,,89,"As of 4/4/26, 6:50 AM",206,300,"As of 4/4/26, 6:50 AM",388,330
2026-04-04T12:04:54.664237Z,"As of 4/4/26, 7:00 AM",322,432,Data unavailable.,,89,"As of 4/4/26, 7:00 AM",206,300,"As of 4/4/26, 7:00 AM",389,330
2026-04-04T12:24:40.842259Z,"As of 4/4/26, 7:20 AM",323,432,Data unavailable.,,89,"As of 4/4/26, 7:20 AM",206,300,"As of 4/4/26, 7:20 AM",389,330
2026-04-04T12:45:03.706011Z,"As of 4/4/26, 7:45 AM",324,432,Data unavailable.,,89,"As of 4/4/26, 7:45 AM",206,300,"As of 4/4/26, 7:45 AM",387,330
2026-04-04T13:12:29.027791Z,"As of 4/4/26, 8:10 AM",327,432,Data unavailable.,,89,"As of 4/4/26, 8:10 AM",197,300,"As of 4/4/26, 8:10 AM",387,330
2026-04-04T13:37:00.969634Z,"As of 4/4/26, 8:35 AM",330,432,Data unavailable.,,89,"As of 4/4/26, 8:35 AM",199,300,"As of 4/4/26, 8:35 AM",389,330
2026-04-04T13:59:25.788347Z,"As of 4/4/26, 8:55 AM",331,432,Data unavailable.,,89,"As of 4/4/26, 8:55 AM",19,300,"As of 4/4/26, 8:55 AM",389,330
2026-04-04T15:23:14.395698Z,"As of 4/4/26, 10:20 AM",342,432,Data unavailable.,,89,"As of 4/4/26, 10:20 AM",166,300,"As of 4/4/26, 10:20 AM",389,330
2026-04-04T15:41:47.661843Z,"As of 4/4/26, 10:40 AM",342,432,Data unavailable.,,89,"As of 4/4/26, 10:40 AM",170,300,"As of 4/4/26, 10:40 AM",385,330
2026-04-04T15:54:34.839126Z,"As of 4/4/26, 10:50 AM",343,432,Data unavailable.,,89,"As of 4/4/26, 10:50 AM",175,300,"As of 4/4/26, 10:50 AM",385,330
2026-04-04T16:05:20.062808Z,"As of 4/4/26, 11:05 AM",343,432,Data unavailable.,,89,"As of 4/4/26, 11:05 AM",177,300,"As of 4/4/26, 11:05 AM",386,330
2026-04-04T16:23:30.023252Z,"As of 4/4/26, 11:20 AM",343,432,Data unavailable.,,89,"As of 4/4/26, 11:20 AM",177,300,"As of 4/4/26, 11:20 AM",386,330
2026-04-04T16:43:16.745442Z,"As of 4/4/26, 11:40 AM",345,432,Data unavailable.,,89,"As of 4/4/26, 11:40 AM",191,300,"As of 4/4/26, 11:40 AM",386,330
2026-04-04T16:49:23.767523Z,"As of 4/4/26, 11:45 AM",345,432,Data unavailable.,,89,"As of 4/4/26, 11:45 AM",174,300,"As of 4/4/26, 11:45 AM",386,330
2026-04-04T16:58:21.778417Z,"As of 4/4/26, 11:55 AM",347,432,Data unavailable.,,89,"As of 4/4/26, 11:55 AM",158,300,"As of 4/4/26, 11:55 AM",387,330
2026-04-04T17:14:02.369837Z,"As of 4/4/26, 12:10 PM",347,432,Data unavailable.,,89,"As of 4/4/26, 12:10 PM",189,300,"As of 4/4/26, 12:10 PM",385,330
2026-04-04T17:27:43.317321Z,"As of 4/4/26, 12:25 PM",348,432,Data unavailable.,,89,"As of 4/4/26, 12:25 PM",187,300,"As of 4/4/26, 12:25 PM",385,330
2026-04-04T17:44:20.931874Z,"As of 4/4/26, 12:40 PM",350,432,Data unavailable.,,89,"As of 4/4/26, 12:40 PM",192,300,"As of 4/4/26, 12:40 PM",384,330
2026-04-04T17:57:24.927720Z,"As of 4/4/26, 12:55 PM",349,432,Data unavailable.,,89,"As of 4/4/26, 12:55 PM",193,300,"As of 4/4/26, 12:55 PM",383,330
2026-04-04T18:12:02.058363Z,"As of 4/4/26, 1:10 PM",351,432,Data unavailable.,,89,"As of 4/4/26, 1:10 PM",198,300,"As of 4/4/26, 1:10 PM",384,330
2026-04-04T18:26:22.715158Z,"As of 4/4/26, 1:25 PM",351,432,Data unavailable.,,89,"As of 4/4/26, 1:25 PM",202,300,"As of 4/4/26, 1:25 PM",384,330
2026-04-04T18:45:29.971516Z,"As of 4/4/26, 1:45 PM",351,432,Data unavailable.,,89,"As of 4/4/26, 1:45 PM",201,300,"As of 4/4/26, 1:45 PM",383,330
2026-04-04T19:10:51.369651Z,"As of 4/4/26, 2:10 PM",352,432,Data unavailable.,,89,"As of 4/4/26, 2:10 PM",201,300,"As of 4/4/26, 2:10 PM",383,330
2026-04-04T19:24:16.420269Z,"As of 4/4/26, 2:20 PM",352,432,Data unavailable.,,89,"As of 4/4/26, 2:20 PM",201,300,"As of 4/4/26, 2:20 PM",383,330
2026-04-04T19:40:41.714594Z,"As of 4/4/26, 2:40 PM",352,432,Data unavailable.,,89,"As of 4/4/26, 2:40 PM",204,300,"As of 4/4/26, 2:40 PM",381,330
2026-04-04T19:52:58.212086Z,"As of 4/4/26, 2:50 PM",352,432,Data unavailable.,,89,"As of 4/4/26, 2:50 PM",205,300,"As of 4/4/26, 2:50 PM",380,330
2026-04-04T20:03:21.968561Z,"As of 4/4/26, 3:00 PM",353,432,Data unavailable.,,89,"As of 4/4/26, 3:00 PM",204,300,"As of 4/4/26, 3:00 PM",385,330
2026-04-04T20:22:51.910185Z,"As of 4/4/26, 3:20 PM",353,432,Data unavailable.,,89,"As of 4/4/26, 3:20 PM",203,300,"As of 4/4/26, 3:20 PM",380,330
2026-04-04T20:42:49.196411Z,"As of 4/4/26, 3:40 PM",353,432,Data unavailable.,,89,"As of 4/4/26, 3:40 PM",203,300,"As of 4/4/26, 3:40 PM",378,330
2026-04-04T20:56:20.718093Z,"As of 4/4/26, 3:55 PM",353,432,Data unavailable.,,89,"As of 4/4/26, 3:55 PM",202,300,"As of 4/4/26, 3:55 PM",377,330
2026-04-04T21:07:59.808375Z,"As of 4/4/26, 4:05 PM",353,432,Data unavailable.,,89,"As of 4/4/26, 4:05 PM",202,300,"As of 4/4/26, 4:05 PM",377,330
2026-04-04T21:23:31.878475Z,"As of 4/4/26, 4:20 PM",353,432,Data unavailable.,,89,"As of 4/4/26, 4:20 PM",201,300,"As of 4/4/26, 4:20 PM",377,330
2026-04-04T21:41:20.753490Z,"As of 4/4/26, 4:40 PM",353,432,Data unavailable.,,89,"As of 4/4/26, 4:40 PM",201,300,"As of 4/4/26, 4:40 PM",377,330
2026-04-04T21:54:04.929996Z,"As of 4/4/26, 4:50 PM",353,432,Data unavailable.,,89,"As of 4/4/26, 4:50 PM",201,300,"As of 4/4/26, 4:50 PM",376,330
2026-04-04T22:04:19.822804Z,"As of 4/4/26, 5:00 PM",352,432,Data unavailable.,,89,"As of 4/4/26, 5:00 PM",201,300,"As of 4/4/26, 5:00 PM",376,330
2026-04-04T22:23:04.405382Z,"As of 4/4/26, 5:20 PM",352,432,Data unavailable.,,89,"As of 4/4/26, 5:20 PM",201,300,"As of 4/4/26, 5:20 PM",374,330
2026-04-04T22:42:03.931798Z,"As of 4/4/26, 5:40 PM",352,432,Data unavailable.,,89,"As of 4/4/26, 5:40 PM",201,300,"As of 4/4/26, 5:40 PM",372,330
2026-04-04T22:55:31.916250Z,"As of 4/4/26, 5:55 PM",351,432,Data unavailable.,,89,"As of 4/4/26, 5:55 PM",200,300,"As of 4/4/26, 5:55 PM",371,330
2026-04-04T23:06:11.116955Z,"As of 4/4/26, 6:05 PM",351,432,Data unavailable.,,89,"As of 4/4/26, 6:05 PM",201,300,"As of 4/4/26, 6:05 PM",370,330
2026-04-04T23:23:47.411906Z,"As of 4/4/26, 6:20 PM",351,432,Data unavailable.,,89,"As of 4/4/26, 6:20 PM",202,300,"As of 4/4/26, 6:20 PM",369,330
2026-04-04T23:41:18.924008Z,"As of 4/4/26, 6:40 PM",351,432,Data unavailable.,,89,"As of 4/4/26, 6:40 PM",200,300,"As of 4/4/26, 6:40 PM",369,330
2026-04-04T23:54:22.382952Z,"As of 4/4/26, 6:50 PM",351,432,Data unavailable.,,89,"As of 4/4/26, 6:50 PM",201,300,"As of 4/4/26, 6:50 PM",368,330
2026-04-05T00:07:21.303291Z,"As of 4/4/26, 7:05 PM",350,432,Data unavailable.,,89,"As of 4/4/26, 7:05 PM",200,300,"As of 4/4/26, 7:05 PM",368,330
2026-04-05T01:00:08.926514Z,"As of 4/4/26, 8:00 PM",348,432,Data unavailable.,,89,"As of 4/4/26, 8:00 PM",207,300,"As of 4/4/26, 8:00 PM",363,330
2026-04-05T01:41:46.488829Z,"As of 4/4/26, 8:40 PM",348,432,Data unavailable.,,89,"As of 4/4/26, 8:40 PM",208,300,"As of 4/4/26, 8:40 PM",318,330
2026-04-05T02:38:48.983532Z,"As of 4/4/26, 9:35 PM",347,432,Data unavailable.,,89,"As of 4/4/26, 9:35 PM",209,300,"As of 4/4/26, 9:35 PM",308,330
2026-04-05T03:45:54.937124Z,"As of 4/4/26, 10:45 PM",345,432,Data unavailable.,,89,"As of 4/4/26, 10:45 PM",210,300,"As of 4/4/26, 10:45 PM",309,330
2026-04-05T04:47:39.123458Z,"As of 4/4/26, 11:45 PM",343,432,Data unavailable.,,89,"As of 4/4/26, 11:45 PM",209,300,"As of 4/4/26, 11:45 PM",305,330
2026-04-05T05:31:43.709074Z,"As of 4/5/26, 12:30 AM",341,432,Data unavailable.,,89,"As of 4/5/26, 12:30 AM",209,300,"As of 4/5/26, 12:30 AM",305,330
2026-04-05T06:08:39.630125Z,"As of 4/5/26, 1:05 AM",340,432,Data unavailable.,,89,"As of 4/5/26, 1:05 AM",208,300,"As of 4/5/26, 1:05 AM",307,330
2026-04-05T06:39:36.071641Z,"As of 4/5/26, 1:35 AM",338,432,Data unavailable.,,89,"As of 4/5/26, 1:35 AM",207,300,"As of 4/5/26, 1:35 AM",306,330
2026-04-05T07:06:45.414161Z,"As of 4/5/26, 2:05 AM",336,432,Data unavailable.,,89,"As of 4/5/26, 2:05 AM",208,300,"As of 4/5/26, 2:05 AM",307,330
2026-04-05T07:37:10.534739Z,"As of 4/5/26, 2:35 AM",334,432,Data unavailable.,,89,"As of 4/5/26, 2:35 AM",208,300,"As of 4/5/26, 2:35 AM",308,330
2026-04-05T08:00:46.400751Z,"As of 4/5/26, 3:00 AM",332,432,Data unavailable.,,89,"As of 4/5/26, 3:00 AM",208,300,"As of 4/5/26, 3:00 AM",309,330
2026-04-05T08:26:45.591640Z,"As of 4/5/26, 3:25 AM",330,432,Data unavailable.,,89,"As of 4/5/26, 3:25 AM",207,300,"As of 4/5/26, 3:25 AM",308,330
2026-04-05T08:46:04.197850Z,"As of 4/5/26, 3:45 AM",329,432,Data unavailable.,,89,"As of 4/5/26, 3:45 AM",210,300,"As of 4/5/26, 3:45 AM",307,330
2026-04-05T09:12:05.125204Z,"As of 4/5/26, 4:10 AM",327,432,Data unavailable.,,89,"As of 4/5/26, 4:10 AM",209,300,"As of 4/5/26, 4:10 AM",309,330
2026-04-05T09:27:13.325721Z,"As of 4/5/26, 4:25 AM",325,432,Data unavailable.,,89,"As of 4/5/26, 4:25 AM",209,300,"As of 4/5/26, 4:25 AM",310,330
2026-04-05T09:46:09.970755Z,"As of 4/5/26, 4:45 AM",324,432,Data unavailable.,,89,"As of 4/5/26, 4:45 AM",209,300,"As of 4/5/26, 4:45 AM",308,330
2026-04-05T10:07:45.967434Z,"As of 4/5/26, 5:05 AM",322,432,Data unavailable.,,89,"As of 4/5/26, 5:05 AM",207,300,"As of 4/5/26, 5:05 AM",307,330
2026-04-05T10:23:41.902347Z,"As of 4/5/26, 5:20 AM",320,432,Data unavailable.,,89,"As of 4/5/26, 5:20 AM",207,300,"As of 4/5/26, 5:20 AM",308,330
2026-04-05T10:43:11.706462Z,"As of 4/5/26, 5:40 AM",318,432,Data unavailable.,,89,"As of 4/5/26, 5:40 AM",210,300,"As of 4/5/26, 5:40 AM",308,330
2026-04-05T10:58:32.568057Z,"As of 4/5/26, 5:55 AM",317,432,Data unavailable.,,89,"As of 4/5/26, 5:55 AM",209,300,"As of 4/5/26, 5:55 AM",307,330
2026-04-05T11:13:30.383602Z,"As of 4/5/26, 6:10 AM",315,432,Data unavailable.,,89,"As of 4/5/26, 6:10 AM",209,300,"As of 4/5/26, 6:10 AM",306,330
2026-04-05T11:27:07.519203Z,"As of 4/5/26, 6:25 AM",314,432,Data unavailable.,,89,"As of 4/5/26, 6:25 AM",209,300,"As of 4/5/26, 6:25 AM",305,330
2026-04-05T11:41:57.987753Z,"As of 4/5/26, 6:40 AM",313,432,Data unavailable.,,89,"As of 4/5/26, 6:40 AM",207,300,"As of 4/5/26, 6:40 AM",304,330
2026-04-05T11:54:07.394600Z,"As of 4/5/26, 6:50 AM",311,432,Data unavailable.,,89,"As of 4/5/26, 6:50 AM",205,300,"As of 4/5/26, 6:50 AM",305,330
2026-04-05T12:04:55.143496Z,"As of 4/5/26, 7:00 AM",311,432,Data unavailable.,,89,"As of 4/5/26, 7:00 AM",206,300,"As of 4/5/26, 7:00 AM",305,330
2026-04-05T12:25:39.029866Z,"As of 4/5/26, 7:25 AM",308,432,Data unavailable.,,89,"As of 4/5/26, 7:25 AM",205,300,"As of 4/5/26, 7:25 AM",304,330
2026-04-05T12:45:37.821146Z,"As of 4/5/26, 7:45 AM",307,432,Data unavailable.,,89,"As of 4/5/26, 7:45 AM",202,300,"As of 4/5/26, 7:45 AM",304,330
2026-04-05T13:22:36.884216Z,"As of 4/5/26, 8:20 AM",303,432,Data unavailable.,,89,"As of 4/5/26, 8:20 AM",201,300,"As of 4/5/26, 8:20 AM",304,330
2026-04-05T13:46:02.165217Z,"As of 4/5/26, 8:45 AM",301,432,Data unavailable.,,89,"As of 4/5/26, 8:45 AM",190,300,"As of 4/5/26, 8:45 AM",302,330
2026-04-05T14:09:49.362371Z,"As of 4/5/26, 9:05 AM",299,432,Data unavailable.,,89,"As of 4/5/26, 9:05 AM",190,300,"As of 4/5/26, 9:05 AM",302,330
2026-04-05T14:24:19.098660Z,"As of 4/5/26, 9:20 AM",298,432,Data unavailable.,,89,"As of 4/5/26, 9:20 AM",189,300,"As of 4/5/26, 9:20 AM",303,330
2026-04-05T14:43:03.712994Z,"As of 4/5/26, 9:40 AM",296,432,Data unavailable.,,89,"As of 4/5/26, 9:40 AM",189,300,"As of 4/5/26, 9:40 AM",301,330
2026-04-05T14:58:05.956202Z,"As of 4/5/26, 9:55 AM",295,432,Data unavailable.,,89,"As of 4/5/26, 9:55 AM",191,300,"As of 4/5/26, 9:55 AM",302,330
2026-04-05T15:13:33.798435Z,"As of 4/5/26, 10:10 AM",293,432,Data unavailable.,,89,"As of 4/5/26, 10:10 AM",191,300,"As of 4/5/26, 10:10 AM",302,330
2026-04-05T15:28:01.573786Z,"As of 4/5/26, 10:25 AM",292,432,Data unavailable.,,89,"As of 4/5/26, 10:25 AM",190,300,"As of 4/5/26, 10:25 AM",304,330
2026-04-05T15:45:20.012857Z,"As of 4/5/26, 10:45 AM",290,432,Data unavailable.,,89,"As of 4/5/26, 10:45 AM",191,300,"As of 4/5/26, 10:45 AM",305,330
2026-04-05T15:58:11.314888Z,"As of 4/5/26, 10:55 AM",289,432,Data unavailable.,,89,"As of 4/5/26, 10:55 AM",189,300,"As of 4/5/26, 10:55 AM",306,330
2026-04-05T16:13:48.878653Z,"As of 4/5/26, 11:10 AM",288,432,Data unavailable.,,89,"As of 4/5/26, 11:10 AM",189,300,"As of 4/5/26, 11:10 AM",302,330
2026-04-05T16:28:16.055556Z,"As of 4/5/26, 11:25 AM",286,432,Data unavailable.,,89,"As of 4/5/26, 11:25 AM",192,300,"As of 4/5/26, 11:25 AM",302,330
2026-04-05T16:47:43.547613Z,"As of 4/5/26, 11:45 AM",284,432,Data unavailable.,,89,"As of 4/5/26, 11:45 AM",193,300,"As of 4/5/26, 11:45 AM",301,330
2026-04-05T17:07:11.142827Z,"As of 4/5/26, 12:05 PM",282,432,Data unavailable.,,89,"As of 4/5/26, 12:05 PM",194,300,"As of 4/5/26, 12:05 PM",302,330
2026-04-05T17:23:08.674848Z,"As of 4/5/26, 12:20 PM",281,432,Data unavailable.,,89,"As of 4/5/26, 12:20 PM",194,300,"As of 4/5/26, 12:20 PM",304,330
2026-04-05T17:41:58.583730Z,"As of 4/5/26, 12:40 PM",279,432,Data unavailable.,,89,"As of 4/5/26, 12:40 PM",195,300,"As of 4/5/26, 12:40 PM",302,330
2026-04-05T17:55:17.534962Z,"As of 4/5/26, 12:55 PM",278,432,Data unavailable.,,89,"As of 4/5/26, 12:55 PM",197,300,"As of 4/5/26, 12:55 PM",301,330
2026-04-05T18:05:58.406686Z,"As of 4/5/26, 1:05 PM",277,432,Data unavailable.,,89,"As of 4/5/26, 1:05 PM",196,300,"As of 4/5/26, 1:05 PM",300,330
2026-04-05T18:24:28.361040Z,"As of 4/5/26, 1:20 PM",276,432,Data unavailable.,,89,"As of 4/5/26, 1:20 PM",195,300,"As of 4/5/26, 1:20 PM",301,330
2026-04-05T18:44:39.115179Z,"As of 4/5/26, 1:40 PM",274,432,Data unavailable.,,89,"As of 4/5/26, 1:40 PM",194,300,"As of 4/5/26, 1:40 PM",300,330
2026-04-05T19:04:59.409651Z,"As of 4/5/26, 2:00 PM",272,432,Data unavailable.,,89,"As of 4/5/26, 2:00 PM",194,300,"As of 4/5/26, 2:00 PM",298,330
2026-04-05T19:25:11.955165Z,"As of 4/5/26, 2:25 PM",270,432,Data unavailable.,,89,"As of 4/5/26, 2:25 PM",194,300,"As of 4/5/26, 2:25 PM",296,330
2026-04-05T19:41:24.901143Z,"As of 4/5/26, 2:40 PM",270,432,Data unavailable.,,89,"As of 4/5/26, 2:40 PM",192,300,"As of 4/5/26, 2:40 PM",296,330
2026-04-05T19:54:32.106877Z,"As of 4/5/26, 2:50 PM",269,432,Data unavailable.,,89,"As of 4/5/26, 2:50 PM",192,300,"As of 4/5/26, 2:50 PM",295,330
2026-04-05T20:03:42.798540Z,"As of 4/5/26, 3:00 PM",269,432,Data unavailable.,,89,"As of 4/5/26, 3:00 PM",193,300,"As of 4/5/26, 3:00 PM",296,330
2026-04-05T20:23:11.469291Z,"As of 4/5/26, 3:20 PM",267,432,Data unavailable.,,89,"As of 4/5/26, 3:20 PM",193,300,"As of 4/5/26, 3:20 PM",296,330
2026-04-05T20:42:57.275047Z,"As of 4/5/26, 3:40 PM",266,432,Data unavailable.,,89,"As of 4/5/26, 3:40 PM",191,300,"As of 4/5/26, 3:40 PM",296,330
2026-04-05T20:56:57.542469Z,"As of 4/5/26, 3:55 PM",265,432,Data unavailable.,,89,"As of 4/5/26, 3:55 PM",190,300,"As of 4/5/26, 3:55 PM",299,330
2026-04-05T21:09:30.094334Z,"As of 4/5/26, 4:05 PM",264,432,Data unavailable.,,89,"As of 4/5/26, 4:05 PM",189,300,"As of 4/5/26, 4:05 PM",298,330
2026-04-05T21:23:25.573153Z,"As of 4/5/26, 4:20 PM",263,432,Data unavailable.,,89,"As of 4/5/26, 4:20 PM",190,300,"As of 4/5/26, 4:20 PM",302,330
2026-04-05T21:42:05.756262Z,"As of 4/5/26, 4:40 PM",262,432,Data unavailable.,,89,"As of 4/5/26, 4:40 PM",189,300,"As of 4/5/26, 4:40 PM",300,330
2026-04-05T21:54:46.192015Z,"As of 4/5/26, 4:50 PM",260,432,Data unavailable.,,89,"As of 4/5/26, 4:50 PM",187,300,"As of 4/5/26, 4:50 PM",301,330
2026-04-05T22:03:57.335145Z,"As of 4/5/26, 5:00 PM",259,432,Data unavailable.,,89,"As of 4/5/26, 5:00 PM",188,300,"As of 4/5/26, 5:00 PM",300,330
2026-04-05T22:23:05.203825Z,"As of 4/5/26, 5:20 PM",257,432,Data unavailable.,,89,"As of 4/5/26, 5:20 PM",188,300,"As of 4/5/26, 5:20 PM",301,330
2026-04-05T22:42:20.915848Z,"As of 4/5/26, 5:40 PM",255,432,Data unavailable.,,89,"As of 4/5/26, 5:40 PM",189,300,"As of 4/5/26, 5:40 PM",300,330
2026-04-05T22:56:26.895921Z,"As of 4/5/26, 5:55 PM",253,432,Data unavailable.,,89,"As of 4/5/26, 5:55 PM",188,300,"As of 4/5/26, 5:55 PM",300,330
2026-04-05T23:09:06.311416Z,"As of 4/5/26, 6:05 PM",252,432,Data unavailable.,,89,"As of 4/5/26, 6:05 PM",187,300,"As of 4/5/26, 6:05 PM",300,330
2026-04-05T23:23:46.911128Z,"As of 4/5/26, 6:20 PM",244,432,Data unavailable.,,89,"As of 4/5/26, 6:20 PM",187,300,"As of 4/5/26, 6:20 PM",274,330
2026-04-05T23:42:57.621025Z,"As of 4/5/26, 6:40 PM",250,432,Data unavailable.,,89,"As of 4/5/26, 6:40 PM",186,300,"As of 4/5/26, 6:40 PM",295,330
2026-04-05T23:56:29.359882Z,"As of 4/5/26, 6:55 PM",249,432,Data unavailable.,,89,"As of 4/5/26, 6:55 PM",187,300,"As of 4/5/26, 6:55 PM",294,330
2026-04-06T00:23:09.584896Z,"As of 4/5/26, 7:20 PM",247,432,Data unavailable.,,89,"As of 4/5/26, 7:20 PM",185,300,"As of 4/5/26, 7:20 PM",304,330
2026-04-06T01:02:34.074165Z,"As of 4/5/26, 8:00 PM",244,432,Data unavailable.,,89,"As of 4/5/26, 8:00 PM",184,300,"As of 4/5/26, 8:00 PM",303,330
2026-04-06T01:53:06.675128Z,"As of 4/5/26, 8:50 PM",240,432,Data unavailable.,,89,"As of 4/5/26, 8:50 PM",183,300,"As of 4/5/26, 8:50 PM",302,330
2026-04-06T02:59:18.543398Z,"As of 4/5/26, 9:55 PM",234,432,Data unavailable.,,89,"As of 4/5/26, 9:55 PM",184,300,"As of 4/5/26, 9:55 PM",302,330
2026-04-06T04:07:29.992834Z,"As of 4/5/26, 11:05 PM",226,432,Data unavailable.,,89,"As of 4/5/26, 11:05 PM",182,300,"As of 4/5/26, 11:05 PM",296,330
2026-04-06T05:08:44.011822Z,"As of 4/6/26, 12:05 AM",217,432,Data unavailable.,,89,"As of 4/6/26, 12:05 AM",183,300,"As of 4/6/26, 12:05 AM",289,330
2026-04-06T05:54:02.737333Z,"As of 4/6/26, 12:50 AM",215,432,Data unavailable.,,89,"As of 4/6/26, 12:50 AM",181,300,"As of 4/6/26, 12:50 AM",287,330
2026-04-06T06:30:43.548558Z,"As of 4/6/26, 1:30 AM",211,432,Data unavailable.,,89,"As of 4/6/26, 1:30 AM",184,300,"As of 4/6/26, 1:30 AM",281,330
2026-04-06T07:12:33.564392Z,"As of 4/6/26, 2:10 AM",207,432,Data unavailable.,,89,"As of 4/6/26, 2:10 AM",185,300,"As of 4/6/26, 2:10 AM",279,330
2026-04-06T07:54:12.200065Z,"As of 4/6/26, 2:50 AM",202,432,Data unavailable.,,89,"As of 4/6/26, 2:50 AM",183,300,"As of 4/6/26, 2:50 AM",276,330
2026-04-06T08:27:29.192774Z,"As of 4/6/26, 3:25 AM",197,432,Data unavailable.,,89,"As of 4/6/26, 3:25 AM",182,300,"As of 4/6/26, 3:25 AM",275,330
2026-04-06T08:56:38.233410Z,"As of 4/6/26, 3:55 AM",194,432,Data unavailable.,,89,"As of 4/6/26, 3:55 AM",184,300,"As of 4/6/26, 3:55 AM",273,330
2026-04-06T09:29:28.483329Z,"As of 4/6/26, 4:25 AM",190,432,Data unavailable.,,89,"As of 4/6/26, 4:25 AM",185,300,"As of 4/6/26, 4:25 AM",273,330
2026-04-06T09:55:34.002719Z,"As of 4/6/26, 4:55 AM",186,432,Data unavailable.,,89,"As of 4/6/26, 4:55 AM",184,300,"As of 4/6/26, 4:55 AM",272,330
2026-04-06T10:22:08.686241Z,"As of 4/6/26, 5:20 AM",183,432,Data unavailable.,,89,"As of 4/6/26, 5:20 AM",185,300,"As of 4/6/26, 5:20 AM",270,330
2026-04-06T10:46:37.467846Z,"As of 4/6/26, 5:45 AM",180,432,Data unavailable.,,89,"As of 4/6/26, 5:45 AM",184,300,"As of 4/6/26, 5:45 AM",271,330
2026-04-06T11:16:51.092203Z,"As of 4/6/26, 6:15 AM",176,432,Data unavailable.,,89,"As of 4/6/26, 6:15 AM",182,300,"As of 4/6/26, 6:15 AM",273,330
2026-04-06T11:45:04.050801Z,"As of 4/6/26, 6:45 AM",172,432,Data unavailable.,,89,"As of 4/6/26, 6:45 AM",185,300,"As of 4/6/26, 6:45 AM",284,330
2026-04-06T12:32:46.616871Z,"As of 4/6/26, 7:30 AM",167,432,Data unavailable.,,89,"As of 4/6/26, 7:30 AM",182,300,"As of 4/6/26, 7:30 AM",277,330
2026-04-06T13:07:16.356843Z,"As of 4/6/26, 8:05 AM",163,432,Data unavailable.,,89,"As of 4/6/26, 8:05 AM",183,300,"As of 4/6/26, 8:05 AM",282,330
2026-04-06T13:45:29.687065Z,"As of 4/6/26, 8:45 AM",158,432,Data unavailable.,,89,"As of 4/6/26, 8:45 AM",185,300,"As of 4/6/26, 8:45 AM",281,330
2026-04-06T14:18:12.798144Z,"As of 4/6/26, 9:15 AM",158,432,Data unavailable.,,89,"As of 4/6/26, 9:15 AM",185,300,"As of 4/6/26, 9:15 AM",226,330
2026-04-06T14:44:39.385116Z,"As of 4/6/26, 9:40 AM",156,432,Data unavailable.,,89,"As of 4/6/26, 9:40 AM",197,300,"As of 4/6/26, 9:40 AM",227,330
2026-04-06T15:06:20.514309Z,"As of 4/6/26, 10:05 AM",154,432,Data unavailable.,,89,"As of 4/6/26, 10:05 AM",194,300,"As of 4/6/26, 10:05 AM",225,330
2026-04-06T15:30:44.561464Z,"As of 4/6/26, 10:30 AM",152,432,Data unavailable.,,89,"As of 4/6/26, 10:30 AM",194,300,"As of 4/6/26, 10:30 AM",225,330
2026-04-06T16:00:24.132925Z,"As of 4/6/26, 11:00 AM",150,432,Data unavailable.,,89,"As of 4/6/26, 11:00 AM",194,300,"As of 4/6/26, 11:00 AM",227,330
2026-04-06T16:30:06.061440Z,"As of 4/6/26, 11:30 AM",148,432,Data unavailable.,,89,"As of 4/6/26, 11:30 AM",195,300,"As of 4/6/26, 11:30 AM",228,330
2026-04-06T16:51:07.300382Z,"As of 4/6/26, 11:50 AM",146,432,Data unavailable.,,89,"As of 4/6/26, 11:50 AM",195,300,"As of 4/6/26, 11:50 AM",228,330
2026-04-06T17:14:19.852358Z,"As of 4/6/26, 12:10 PM",144,432,Data unavailable.,,89,"As of 4/6/26, 12:10 PM",195,300,"As of 4/6/26, 12:10 PM",227,330
2026-04-06T17:33:05.788219Z,"As of 4/6/26, 12:30 PM",143,432,Data unavailable.,,89,"As of 4/6/26, 12:30 PM",195,300,"As of 4/6/26, 12:30 PM",226,330
2026-04-06T18:01:56.306338Z,"As of 4/6/26, 1:00 PM",140,432,Data unavailable.,,89,"As of 4/6/26, 1:00 PM",195,300,"As of 4/6/26, 1:00 PM",224,330
2026-04-06T18:33:44.079632Z,"As of 4/6/26, 1:30 PM",138,432,Data unavailable.,,89,"As of 4/6/26, 1:30 PM",195,300,"As of 4/6/26, 1:30 PM",222,330
2026-04-06T19:06:26.194264Z,"As of 4/6/26, 2:05 PM",135,432,Data unavailable.,,89,"As of 4/6/26, 2:05 PM",195,300,"As of 4/6/26, 2:05 PM",223,330
2026-04-06T19:36:19.297605Z,"As of 4/6/26, 2:35 PM",133,432,Data unavailable.,,89,"As of 4/6/26, 2:35 PM",195,300,"As of 4/6/26, 2:35 PM",222,330
2026-04-06T19:58:45.965874Z,"As of 4/6/26, 2:55 PM",131,432,Data unavailable.,,89,"As of 4/6/26, 2:55 PM",195,300,"As of 4/6/26, 2:55 PM",222,330
2026-04-06T20:19:36.974695Z,"As of 4/6/26, 3:15 PM",130,432,Data unavailable.,,89,"As of 4/6/26, 3:15 PM",196,300,"As of 4/6/26, 3:15 PM",222,330
2026-04-06T20:43:25.556535Z,"As of 4/6/26, 3:40 PM",128,432,Data unavailable.,,89,"As of 4/6/26, 3:40 PM",195,300,"As of 4/6/26, 3:40 PM",223,330
2026-04-06T20:59:31.036631Z,"As of 4/6/26, 3:55 PM",127,432,Data unavailable.,,89,"As of 4/6/26, 3:55 PM",194,300,"As of 4/6/26, 3:55 PM",223,330
2026-04-06T21:19:46.391894Z,"As of 4/6/26, 4:15 PM",125,432,Data unavailable.,,89,"As of 4/6/26, 4:15 PM",194,300,"As of 4/6/26, 4:15 PM",225,330
2026-04-06T21:43:16.985511Z,"As of 4/6/26, 4:40 PM",123,432,Data unavailable.,,89,"As of 4/6/26, 4:40 PM",194,300,"As of 4/6/26, 4:40 PM",223,330
2026-04-06T21:57:24.712359Z,"As of 4/6/26, 4:55 PM",122,432,Data unavailable.,,89,"As of 4/6/26, 4:55 PM",194,300,"As of 4/6/26, 4:55 PM",223,330
2026-04-06T22:12:59.386862Z,"As of 4/6/26, 5:10 PM",121,432,Data unavailable.,,89,"As of 4/6/26, 5:10 PM",193,300,"As of 4/6/26, 5:10 PM",222,330
2026-04-06T22:27:25.615070Z,"As of 4/6/26, 5:25 PM",120,432,Data unavailable.,,89,"As of 4/6/26, 5:25 PM",193,300,"As of 4/6/26, 5:25 PM",223,330
2026-04-06T22:46:12.170685Z,"As of 4/6/26, 5:45 PM",118,432,Data unavailable.,,89,"As of 4/6/26, 5:45 PM",180,300,"As of 4/6/26, 5:45 PM",223,330
2026-04-06T23:09:18.978160Z,"As of 4/6/26, 6:05 PM",117,432,Data unavailable.,,89,"As of 4/6/26, 6:05 PM",181,300,"As of 4/6/26, 6:05 PM",222,330
2026-04-06T23:24:13.141840Z,"As of 4/6/26, 6:20 PM",115,432,Data unavailable.,,89,"As of 4/6/26, 6:20 PM",179,300,"As of 4/6/26, 6:20 PM",226,330
2026-04-06T23:42:59.308061Z,"As of 4/6/26, 6:40 PM",113,432,Data unavailable.,,89,"As of 4/6/26, 6:40 PM",181,300,"As of 4/6/26, 6:40 PM",227,330
2026-04-06T23:57:07.897028Z,"As of 4/6/26, 6:55 PM",112,432,Data unavailable.,,89,"As of 4/6/26, 6:55 PM",180,300,"As of 4/6/26, 6:55 PM",227,330
2026-04-07T00:31:21.201391Z,"As of 4/6/26, 7:30 PM",109,432,Data unavailable.,,89,"As of 4/6/26, 7:30 PM",182,300,"As of 4/6/26, 7:30 PM",226,330
2026-04-07T01:09:15.688554Z,"As of 4/6/26, 8:05 PM",107,432,Data unavailable.,,89,"As of 4/6/26, 8:05 PM",182,300,"As of 4/6/26, 8:05 PM",227,330
2026-04-07T01:52:58.729499Z,"As of 4/6/26, 8:50 PM",104,432,Data unavailable.,,89,"As of 4/6/26, 8:50 PM",182,300,"As of 4/6/26, 8:50 PM",228,330
2026-04-07T02:58:53.990893Z,"As of 4/6/26, 9:55 PM",98,432,Data unavailable.,,89,"As of 4/6/26, 9:55 PM",179,300,"As of 4/6/26, 9:55 PM",226,330
2026-04-07T04:02:39.698463Z,"As of 4/6/26, 11:00 PM",92,432,Data unavailable.,,89,"As of 4/6/26, 11:00 PM",178,300,"As of 4/6/26, 11:00 PM",240,330
2026-04-07T04:59:54.690477Z,"As of 4/6/26, 11:55 PM",88,432,Data unavailable.,,89,"As of 4/6/26, 11:55 PM",177,300,"As of 4/6/26, 11:55 PM",237,330
2026-04-07T05:41:21.947586Z,"As of 4/7/26, 12:40 AM",84,432,Data unavailable.,,89,"As of 4/7/26, 12:40 AM",177,300,"As of 4/7/26, 12:40 AM",234,330
2026-04-07T06:11:00.201845Z,"As of 4/7/26, 1:10 AM",81,432,Data unavailable.,,89,"As of 4/7/26, 1:10 AM",176,300,"As of 4/7/26, 1:10 AM",230,330
2026-04-07T06:46:24.537567Z,"As of 4/7/26, 1:45 AM",76,432,Data unavailable.,,89,"As of 4/7/26, 1:45 AM",176,300,"As of 4/7/26, 1:45 AM",229,330
2026-04-07T07:28:45.247211Z,"As of 4/7/26, 2:25 AM",72,432,Data unavailable.,,89,"As of 4/7/26, 2:25 AM",176,300,"As of 4/7/26, 2:25 AM",222,330
2026-04-07T07:59:36.440850Z,"As of 4/7/26, 2:55 AM",70,432,Data unavailable.,,89,"As of 4/7/26, 2:55 AM",175,300,"As of 4/7/26, 2:55 AM",223,330
2026-04-07T08:37:32.283091Z,"As of 4/7/26, 3:35 AM",66,432,Data unavailable.,,89,"As of 4/7/26, 3:35 AM",173,300,"As of 4/7/26, 3:35 AM",221,330
2026-04-07T09:06:28.898877Z,"As of 4/7/26, 4:05 AM",63,432,Data unavailable.,,89,"As of 4/7/26, 4:05 AM",172,300,"As of 4/7/26, 4:05 AM",217,330
2026-04-07T09:39:25.029482Z,"As of 4/7/26, 4:35 AM",61,432,Data unavailable.,,89,"As of 4/7/26, 4:35 AM",171,300,"As of 4/7/26, 4:35 AM",219,330
2026-04-07T10:07:11.545256Z,"As of 4/7/26, 5:05 AM",58,432,Data unavailable.,,89,"As of 4/7/26, 5:05 AM",171,300,"As of 4/7/26, 5:05 AM",220,330
2026-04-07T10:35:32.474460Z,"As of 4/7/26, 5:35 AM",56,432,Data unavailable.,,89,"As of 4/7/26, 5:35 AM",169,300,"As of 4/7/26, 5:35 AM",220,330
2026-04-07T11:05:42.968140Z,"As of 4/7/26, 6:05 AM",53,432,Data unavailable.,,89,"As of 4/7/26, 6:05 AM",168,300,"As of 4/7/26, 6:05 AM",221,330
2026-04-07T11:33:20.903407Z,"As of 4/7/26, 6:30 AM",51,432,Data unavailable.,,89,"As of 4/7/26, 6:30 AM",168,300,"As of 4/7/26, 6:30 AM",225,330
2026-04-07T12:00:49.841636Z,"As of 4/7/26, 7:00 AM",48,432,Data unavailable.,,89,"As of 4/7/26, 7:00 AM",168,300,"As of 4/7/26, 7:00 AM",226,330
2026-04-07T12:36:33.308051Z,"As of 4/7/26, 7:35 AM",45,432,Data unavailable.,,89,"As of 4/7/26, 7:35 AM",166,300,"As of 4/7/26, 7:35 AM",230,330
2026-04-07T13:08:10.225424Z,"As of 4/7/26, 8:05 AM",43,432,Data unavailable.,,89,"As of 4/7/26, 8:05 AM",166,300,"As of 4/7/26, 8:05 AM",234,330
2026-04-07T13:51:02.283599Z,"As of 4/7/26, 8:50 AM",39,432,Data unavailable.,,89,"As of 4/7/26, 8:50 AM",165,300,"As of 4/7/26, 8:50 AM",237,330
2026-04-07T14:30:33.631259Z,"As of 4/7/26, 9:30 AM",39,432,Data unavailable.,,89,"As of 4/7/26, 9:30 AM",165,300,"As of 4/7/26, 9:30 AM",167,330
2026-04-07T15:07:23.305162Z,"As of 4/7/26, 10:05 AM",37,432,Data unavailable.,,89,"As of 4/7/26, 10:05 AM",164,300,"As of 4/7/26, 10:05 AM",168,330
2026-04-07T15:44:07.830206Z,"As of 4/7/26, 10:40 AM",36,432,Data unavailable.,,89,"As of 4/7/26, 10:40 AM",164,300,"As of 4/7/26, 10:40 AM",166,330
2026-04-07T16:12:03.074042Z,"As of 4/7/26, 11:10 AM",35,432,Data unavailable.,,89,"As of 4/7/26, 11:10 AM",164,300,"As of 4/7/26, 11:10 AM",167,330
2026-04-07T16:36:26.012045Z,"As of 4/7/26, 11:35 AM",33,432,Data unavailable.,,89,"As of 4/7/26, 11:35 AM",164,300,"As of 4/7/26, 11:35 AM",169,330
2026-04-07T17:06:09.740972Z,"As of 4/7/26, 12:05 PM",32,432,Data unavailable.,,89,"As of 4/7/26, 12:05 PM",170,300,"As of 4/7/26, 12:05 PM",170,330
2026-04-07T17:34:50.586791Z,"As of 4/7/26, 12:30 PM",30,432,Data unavailable.,,89,"As of 4/7/26, 12:30 PM",182,300,"As of 4/7/26, 12:30 PM",168,330
2026-04-07T18:04:43.694510Z,"As of 4/7/26, 1:00 PM",29,432,Data unavailable.,,89,"As of 4/7/26, 1:00 PM",180,300,"As of 4/7/26, 1:00 PM",169,330
2026-04-07T18:33:34.576037Z,"As of 4/7/26, 1:30 PM",28,432,Data unavailable.,,89,"As of 4/7/26, 1:30 PM",179,300,"As of 4/7/26, 1:30 PM",169,330
2026-04-07T19:06:40.996155Z,"As of 4/7/26, 2:05 PM",27,432,Data unavailable.,,89,"As of 4/7/26, 2:05 PM",178,300,"As of 4/7/26, 2:05 PM",160,330
2026-04-07T19:37:06.245711Z,"As of 4/7/26, 2:35 PM",26,432,Data unavailable.,,89,"As of 4/7/26, 2:35 PM",178,300,"As of 4/7/26, 2:35 PM",159,330
2026-04-07T20:00:51.592292Z,"As of 4/7/26, 3:00 PM",26,432,Data unavailable.,,89,"As of 4/7/26, 3:00 PM",177,300,"As of 4/7/26, 3:00 PM",146,330
2026-04-07T20:28:04.342737Z,"As of 4/7/26, 3:25 PM",25,432,Data unavailable.,,89,"As of 4/7/26, 3:25 PM",179,300,"As of 4/7/26, 3:25 PM",147,330
2026-04-07T20:48:30.670146Z,"As of 4/7/26, 3:45 PM",25,432,Data unavailable.,,89,"As of 4/7/26, 3:45 PM",180,300,"As of 4/7/26, 3:45 PM",133,330
2026-04-07T21:13:44.446819Z,"As of 4/7/26, 4:10 PM",25,432,Data unavailable.,,89,"As of 4/7/26, 4:10 PM",179,300,"As of 4/7/26, 4:10 PM",133,330
2026-04-07T21:31:33.851274Z,"As of 4/7/26, 4:30 PM",25,432,Data unavailable.,,89,"As of 4/7/26, 4:30 PM",179,300,"As of 4/7/26, 4:30 PM",133,330
2026-04-07T21:59:04.019922Z,"As of 4/7/26, 4:55 PM",25,432,Data unavailable.,,89,"As of 4/7/26, 4:55 PM",178,300,"As of 4/7/26, 4:55 PM",132,330
2026-04-07T22:19:28.612827Z,"As of 4/7/26, 5:15 PM",24,432,Data unavailable.,,89,"As of 4/7/26, 5:15 PM",177,300,"As of 4/7/26, 5:15 PM",131,330
2026-04-07T22:43:26.506923Z,"As of 4/7/26, 5:40 PM",24,432,Data unavailable.,,89,"As of 4/7/26, 5:40 PM",177,300,"As of 4/7/26, 5:40 PM",130,330
2026-04-07T23:01:06.468456Z,"As of 4/7/26, 6:00 PM",24,432,Data unavailable.,,89,"As of 4/7/26, 6:00 PM",176,300,"As of 4/7/26, 6:00 PM",131,330
2026-04-07T23:25:38.102926Z,"As of 4/7/26, 6:25 PM",24,432,Data unavailable.,,89,"As of 4/7/26, 6:25 PM",175,300,"As of 4/7/26, 6:25 PM",131,330
2026-04-07T23:43:32.686960Z,"As of 4/7/26, 6:40 PM",23,432,Data unavailable.,,89,"As of 4/7/26, 6:40 PM",175,300,"As of 4/7/26, 6:40 PM",132,330
2026-04-07T23:58:39.280032Z,"As of 4/7/26, 6:55 PM",23,432,Data unavailable.,,89,"As of 4/7/26, 6:55 PM",179,300,"As of 4/7/26, 6:55 PM",137,330
2026-04-08T00:48:37.237573Z,"As of 4/7/26, 7:45 PM",23,432,Data unavailable.,,89,"As of 4/7/26, 7:45 PM",179,300,"As of 4/7/26, 7:45 PM",142,330
2026-04-08T01:31:13.678338Z,"As of 4/7/26, 8:30 PM",22,432,Data unavailable.,,89,"As of 4/7/26, 8:30 PM",178,300,"As of 4/7/26, 8:30 PM",142,330
2026-04-08T02:36:31.510528Z,"As of 4/7/26, 9:35 PM",21,432,Data unavailable.,,89,"As of 4/7/26, 9:35 PM",177,300,"As of 4/7/26, 9:35 PM",139,330
2026-04-08T03:43:50.755639Z,"As of 4/7/26, 10:40 PM",20,432,Data unavailable.,,89,"As of 4/7/26, 10:40 PM",175,300,"As of 4/7/26, 10:40 PM",134,330
2026-04-08T04:41:10.014208Z,"As of 4/7/26, 11:40 PM",19,432,Data unavailable.,,89,"As of 4/7/26, 11:40 PM",175,300,"As of 4/7/26, 11:40 PM",90,330
2026-04-08T05:24:42.538666Z,"As of 4/8/26, 12:20 AM",19,432,Data unavailable.,,89,"As of 4/8/26, 12:20 AM",173,300,"As of 4/8/26, 12:20 AM",87,330
2026-04-08T06:01:58.607443Z,"As of 4/8/26, 1:00 AM",19,432,Data unavailable.,,89,"As of 4/8/26, 1:00 AM",173,300,"As of 4/8/26, 1:00 AM",84,330
2026-04-08T06:47:34.310801Z,"As of 4/8/26, 1:45 AM",19,432,Data unavailable.,,89,"As of 4/8/26, 1:45 AM",170,300,"As of 4/8/26, 1:45 AM",82,330
2026-04-08T07:29:18.208145Z,"As of 4/8/26, 2:25 AM",20,432,Data unavailable.,,89,"As of 4/8/26, 2:25 AM",169,300,"As of 4/8/26, 2:25 AM",81,330
2026-04-08T08:01:57.404113Z,"As of 4/8/26, 3:00 AM",20,432,Data unavailable.,,89,"As of 4/8/26, 3:00 AM",167,300,"As of 4/8/26, 3:00 AM",78,330
2026-04-08T08:39:25.570928Z,"As of 4/8/26, 3:35 AM",20,432,Data unavailable.,,89,"As of 4/8/26, 3:35 AM",166,300,"As of 4/8/26, 3:35 AM",75,330
2026-04-08T09:06:25.112884Z,"As of 4/8/26, 4:05 AM",20,432,Data unavailable.,,89,"As of 4/8/26, 4:05 AM",165,300,"As of 4/8/26, 4:05 AM",76,330
2026-04-08T09:39:59.090584Z,"As of 4/8/26, 4:35 AM",20,432,Data unavailable.,,89,"As of 4/8/26, 4:35 AM",169,300,"As of 4/8/26, 4:35 AM",75,330
2026-04-08T10:07:09.015775Z,"As of 4/8/26, 5:05 AM",21,432,Data unavailable.,,89,"As of 4/8/26, 5:05 AM",171,300,"As of 4/8/26, 5:05 AM",74,330
2026-04-08T10:36:30.931564Z,"As of 4/8/26, 5:35 AM",21,432,Data unavailable.,,89,"As of 4/8/26, 5:35 AM",171,300,"As of 4/8/26, 5:35 AM",74,330
2026-04-08T11:05:46.267399Z,"As of 4/8/26, 6:05 AM",21,432,Data unavailable.,,89,"As of 4/8/26, 6:05 AM",169,300,"As of 4/8/26, 6:05 AM",76,330
2026-04-08T11:33:58.275568Z,"As of 4/8/26, 6:30 AM",21,432,Data unavailable.,,89,"As of 4/8/26, 6:30 AM",170,300,"As of 4/8/26, 6:30 AM",4,330
2026-04-08T12:01:34.991142Z,"As of 4/8/26, 7:00 AM",17,432,Data unavailable.,,89,"As of 4/8/26, 7:00 AM",174,300,"As of 4/8/26, 7:00 AM",114,330
2026-04-08T12:36:08.573292Z,"As of 4/8/26, 7:35 AM",19,432,Data unavailable.,,89,"As of 4/8/26, 7:35 AM",171,300,"As of 4/8/26, 7:35 AM",4,330
2026-04-08T13:08:17.017793Z,"As of 4/8/26, 8:05 AM",20,432,Data unavailable.,,89,"As of 4/8/26, 8:05 AM",169,300,"As of 4/8/26, 8:05 AM",4,330
2026-04-08T13:51:06.737161Z,"As of 4/8/26, 8:50 AM",21,432,Data unavailable.,,89,"As of 4/8/26, 8:50 AM",172,300,"As of 4/8/26, 8:50 AM",4,330
2026-04-08T14:31:16.415470Z,"As of 4/8/26, 9:30 AM",21,432,Data unavailable.,,89,"As of 4/8/26, 9:30 AM",171,300,"As of 4/8/26, 9:30 AM",4,330
2026-04-08T15:08:07.428551Z,"As of 4/8/26, 10:05 AM",21,432,Data unavailable.,,89,"As of 4/8/26, 10:05 AM",173,300,"As of 4/8/26, 10:05 AM",4,330
2026-04-08T15:45:30.486950Z,"As of 4/8/26, 10:45 AM",21,432,Data unavailable.,,89,"As of 4/8/26, 10:45 AM",173,300,"As of 4/8/26, 10:45 AM",4,330
2026-04-08T16:14:38.740674Z,"As of 4/8/26, 11:10 AM",22,432,Data unavailable.,,89,"As of 4/8/26, 11:10 AM",170,300,"As of 4/8/26, 11:10 AM",4,330
2026-04-08T16:42:15.480340Z,"As of 4/8/26, 11:40 AM",22,432,Data unavailable.,,89,"As of 4/8/26, 11:40 AM",171,300,"As of 4/8/26, 11:40 AM",4,330
2026-04-08T17:09:25.849191Z,"As of 4/8/26, 12:05 PM",22,432,Data unavailable.,,89,"As of 4/8/26, 12:05 PM",183,300,"As of 4/8/26, 12:05 PM",4,330
2026-04-08T17:38:42.088338Z,"As of 4/8/26, 12:35 PM",22,432,Data unavailable.,,89,"As of 4/8/26, 12:35 PM",183,300,"As of 4/8/26, 12:35 PM",4,330
2026-04-08T18:07:04.051226Z,"As of 4/8/26, 1:05 PM",22,432,Data unavailable.,,89,"As of 4/8/26, 1:05 PM",175,300,"As of 4/8/26, 1:05 PM",4,330
2026-04-08T18:41:50.493937Z,"As of 4/8/26, 1:40 PM",22,432,Data unavailable.,,89,"As of 4/8/26, 1:40 PM",167,300,"As of 4/8/26, 1:40 PM",4,330
2026-04-08T19:10:57.525795Z,"As of 4/8/26, 2:10 PM",23,432,Data unavailable.,,89,"As of 4/8/26, 2:10 PM",164,300,"As of 4/8/26, 2:10 PM",93,330
2026-04-08T19:43:10.196372Z,"As of 4/8/26, 2:40 PM",23,432,Data unavailable.,,89,"As of 4/8/26, 2:40 PM",161,300,"As of 4/8/26, 2:40 PM",94,330
2026-04-08T20:03:33.838633Z,"As of 4/8/26, 3:00 PM",23,432,Data unavailable.,,89,"As of 4/8/26, 3:00 PM",159,300,"As of 4/8/26, 3:00 PM",93,330
2026-04-08T20:26:53.505208Z,"As of 4/8/26, 3:25 PM",23,432,Data unavailable.,,89,"As of 4/8/26, 3:25 PM",156,300,"As of 4/8/26, 3:25 PM",92,330
2026-04-08T20:46:34.750304Z,"As of 4/8/26, 3:45 PM",23,432,Data unavailable.,,89,"As of 4/8/26, 3:45 PM",155,300,"As of 4/8/26, 3:45 PM",92,330
2026-04-08T21:13:21.396284Z,"As of 4/8/26, 4:10 PM",24,432,Data unavailable.,,89,"As of 4/8/26, 4:10 PM",152,300,"As of 4/8/26, 4:10 PM",90,330
2026-04-08T21:31:13.313377Z,"As of 4/8/26, 4:30 PM",24,432,Data unavailable.,,89,"As of 4/8/26, 4:30 PM",152,300,"As of 4/8/26, 4:30 PM",90,330
2026-04-08T21:59:57.323718Z,"As of 4/8/26, 4:55 PM",24,432,Data unavailable.,,89,"As of 4/8/26, 4:55 PM",152,300,"As of 4/8/26, 4:55 PM",89,330
2026-04-08T22:21:20.342445Z,"As of 4/8/26, 5:20 PM",24,432,Data unavailable.,,89,"As of 4/8/26, 5:20 PM",151,300,"As of 4/8/26, 5:20 PM",89,330
2026-04-08T22:43:47.026742Z,"As of 4/8/26, 5:40 PM",24,432,Data unavailable.,,89,"As of 4/8/26, 5:40 PM",149,300,"As of 4/8/26, 5:40 PM",90,330
2026-04-08T23:02:42.337191Z,"As of 4/8/26, 6:00 PM",24,432,Data unavailable.,,89,"As of 4/8/26, 6:00 PM",150,300,"As of 4/8/26, 6:00 PM",90,330
2026-04-08T23:26:40.617726Z,"As of 4/8/26, 6:25 PM",24,432,Data unavailable.,,89,"As of 4/8/26, 6:25 PM",149,300,"As of 4/8/26, 6:25 PM",91,330
2026-04-08T23:45:03.888127Z,"As of 4/8/26, 6:45 PM",24,432,Data unavailable.,,89,"As of 4/8/26, 6:45 PM",148,300,"As of 4/8/26, 6:45 PM",90,330
2026-04-08T23:59:07.495081Z,"As of 4/8/26, 6:55 PM",24,432,Data unavailable.,,89,"As of 4/8/26, 6:55 PM",142,300,"As of 4/8/26, 6:55 PM",91,330
2026-04-09T00:45:59.742037Z,"As of 4/8/26, 7:45 PM",25,432,Data unavailable.,,89,"As of 4/8/26, 7:45 PM",138,300,"As of 4/8/26, 7:45 PM",92,330
2026-04-09T01:31:11.501724Z,"As of 4/8/26, 8:30 PM",25,432,Data unavailable.,,89,"As of 4/8/26, 8:30 PM",143,300,"As of 4/8/26, 8:30 PM",94,330
2026-04-09T02:36:25.743315Z,"As of 4/8/26, 9:35 PM",25,432,Data unavailable.,,89,"As of 4/8/26, 9:35 PM",146,300,"As of 4/8/26, 9:35 PM",94,330
2026-04-09T03:39:57.849060Z,"As of 4/8/26, 10:35 PM",25,432,Data unavailable.,,89,"As of 4/8/26, 10:35 PM",148,300,"As of 4/8/26, 10:35 PM",142,330
2026-04-09T04:36:26.563054Z,"As of 4/8/26, 11:35 PM",23,432,Data unavailable.,,89,"As of 4/8/26, 11:35 PM",150,300,"As of 4/8/26, 11:35 PM",151,330
2026-04-09T05:24:44.998441Z,"As of 4/9/26, 12:20 AM",22,432,Data unavailable.,,89,"As of 4/9/26, 12:20 AM",150,300,"As of 4/9/26, 12:20 AM",147,330
2026-04-09T06:01:36.955907Z,"As of 4/9/26, 1:00 AM",20,432,Data unavailable.,,89,"As of 4/9/26, 1:00 AM",149,300,"As of 4/9/26, 1:00 AM",147,330
2026-04-09T06:47:43.866803Z,"As of 4/9/26, 1:45 AM",19,432,Data unavailable.,,89,"As of 4/9/26, 1:45 AM",149,300,"As of 4/9/26, 1:45 AM",141,330
2026-04-09T07:29:14.420566Z,"As of 4/9/26, 2:25 AM",17,432,Data unavailable.,,89,"As of 4/9/26, 2:25 AM",148,300,"As of 4/9/26, 2:25 AM",136,330
2026-04-09T08:04:37.994617Z,"As of 4/9/26, 3:00 AM",16,432,Data unavailable.,,89,"As of 4/9/26, 3:00 AM",147,300,"As of 4/9/26, 3:00 AM",136,330
2026-04-09T08:46:33.705043Z,"As of 4/9/26, 3:45 AM",14,432,Data unavailable.,,89,"As of 4/9/26, 3:45 AM",145,300,"As of 4/9/26, 3:45 AM",131,330
2026-04-09T09:24:33.572669Z,"As of 4/9/26, 4:20 AM",13,432,Data unavailable.,,89,"As of 4/9/26, 4:20 AM",143,300,"As of 4/9/26, 4:20 AM",132,330
2026-04-09T09:54:14.329335Z,"As of 4/9/26, 4:50 AM",11,432,Data unavailable.,,89,"As of 4/9/26, 4:50 AM",140,300,"As of 4/9/26, 4:50 AM",129,330
2026-04-09T10:22:29.755533Z,"As of 4/9/26, 5:20 AM",10,432,Data unavailable.,,89,"As of 4/9/26, 5:20 AM",139,300,"As of 4/9/26, 5:20 AM",129,330
2026-04-09T10:48:48.991019Z,"As of 4/9/26, 5:45 AM",9,432,Data unavailable.,,89,"As of 4/9/26, 5:45 AM",138,300,"As of 4/9/26, 5:45 AM",130,330
2026-04-09T11:19:16.585774Z,"As of 4/9/26, 6:15 AM",8,432,Data unavailable.,,89,"As of 4/9/26, 6:15 AM",136,300,"As of 4/9/26, 6:15 AM",128,330
2026-04-09T11:46:05.157074Z,"As of 4/9/26, 6:45 AM",9,432,Data unavailable.,,89,"As of 4/9/26, 6:45 AM",135,300,"As of 4/9/26, 6:45 AM",73,330
2026-04-09T12:13:27.364725Z,"As of 4/9/26, 7:10 AM",9,432,Data unavailable.,,89,"As of 4/9/26, 7:10 AM",134,300,"As of 4/9/26, 7:10 AM",74,330
2026-04-09T12:41:43.891840Z,"As of 4/9/26, 7:40 AM",9,432,Data unavailable.,,89,"As of 4/9/26, 7:40 AM",133,300,"As of 4/9/26, 7:40 AM",80,330
2026-04-09T13:10:49.458776Z,"As of 4/9/26, 8:10 AM",9,432,Data unavailable.,,89,"As of 4/9/26, 8:10 AM",131,300,"As of 4/9/26, 8:10 AM",83,330
2026-04-09T13:52:09.957003Z,"As of 4/9/26, 8:50 AM",10,432,Data unavailable.,,89,"As of 4/9/26, 8:50 AM",129,300,"As of 4/9/26, 8:50 AM",86,330
2026-04-09T14:33:50.221735Z,"As of 4/9/26, 9:30 AM",10,432,Data unavailable.,,89,"As of 4/9/26, 9:30 AM",129,300,"As of 4/9/26, 9:30 AM",90,330
2026-04-09T15:11:39.628185Z,"As of 4/9/26, 10:10 AM",10,432,Data unavailable.,,89,"As of 4/9/26, 10:10 AM",128,300,"As of 4/9/26, 10:10 AM",89,330
2026-04-09T15:50:03.839154Z,"As of 4/9/26, 10:50 AM",10,432,Data unavailable.,,89,"As of 4/9/26, 10:50 AM",128,300,"As of 4/9/26, 10:50 AM",89,330
2026-04-09T16:25:17.325687Z,"As of 4/9/26, 11:25 AM",11,432,Data unavailable.,,89,"As of 4/9/26, 11:25 AM",128,300,"As of 4/9/26, 11:25 AM",92,330
2026-04-09T16:51:46.002512Z,"As of 4/9/26, 11:50 AM",11,432,Data unavailable.,,89,"As of 4/9/26, 11:50 AM",129,300,"As of 4/9/26, 11:50 AM",89,330
2026-04-09T17:22:50.249858Z,"As of 4/9/26, 12:20 PM",11,432,Data unavailable.,,89,"As of 4/9/26, 12:20 PM",130,300,"As of 4/9/26, 12:20 PM",89,330
2026-04-09T17:48:05.076996Z,"As of 4/9/26, 12:45 PM",11,432,Data unavailable.,,89,"As of 4/9/26, 12:45 PM",130,300,"As of 4/9/26, 12:45 PM",86,330
2026-04-09T18:16:56.903769Z,"As of 4/9/26, 1:15 PM",11,432,Data unavailable.,,89,"As of 4/9/26, 1:15 PM",131,300,"As of 4/9/26, 1:15 PM",88,330
2026-04-09T18:46:31.851403Z,"As of 4/9/26, 1:45 PM",11,432,Data unavailable.,,89,"As of 4/9/26, 1:45 PM",131,300,"As of 4/9/26, 1:45 PM",86,330
2026-04-09T19:25:13.952531Z,"As of 4/9/26, 2:25 PM",12,432,Data unavailable.,,89,"As of 4/9/26, 2:25 PM",132,300,"As of 4/9/26, 2:25 PM",86,330
2026-04-09T19:51:31.842897Z,"As of 4/9/26, 2:50 PM",12,432,Data unavailable.,,89,"As of 4/9/26, 2:50 PM",132,300,"As of 4/9/26, 2:50 PM",86,330
2026-04-09T20:14:16.133479Z,"As of 4/9/26, 3:10 PM",12,432,Data unavailable.,,89,"As of 4/9/26, 3:10 PM",132,300,"As of 4/9/26, 3:10 PM",85,330
2026-04-09T20:34:15.808566Z,"As of 4/9/26, 3:30 PM",12,432,Data unavailable.,,89,"As of 4/9/26, 3:30 PM",133,300,"As of 4/9/26, 3:30 PM",85,330
2026-04-09T21:01:43.454200Z,"As of 4/9/26, 4:00 PM",12,432,Data unavailable.,,89,"As of 4/9/26, 4:00 PM",133,300,"As of 4/9/26, 4:00 PM",86,330
2026-04-09T21:30:37.626323Z,"As of 4/9/26, 4:30 PM",12,432,Data unavailable.,,89,"As of 4/9/26, 4:30 PM",134,300,"As of 4/9/26, 4:30 PM",83,330
2026-04-09T21:58:22.650558Z,"As of 4/9/26, 4:55 PM",13,432,Data unavailable.,,89,"As of 4/9/26, 4:55 PM",133,300,"As of 4/9/26, 4:55 PM",85,330
2026-04-09T22:18:59.869481Z,"As of 4/9/26, 5:15 PM",13,432,Data unavailable.,,89,"As of 4/9/26, 5:15 PM",134,300,"As of 4/9/26, 5:15 PM",85,330
2026-04-09T22:43:48.111327Z,"As of 4/9/26, 5:40 PM",13,432,Data unavailable.,,89,"As of 4/9/26, 5:40 PM",134,300,"As of 4/9/26, 5:40 PM",84,330
2026-04-09T23:02:53.892332Z,"As of 4/9/26, 6:00 PM",13,432,Data unavailable.,,89,"As of 4/9/26, 6:00 PM",135,300,"As of 4/9/26, 6:00 PM",84,330
2026-04-09T23:27:30.490594Z,"As of 4/9/26, 6:25 PM",13,432,Data unavailable.,,89,"As of 4/9/26, 6:25 PM",135,300,"As of 4/9/26, 6:25 PM",87,330
2026-04-09T23:45:59.778373Z,"As of 4/9/26, 6:45 PM",13,432,Data unavailable.,,89,"As of 4/9/26, 6:45 PM",134,300,"As of 4/9/26, 6:45 PM",85,330
2026-04-10T00:10:26.428521Z,"As of 4/9/26, 7:10 PM",13,432,Data unavailable.,,89,"As of 4/9/26, 7:10 PM",135,300,"As of 4/9/26, 7:10 PM",85,330
2026-04-10T00:58:05.737761Z,"As of 4/9/26, 7:55 PM",14,432,Data unavailable.,,89,"As of 4/9/26, 7:55 PM",135,300,"As of 4/9/26, 7:55 PM",86,330
2026-04-10T01:39:57.078327Z,"As of 4/9/26, 8:35 PM",14,432,Data unavailable.,,89,"As of 4/9/26, 8:35 PM",135,300,"As of 4/9/26, 8:35 PM",87,330
2026-04-10T02:36:46.325423Z,"As of 4/9/26, 9:35 PM",14,432,Data unavailable.,,89,"As of 4/9/26, 9:35 PM",136,300,"As of 4/9/26, 9:35 PM",89,330
2026-04-10T03:50:04.448207Z,"As of 4/9/26, 10:50 PM",14,432,Data unavailable.,,89,"As of 4/9/26, 10:50 PM",136,300,"As of 4/9/26, 10:50 PM",227,330
2026-04-10T04:54:54.237061Z,"As of 4/9/26, 11:50 PM",21,432,Data unavailable.,,89,"As of 4/9/26, 11:50 PM",137,300,"As of 4/9/26, 11:50 PM",277,330
2026-04-10T05:40:14.807537Z,"As of 4/10/26, 12:40 AM",29,432,Data unavailable.,,89,"As of 4/10/26, 12:40 AM",137,300,"As of 4/10/26, 12:40 AM",275,330
2026-04-10T06:18:43.829820Z,"As of 4/10/26, 1:15 AM",39,432,Data unavailable.,,89,"As of 4/10/26, 1:15 AM",138,300,"As of 4/10/26, 1:15 AM",277,330
2026-04-10T07:03:24.374398Z,"As of 4/10/26, 2:00 AM",53,432,Data unavailable.,,89,"As of 4/10/26, 2:00 AM",140,300,"As of 4/10/26, 2:00 AM",277,330
2026-04-10T07:50:57.766798Z,"As of 4/10/26, 2:50 AM",59,432,Data unavailable.,,89,"As of 4/10/26, 2:50 AM",143,300,"As of 4/10/26, 2:50 AM",279,330
2026-04-10T08:26:59.069249Z,"As of 4/10/26, 3:25 AM",60,432,Data unavailable.,,89,"As of 4/10/26, 3:25 AM",147,300,"As of 4/10/26, 3:25 AM",276,330
2026-04-10T08:55:25.035858Z,"As of 4/10/26, 3:55 AM",60,432,Data unavailable.,,89,"As of 4/10/26, 3:55 AM",150,300,"As of 4/10/26, 3:55 AM",281,330
2026-04-10T09:24:14.471412Z,"As of 4/10/26, 4:20 AM",60,432,Data unavailable.,,89,"As of 4/10/26, 4:20 AM",155,300,"As of 4/10/26, 4:20 AM",277,330
2026-04-10T09:51:40.689026Z,"As of 4/10/26, 4:50 AM",59,432,Data unavailable.,,89,"As of 4/10/26, 4:50 AM",160,300,"As of 4/10/26, 4:50 AM",275,330
2026-04-10T10:19:24.347911Z,"As of 4/10/26, 5:15 AM",59,432,Data unavailable.,,89,"As of 4/10/26, 5:15 AM",164,300,"As of 4/10/26, 5:15 AM",249,330
2026-04-10T10:45:46.675490Z,"As of 4/10/26, 5:45 AM",58,432,Data unavailable.,,89,"As of 4/10/26, 5:45 AM",169,300,"As of 4/10/26, 5:45 AM",223,330
2026-04-10T11:16:16.185520Z,"As of 4/10/26, 6:15 AM",57,432,Data unavailable.,,89,"As of 4/10/26, 6:15 AM",174,300,"As of 4/10/26, 6:15 AM",221,330
2026-04-10T11:44:50.639789Z,"As of 4/10/26, 6:40 AM",56,432,Data unavailable.,,89,"As of 4/10/26, 6:40 AM",178,300,"As of 4/10/26, 6:40 AM",228,330
2026-04-10T12:03:06.734500Z,"As of 4/10/26, 7:00 AM",55,432,Data unavailable.,,89,"As of 4/10/26, 7:00 AM",182,300,"As of 4/10/26, 7:00 AM",233,330
2026-04-10T12:32:11.277053Z,"As of 4/10/26, 7:30 AM",54,432,Data unavailable.,,89,"As of 4/10/26, 7:30 AM",161,300,"As of 4/10/26, 7:30 AM",227,330
2026-04-10T13:07:13.103556Z,"As of 4/10/26, 8:05 AM",53,432,Data unavailable.,,89,"As of 4/10/26, 8:05 AM",181,300,"As of 4/10/26, 8:05 AM",225,330
2026-04-10T13:46:35.547128Z,"As of 4/10/26, 8:45 AM",52,432,Data unavailable.,,89,"As of 4/10/26, 8:45 AM",191,300,"As of 4/10/26, 8:45 AM",218,330
2026-04-10T14:21:31.432903Z,"As of 4/10/26, 9:20 AM",51,432,Data unavailable.,,89,"As of 4/10/26, 9:20 AM",194,300,"As of 4/10/26, 9:20 AM",203,330
2026-04-10T14:44:58.327348Z,"As of 4/10/26, 9:40 AM",51,432,Data unavailable.,,89,"As of 4/10/26, 9:40 AM",195,300,"As of 4/10/26, 9:40 AM",135,330
2026-04-10T15:07:01.842249Z,"As of 4/10/26, 10:05 AM",51,432,Data unavailable.,,89,"As of 4/10/26, 10:05 AM",198,300,"As of 4/10/26, 10:05 AM",130,330
2026-04-10T15:31:37.649298Z,"As of 4/10/26, 10:30 AM",52,432,Data unavailable.,,89,"As of 4/10/26, 10:30 AM",200,300,"As of 4/10/26, 10:30 AM",124,330
2026-04-10T16:03:46.708907Z,"As of 4/10/26, 11:00 AM",52,432,Data unavailable.,,89,"As of 4/10/26, 11:00 AM",203,300,"As of 4/10/26, 11:00 AM",121,330
2026-04-10T16:32:19.213545Z,"As of 4/10/26, 11:30 AM",52,432,Data unavailable.,,89,"As of 4/10/26, 11:30 AM",204,300,"As of 4/10/26, 11:30 AM",118,330
2026-04-10T17:03:07.973721Z,"As of 4/10/26, 12:00 PM",53,432,Data unavailable.,,89,"As of 4/10/26, 12:00 PM",207,300,"As of 4/10/26, 12:00 PM",117,330
2026-04-10T17:32:02.542788Z,"As of 4/10/26, 12:30 PM",53,432,Data unavailable.,,89,"As of 4/10/26, 12:30 PM",208,300,"As of 4/10/26, 12:30 PM",116,330
2026-04-10T18:03:48.331394Z,"As of 4/10/26, 1:00 PM",53,432,Data unavailable.,,89,"As of 4/10/26, 1:00 PM",210,300,"As of 4/10/26, 1:00 PM",114,330
2026-04-10T18:31:46.013395Z,"As of 4/10/26, 1:30 PM",54,432,Data unavailable.,,89,"As of 4/10/26, 1:30 PM",211,300,"As of 4/10/26, 1:30 PM",114,330
2026-04-10T19:05:25.893078Z,"As of 4/10/26, 2:05 PM",54,432,Data unavailable.,,89,"As of 4/10/26, 2:05 PM",212,300,"As of 4/10/26, 2:05 PM",112,330
2026-04-10T19:31:09.267262Z,"As of 4/10/26, 2:30 PM",54,432,Data unavailable.,,89,"As of 4/10/26, 2:30 PM",212,300,"As of 4/10/26, 2:30 PM",112,330
2026-04-10T19:56:48.605423Z,"As of 4/10/26, 2:55 PM",54,432,Data unavailable.,,89,"As of 4/10/26, 2:55 PM",213,300,"As of 4/10/26, 2:55 PM",112,330
2026-04-10T20:11:36.006500Z,"As of 4/10/26, 3:10 PM",54,432,Data unavailable.,,89,"As of 4/10/26, 3:10 PM",213,300,"As of 4/10/26, 3:10 PM",111,330
2026-04-10T20:29:05.971406Z,"As of 4/10/26, 3:25 PM",55,432,Data unavailable.,,89,"As of 4/10/26, 3:25 PM",213,300,"As of 4/10/26, 3:25 PM",110,330
2026-04-10T20:49:10.203466Z,"As of 4/10/26, 3:45 PM",55,432,Data unavailable.,,89,"As of 4/10/26, 3:45 PM",213,300,"As of 4/10/26, 3:45 PM",109,330
2026-04-10T21:08:41.162576Z,"As of 4/10/26, 4:05 PM",55,432,Data unavailable.,,89,"As of 4/10/26, 4:05 PM",214,300,"As of 4/10/26, 4:05 PM",108,330
2026-04-10T21:24:06.164743Z,"As of 4/10/26, 4:20 PM",55,432,Data unavailable.,,89,"As of 4/10/26, 4:20 PM",214,300,"As of 4/10/26, 4:20 PM",109,330
2026-04-10T21:43:23.093403Z,"As of 4/10/26, 4:40 PM",56,432,Data unavailable.,,89,"As of 4/10/26, 4:40 PM",214,300,"As of 4/10/26, 4:40 PM",110,330
2026-04-10T21:58:39.948260Z,"As of 4/10/26, 4:55 PM",56,432,Data unavailable.,,89,"As of 4/10/26, 4:55 PM",214,300,"As of 4/10/26, 4:55 PM",109,330
2026-04-10T22:17:37.273379Z,"As of 4/10/26, 5:15 PM",56,432,Data unavailable.,,89,"As of 4/10/26, 5:15 PM",214,300,"As of 4/10/26, 5:15 PM",109,330
2026-04-10T22:43:12.723748Z,"As of 4/10/26, 5:40 PM",56,432,Data unavailable.,,89,"As of 4/10/26, 5:40 PM",215,300,"As of 4/10/26, 5:40 PM",107,330
2026-04-10T22:59:18.905950Z,"As of 4/10/26, 5:55 PM",56,432,Data unavailable.,,89,"As of 4/10/26, 5:55 PM",215,300,"As of 4/10/26, 5:55 PM",107,330
2026-04-10T23:18:39.969046Z,"As of 4/10/26, 6:15 PM",56,432,Data unavailable.,,89,"As of 4/10/26, 6:15 PM",214,300,"As of 4/10/26, 6:15 PM",108,330
2026-04-10T23:43:08.324607Z,"As of 4/10/26, 6:40 PM",57,432,Data unavailable.,,89,"As of 4/10/26, 6:40 PM",214,300,"As of 4/10/26, 6:40 PM",106,330
2026-04-10T23:57:33.560207Z,"As of 4/10/26, 6:55 PM",57,432,Data unavailable.,,89,"As of 4/10/26, 6:55 PM",214,300,"As of 4/10/26, 6:55 PM",107,330
2026-04-11T00:33:57.800972Z,"As of 4/10/26, 7:30 PM",57,432,Data unavailable.,,89,"As of 4/10/26, 7:30 PM",214,300,"As of 4/10/26, 7:30 PM",106,330
2026-04-11T01:09:00.632151Z,"As of 4/10/26, 8:05 PM",57,432,Data unavailable.,,89,"As of 4/10/26, 8:05 PM",213,300,"As of 4/10/26, 8:05 PM",105,330
2026-04-11T01:52:36.781520Z,"As of 4/10/26, 8:50 PM",58,432,Data unavailable.,,89,"As of 4/10/26, 8:50 PM",213,300,"As of 4/10/26, 8:50 PM",105,330
2026-04-11T02:58:09.029322Z,"As of 4/10/26, 9:55 PM",58,432,Data unavailable.,,89,"As of 4/10/26, 9:55 PM",213,300,"As of 4/10/26, 9:55 PM",105,330
2026-04-11T03:53:33.452707Z,"As of 4/10/26, 10:50 PM",57,432,Data unavailable.,,89,"As of 4/10/26, 10:50 PM",212,300,"As of 4/10/26, 10:50 PM",156,330
2026-04-11T04:36:25.500777Z,"As of 4/10/26, 11:35 PM",56,432,Data unavailable.,,89,"As of 4/10/26, 11:35 PM",211,300,"As of 4/10/26, 11:35 PM",160,330
2026-04-11T05:15:17.782709Z,"As of 4/11/26, 12:15 AM",55,432,Data unavailable.,,89,"As of 4/11/26, 12:15 AM",210,300,"As of 4/11/26, 12:15 AM",159,330
2026-04-11T05:44:29.209265Z,"As of 4/11/26, 12:40 AM",54,432,Data unavailable.,,89,"As of 4/11/26, 12:40 AM",210,300,"As of 4/11/26, 12:40 AM",158,330
2026-04-11T06:09:47.140930Z,"As of 4/11/26, 1:05 AM",53,432,Data unavailable.,,89,"As of 4/11/26, 1:05 AM",209,300,"As of 4/11/26, 1:05 AM",157,330
2026-04-11T06:36:59.674357Z,"As of 4/11/26, 1:35 AM",52,432,Data unavailable.,,89,"As of 4/11/26, 1:35 AM",208,300,"As of 4/11/26, 1:35 AM",157,330
2026-04-11T07:06:00.353782Z,"As of 4/11/26, 2:05 AM",50,432,Data unavailable.,,89,"As of 4/11/26, 2:05 AM",207,300,"As of 4/11/26, 2:05 AM",155,330
2026-04-11T07:34:19.998535Z,"As of 4/11/26, 2:30 AM",49,432,Data unavailable.,,89,"As of 4/11/26, 2:30 AM",206,300,"As of 4/11/26, 2:30 AM",155,330
2026-04-11T07:58:10.419626Z,"As of 4/11/26, 2:55 AM",49,432,Data unavailable.,,89,"As of 4/11/26, 2:55 AM",205,300,"As of 4/11/26, 2:55 AM",155,330
2026-04-11T08:18:13.799542Z,"As of 4/11/26, 3:15 AM",48,432,Data unavailable.,,89,"As of 4/11/26, 3:15 AM",193,300,"As of 4/11/26, 3:15 AM",153,330
2026-04-11T08:44:40.544882Z,"As of 4/11/26, 3:40 AM",47,432,Data unavailable.,,89,"As of 4/11/26, 3:40 AM",190,300,"As of 4/11/26, 3:40 AM",152,330
2026-04-11T09:03:41.367848Z,"As of 4/11/26, 4:00 AM",46,432,Data unavailable.,,89,"As of 4/11/26, 4:00 AM",190,300,"As of 4/11/26, 4:00 AM",152,330
2026-04-11T09:27:30.638379Z,"As of 4/11/26, 4:25 AM",45,432,Data unavailable.,,89,"As of 4/11/26, 4:25 AM",189,300,"As of 4/11/26, 4:25 AM",150,330
2026-04-11T09:46:42.568057Z,"As of 4/11/26, 4:45 AM",44,432,Data unavailable.,,89,"As of 4/11/26, 4:45 AM",190,300,"As of 4/11/26, 4:45 AM",153,330
2026-04-11T10:07:50.456302Z,"As of 4/11/26, 5:05 AM",43,432,Data unavailable.,,89,"As of 4/11/26, 5:05 AM",189,300,"As of 4/11/26, 5:05 AM",152,330
2026-04-11T10:23:40.963496Z,"As of 4/11/26, 5:20 AM",43,432,Data unavailable.,,89,"As of 4/11/26, 5:20 AM",189,300,"As of 4/11/26, 5:20 AM",151,330
2026-04-11T10:42:53.119631Z,"As of 4/11/26, 5:40 AM",42,432,Data unavailable.,,89,"As of 4/11/26, 5:40 AM",189,300,"As of 4/11/26, 5:40 AM",151,330
2026-04-11T10:58:53.299412Z,"As of 4/11/26, 5:55 AM",41,432,Data unavailable.,,89,"As of 4/11/26, 5:55 AM",188,300,"As of 4/11/26, 5:55 AM",151,330
2026-04-11T11:14:58.607334Z,"As of 4/11/26, 6:10 AM",41,432,Data unavailable.,,89,"As of 4/11/26, 6:10 AM",187,300,"As of 4/11/26, 6:10 AM",154,330
2026-04-11T11:28:52.808625Z,"As of 4/11/26, 6:25 AM",40,432,Data unavailable.,,89,"As of 4/11/26, 6:25 AM",187,300,"As of 4/11/26, 6:25 AM",153,330
2026-04-11T11:44:02.615506Z,"As of 4/11/26, 6:40 AM",40,432,Data unavailable.,,89,"As of 4/11/26, 6:40 AM",187,300,"As of 4/11/26, 6:40 AM",154,330
2026-04-11T11:55:43.033805Z,"As of 4/11/26, 6:55 AM",39,432,Data unavailable.,,89,"As of 4/11/26, 6:55 AM",186,300,"As of 4/11/26, 6:55 AM",153,330
2026-04-11T12:06:24.640477Z,"As of 4/11/26, 7:05 AM",38,432,Data unavailable.,,89,"As of 4/11/26, 7:05 AM",186,300,"As of 4/11/26, 7:05 AM",154,330
2026-04-11T12:25:41.335469Z,"As of 4/11/26, 7:25 AM",38,432,Data unavailable.,,89,"As of 4/11/26, 7:25 AM",185,300,"As of 4/11/26, 7:25 AM",154,330
2026-04-11T12:45:59.718256Z,"As of 4/11/26, 7:45 AM",37,432,Data unavailable.,,89,"As of 4/11/26, 7:45 AM",184,300,"As of 4/11/26, 7:45 AM",157,330
2026-04-11T13:22:35.416356Z,"As of 4/11/26, 8:20 AM",35,432,Data unavailable.,,89,"As of 4/11/26, 8:20 AM",191,300,"As of 4/11/26, 8:20 AM",160,330
2026-04-11T13:46:18.158497Z,"As of 4/11/26, 8:45 AM",34,432,Data unavailable.,,89,"As of 4/11/26, 8:45 AM",189,300,"As of 4/11/26, 8:45 AM",161,330
2026-04-11T14:10:09.126488Z,"As of 4/11/26, 9:10 AM",33,432,Data unavailable.,,89,"As of 4/11/26, 9:10 AM",188,300,"As of 4/11/26, 9:10 AM",163,330
2026-04-11T14:25:08.238237Z,"As of 4/11/26, 9:25 AM",33,432,Data unavailable.,,89,"As of 4/11/26, 9:25 AM",188,300,"As of 4/11/26, 9:25 AM",165,330
2026-04-11T14:42:55.842718Z,"As of 4/11/26, 9:40 AM",32,432,Data unavailable.,,89,"As of 4/11/26, 9:40 AM",187,300,"As of 4/11/26, 9:40 AM",164,330
2026-04-11T14:58:30.753859Z,"As of 4/11/26, 9:55 AM",31,432,Data unavailable.,,89,"As of 4/11/26, 9:55 AM",186,300,"As of 4/11/26, 9:55 AM",164,330
2026-04-11T15:15:10.436938Z,"As of 4/11/26, 10:15 AM",31,432,Data unavailable.,,89,"As of 4/11/26, 10:15 AM",186,300,"As of 4/11/26, 10:15 AM",166,330
2026-04-11T15:29:56.617593Z,"As of 4/11/26, 10:25 AM",30,432,Data unavailable.,,89,"As of 4/11/26, 10:25 AM",187,300,"As of 4/11/26, 10:25 AM",167,330
2026-04-11T15:46:37.615737Z,"As of 4/11/26, 10:45 AM",29,432,Data unavailable.,,89,"As of 4/11/26, 10:45 AM",185,300,"As of 4/11/26, 10:45 AM",169,330
2026-04-11T16:05:19.690202Z,"As of 4/11/26, 11:05 AM",29,432,Data unavailable.,,89,"As of 4/11/26, 11:05 AM",185,300,"As of 4/11/26, 11:05 AM",168,330
2026-04-11T16:23:53.225049Z,"As of 4/11/26, 11:20 AM",28,432,Data unavailable.,,89,"As of 4/11/26, 11:20 AM",184,300,"As of 4/11/26, 11:20 AM",169,330
2026-04-11T16:43:14.627850Z,"As of 4/11/26, 11:40 AM",27,432,Data unavailable.,,89,"As of 4/11/26, 11:40 AM",182,300,"As of 4/11/26, 11:40 AM",169,330
2026-04-11T16:59:14.969965Z,"As of 4/11/26, 11:55 AM",27,432,Data unavailable.,,89,"As of 4/11/26, 11:55 AM",182,300,"As of 4/11/26, 11:55 AM",168,330
2026-04-11T17:16:21.058371Z,"As of 4/11/26, 12:15 PM",26,432,Data unavailable.,,89,"As of 4/11/26, 12:15 PM",185,300,"As of 4/11/26, 12:15 PM",169,330
2026-04-11T17:41:55.599841Z,"As of 4/11/26, 12:40 PM",25,432,Data unavailable.,,89,"As of 4/11/26, 12:40 PM",184,300,"As of 4/11/26, 12:40 PM",169,330
2026-04-11T17:55:19.405303Z,"As of 4/11/26, 12:55 PM",24,432,Data unavailable.,,89,"As of 4/11/26, 12:55 PM",186,300,"As of 4/11/26, 12:55 PM",171,330
2026-04-11T18:05:42.978124Z,"As of 4/11/26, 1:05 PM",24,432,Data unavailable.,,89,"As of 4/11/26, 1:05 PM",187,300,"As of 4/11/26, 1:05 PM",169,330
2026-04-11T18:24:04.882907Z,"As of 4/11/26, 1:20 PM",23,432,Data unavailable.,,89,"As of 4/11/26, 1:20 PM",186,300,"As of 4/11/26, 1:20 PM",169,330
2026-04-11T18:44:37.047305Z,"As of 4/11/26, 1:40 PM",23,432,Data unavailable.,,89,"As of 4/11/26, 1:40 PM",185,300,"As of 4/11/26, 1:40 PM",169,330
2026-04-11T19:05:19.431399Z,"As of 4/11/26, 2:05 PM",22,432,Data unavailable.,,89,"As of 4/11/26, 2:05 PM",185,300,"As of 4/11/26, 2:05 PM",168,330
2026-04-11T19:25:55.495687Z,"As of 4/11/26, 2:25 PM",21,432,Data unavailable.,,89,"As of 4/11/26, 2:25 PM",184,300,"As of 4/11/26, 2:25 PM",169,330
2026-04-11T19:42:24.837686Z,"As of 4/11/26, 2:40 PM",20,432,Data unavailable.,,89,"As of 4/11/26, 2:40 PM",185,300,"As of 4/11/26, 2:40 PM",169,330
2026-04-11T19:55:52.956127Z,"As of 4/11/26, 2:55 PM",20,432,Data unavailable.,,89,"As of 4/11/26, 2:55 PM",187,300,"As of 4/11/26, 2:55 PM",169,330
2026-04-11T20:05:34.785837Z,"As of 4/11/26, 3:05 PM",19,432,Data unavailable.,,89,"As of 4/11/26, 3:05 PM",187,300,"As of 4/11/26, 3:05 PM",168,330
2026-04-11T20:23:14.014249Z,"As of 4/11/26, 3:20 PM",19,432,Data unavailable.,,89,"As of 4/11/26, 3:20 PM",187,300,"As of 4/11/26, 3:20 PM",167,330
2026-04-11T20:42:52.543083Z,"As of 4/11/26, 3:40 PM",18,432,Data unavailable.,,89,"As of 4/11/26, 3:40 PM",185,300,"As of 4/11/26, 3:40 PM",167,330
2026-04-11T20:57:04.533937Z,"As of 4/11/26, 3:55 PM",17,432,Data unavailable.,,89,"As of 4/11/26, 3:55 PM",185,300,"As of 4/11/26, 3:55 PM",168,330
2026-04-11T21:10:48.194987Z,"As of 4/11/26, 4:10 PM",16,432,Data unavailable.,,89,"As of 4/11/26, 4:10 PM",185,300,"As of 4/11/26, 4:10 PM",166,330
2026-04-11T21:23:56.014149Z,"As of 4/11/26, 4:20 PM",16,432,Data unavailable.,,89,"As of 4/11/26, 4:20 PM",184,300,"As of 4/11/26, 4:20 PM",168,330
2026-04-11T21:42:30.380935Z,"As of 4/11/26, 4:40 PM",15,432,Data unavailable.,,89,"As of 4/11/26, 4:40 PM",184,300,"As of 4/11/26, 4:40 PM",165,330
2026-04-11T21:55:44.682117Z,"As of 4/11/26, 4:55 PM",15,432,Data unavailable.,,89,"As of 4/11/26, 4:55 PM",184,300,"As of 4/11/26, 4:55 PM",164,330
2026-04-11T22:05:29.754672Z,"As of 4/11/26, 5:05 PM",14,432,Data unavailable.,,89,"As of 4/11/26, 5:05 PM",183,300,"As of 4/11/26, 5:05 PM",164,330
2026-04-11T22:23:19.634862Z,"As of 4/11/26, 5:20 PM",14,432,Data unavailable.,,89,"As of 4/11/26, 5:20 PM",183,300,"As of 4/11/26, 5:20 PM",163,330
2026-04-11T22:42:28.382860Z,"As of 4/11/26, 5:40 PM",13,432,Data unavailable.,,89,"As of 4/11/26, 5:40 PM",183,300,"As of 4/11/26, 5:40 PM",163,330
2026-04-11T22:57:12.517271Z,"As of 4/11/26, 5:55 PM",12,432,Data unavailable.,,89,"As of 4/11/26, 5:55 PM",183,300,"As of 4/11/26, 5:55 PM",163,330
2026-04-11T23:11:32.408644Z,"As of 4/11/26, 6:10 PM",11,432,Data unavailable.,,89,"As of 4/11/26, 6:10 PM",183,300,"As of 4/11/26, 6:10 PM",164,330
2026-04-11T23:25:09.252779Z,"As of 4/11/26, 6:25 PM",11,432,Data unavailable.,,89,"As of 4/11/26, 6:25 PM",182,300,"As of 4/11/26, 6:25 PM",162,330
2026-04-11T23:42:58.260822Z,"As of 4/11/26, 6:40 PM",10,432,Data unavailable.,,89,"As of 4/11/26, 6:40 PM",182,300,"As of 4/11/26, 6:40 PM",161,330
2026-04-11T23:56:46.735328Z,"As of 4/11/26, 6:55 PM",9,432,Data unavailable.,,89,"As of 4/11/26, 6:55 PM",182,300,"As of 4/11/26, 6:55 PM",161,330
2026-04-12T00:28:24.134558Z,"As of 4/11/26, 7:25 PM",8,432,Data unavailable.,,89,"As of 4/11/26, 7:25 PM",181,300,"As of 4/11/26, 7:25 PM",159,330
2026-04-12T01:06:42.260581Z,"As of 4/11/26, 8:05 PM",6,432,Data unavailable.,,89,"As of 4/11/26, 8:05 PM",180,300,"As of 4/11/26, 8:05 PM",152,330
2026-04-12T01:53:10.190906Z,"As of 4/11/26, 8:50 PM",5,432,Data unavailable.,,89,"As of 4/11/26, 8:50 PM",179,300,"As of 4/11/26, 8:50 PM",94,330
2026-04-12T02:59:15.299268Z,"As of 4/11/26, 9:55 PM",6,432,Data unavailable.,,89,"As of 4/11/26, 9:55 PM",185,300,"As of 4/11/26, 9:55 PM",94,330
2026-04-12T04:13:11.610331Z,"As of 4/11/26, 11:10 PM",7,432,Data unavailable.,,89,"As of 4/11/26, 11:10 PM",180,300,"As of 4/11/26, 11:10 PM",92,330
2026-04-12T05:09:00.491586Z,"As of 4/12/26, 12:05 AM",7,432,Data unavailable.,,89,"As of 4/12/26, 12:05 AM",176,300,"As of 4/12/26, 12:05 AM",89,330
2026-04-12T05:52:21.359399Z,"As of 4/12/26, 12:50 AM",8,432,Data unavailable.,,89,"As of 4/12/26, 12:50 AM",175,300,"As of 4/12/26, 12:50 AM",88,330
2026-04-12T06:27:22.999037Z,"As of 4/12/26, 1:25 AM",8,432,Data unavailable.,,89,"As of 4/12/26, 1:25 AM",173,300,"As of 4/12/26, 1:25 AM",87,330
2026-04-12T06:56:53.025541Z,"As of 4/12/26, 1:55 AM",8,432,Data unavailable.,,89,"As of 4/12/26, 1:55 AM",172,300,"As of 4/12/26, 1:55 AM",90,330
2026-04-12T07:31:18.105355Z,"As of 4/12/26, 2:30 AM",8,432,Data unavailable.,,89,"As of 4/12/26, 2:30 AM",170,300,"As of 4/12/26, 2:30 AM",88,330
2026-04-12T08:05:37.379738Z,"As of 4/12/26, 3:05 AM",9,432,Data unavailable.,,89,"As of 4/12/26, 3:05 AM",168,300,"As of 4/12/26, 3:05 AM",87,330
2026-04-12T08:29:24.311182Z,"As of 4/12/26, 3:25 AM",9,432,Data unavailable.,,89,"As of 4/12/26, 3:25 AM",167,300,"As of 4/12/26, 3:25 AM",85,330
2026-04-12T08:50:07.807246Z,"As of 4/12/26, 3:50 AM",9,432,Data unavailable.,,89,"As of 4/12/26, 3:50 AM",166,300,"As of 4/12/26, 3:50 AM",80,330
2026-04-12T09:14:06.339584Z,"As of 4/12/26, 4:10 AM",9,432,Data unavailable.,,89,"As of 4/12/26, 4:10 AM",164,300,"As of 4/12/26, 4:10 AM",81,330
2026-04-12T09:33:07.134908Z,"As of 4/12/26, 4:30 AM",9,432,Data unavailable.,,89,"As of 4/12/26, 4:30 AM",163,300,"As of 4/12/26, 4:30 AM",80,330
2026-04-12T10:00:03.156860Z,"As of 4/12/26, 4:55 AM",9,432,Data unavailable.,,89,"As of 4/12/26, 4:55 AM",161,300,"As of 4/12/26, 4:55 AM",79,330
2026-04-12T10:21:08.609272Z,"As of 4/12/26, 5:20 AM",9,432,Data unavailable.,,89,"As of 4/12/26, 5:20 AM",160,300,"As of 4/12/26, 5:20 AM",79,330
2026-04-12T10:43:26.023877Z,"As of 4/12/26, 5:40 AM",10,432,Data unavailable.,,89,"As of 4/12/26, 5:40 AM",158,300,"As of 4/12/26, 5:40 AM",77,330
2026-04-12T11:01:46.662670Z,"As of 4/12/26, 6:00 AM",10,432,Data unavailable.,,89,"As of 4/12/26, 6:00 AM",154,300,"As of 4/12/26, 6:00 AM",79,330
2026-04-12T11:24:11.050130Z,"As of 4/12/26, 6:20 AM",10,432,Data unavailable.,,89,"As of 4/12/26, 6:20 AM",155,300,"As of 4/12/26, 6:20 AM",78,330
2026-04-12T11:42:08.812722Z,"As of 4/12/26, 6:40 AM",10,432,Data unavailable.,,89,"As of 4/12/26, 6:40 AM",153,300,"As of 4/12/26, 6:40 AM",77,330
2026-04-12T11:55:03.978713Z,"As of 4/12/26, 6:55 AM",10,432,Data unavailable.,,89,"As of 4/12/26, 6:55 AM",153,300,"As of 4/12/26, 6:55 AM",78,330
2026-04-12T12:06:10.615896Z,"As of 4/12/26, 7:05 AM",10,432,Data unavailable.,,89,"As of 4/12/26, 7:05 AM",153,300,"As of 4/12/26, 7:05 AM",79,330
2026-04-12T12:27:16.192429Z,"As of 4/12/26, 7:25 AM",10,432,Data unavailable.,,89,"As of 4/12/26, 7:25 AM",150,300,"As of 4/12/26, 7:25 AM",81,330
2026-04-12T12:48:25.318832Z,"As of 4/12/26, 7:45 AM",10,432,Data unavailable.,,89,"As of 4/12/26, 7:45 AM",152,300,"As of 4/12/26, 7:45 AM",80,330
2026-04-12T13:24:04.758066Z,"As of 4/12/26, 8:20 AM",11,432,Data unavailable.,,89,"As of 4/12/26, 8:20 AM",151,300,"As of 4/12/26, 8:20 AM",112,330
2026-04-12T13:49:11.750090Z,"As of 4/12/26, 8:45 AM",12,432,Data unavailable.,,89,"As of 4/12/26, 8:45 AM",150,300,"As of 4/12/26, 8:45 AM",133,330
2026-04-12T14:12:16.151206Z,"As of 4/12/26, 9:10 AM",12,432,Data unavailable.,,89,"As of 4/12/26, 9:10 AM",148,300,"As of 4/12/26, 9:10 AM",134,330
2026-04-12T14:29:09.838445Z,"As of 4/12/26, 9:25 AM",13,432,Data unavailable.,,89,"As of 4/12/26, 9:25 AM",147,300,"As of 4/12/26, 9:25 AM",138,330
2026-04-12T14:48:40.591239Z,"As of 4/12/26, 9:45 AM",12,432,Data unavailable.,,89,"As of 4/12/26, 9:45 AM",147,300,"As of 4/12/26, 9:45 AM",182,330
2026-04-12T15:10:49.021038Z,"As of 4/12/26, 10:10 AM",12,432,Data unavailable.,,89,"As of 4/12/26, 10:10 AM",147,300,"As of 4/12/26, 10:10 AM",190,330
2026-04-12T15:24:54.256661Z,"As of 4/12/26, 10:20 AM",12,432,Data unavailable.,,89,"As of 4/12/26, 10:20 AM",147,300,"As of 4/12/26, 10:20 AM",188,330
2026-04-12T15:42:57.728069Z,"As of 4/12/26, 10:40 AM",13,432,Data unavailable.,,89,"As of 4/12/26, 10:40 AM",148,300,"As of 4/12/26, 10:40 AM",193,330
2026-04-12T15:57:21.112083Z,"As of 4/12/26, 10:55 AM",13,432,Data unavailable.,,89,"As of 4/12/26, 10:55 AM",147,300,"As of 4/12/26, 10:55 AM",196,330
2026-04-12T16:12:57.871612Z,"As of 4/12/26, 11:10 AM",13,432,Data unavailable.,,89,"As of 4/12/26, 11:10 AM",147,300,"As of 4/12/26, 11:10 AM",199,330
2026-04-12T16:27:23.966317Z,"As of 4/12/26, 11:25 AM",14,432,Data unavailable.,,89,"As of 4/12/26, 11:25 AM",148,300,"As of 4/12/26, 11:25 AM",199,330
2026-04-12T16:46:33.802590Z,"As of 4/12/26, 11:45 AM",14,432,Data unavailable.,,89,"As of 4/12/26, 11:45 AM",148,300,"As of 4/12/26, 11:45 AM",198,330
2026-04-12T17:08:58.706560Z,"As of 4/12/26, 12:05 PM",14,432,Data unavailable.,,89,"As of 4/12/26, 12:05 PM",149,300,"As of 4/12/26, 12:05 PM",194,330
2026-04-12T17:24:03.593447Z,"As of 4/12/26, 12:20 PM",15,432,Data unavailable.,,89,"As of 4/12/26, 12:20 PM",149,300,"As of 4/12/26, 12:20 PM",192,330
2026-04-12T17:43:05.055303Z,"As of 4/12/26, 12:40 PM",15,432,Data unavailable.,,89,"As of 4/12/26, 12:40 PM",151,300,"As of 4/12/26, 12:40 PM",185,330
2026-04-12T17:57:54.134573Z,"As of 4/12/26, 12:55 PM",15,432,Data unavailable.,,89,"As of 4/12/26, 12:55 PM",152,300,"As of 4/12/26, 12:55 PM",179,330
2026-04-12T18:17:55.087264Z,"As of 4/12/26, 1:15 PM",15,432,Data unavailable.,,89,"As of 4/12/26, 1:15 PM",151,300,"As of 4/12/26, 1:15 PM",174,330
2026-04-12T18:44:40.123236Z,"As of 4/12/26, 1:40 PM",15,432,Data unavailable.,,89,"As of 4/12/26, 1:40 PM",152,300,"As of 4/12/26, 1:40 PM",164,330
2026-04-12T19:07:24.429697Z,"As of 4/12/26, 2:05 PM",15,432,Data unavailable.,,89,"As of 4/12/26, 2:05 PM",151,300,"As of 4/12/26, 2:05 PM",160,330
2026-04-12T19:28:47.149142Z,"As of 4/12/26, 2:25 PM",15,432,Data unavailable.,,89,"As of 4/12/26, 2:25 PM",151,300,"As of 4/12/26, 2:25 PM",158,330
2026-04-12T19:46:48.247386Z,"As of 4/12/26, 2:45 PM",15,432,Data unavailable.,,89,"As of 4/12/26, 2:45 PM",152,300,"As of 4/12/26, 2:45 PM",155,330
2026-04-12T20:06:11.677787Z,"As of 4/12/26, 3:05 PM",15,432,Data unavailable.,,89,"As of 4/12/26, 3:05 PM",151,300,"As of 4/12/26, 3:05 PM",156,330
2026-04-12T20:23:57.460612Z,"As of 4/12/26, 3:20 PM",15,432,Data unavailable.,,89,"As of 4/12/26, 3:20 PM",151,300,"As of 4/12/26, 3:20 PM",157,330
2026-04-12T20:43:17.906163Z,"As of 4/12/26, 3:40 PM",16,432,Data unavailable.,,89,"As of 4/12/26, 3:40 PM",151,300,"As of 4/12/26, 3:40 PM",153,330
2026-04-12T20:58:30.840543Z,"As of 4/12/26, 3:55 PM",16,432,Data unavailable.,,89,"As of 4/12/26, 3:55 PM",150,300,"As of 4/12/26, 3:55 PM",153,330
2026-04-12T21:15:09.296894Z,"As of 4/12/26, 4:15 PM",16,432,Data unavailable.,,89,"As of 4/12/26, 4:15 PM",149,300,"As of 4/12/26, 4:15 PM",155,330
2026-04-12T21:29:47.635912Z,"As of 4/12/26, 4:25 PM",16,432,Data unavailable.,,89,"As of 4/12/26, 4:25 PM",148,300,"As of 4/12/26, 4:25 PM",156,330
2026-04-12T21:47:35.787318Z,"As of 4/12/26, 4:45 PM",16,432,Data unavailable.,,89,"As of 4/12/26, 4:45 PM",148,300,"As of 4/12/26, 4:45 PM",154,330
2026-04-12T22:05:45.256886Z,"As of 4/12/26, 5:05 PM",16,432,Data unavailable.,,89,"As of 4/12/26, 5:05 PM",148,300,"As of 4/12/26, 5:05 PM",154,330
2026-04-12T22:23:33.244771Z,"As of 4/12/26, 5:20 PM",16,432,Data unavailable.,,89,"As of 4/12/26, 5:20 PM",147,300,"As of 4/12/26, 5:20 PM",156,330
2026-04-12T22:43:10.770263Z,"As of 4/12/26, 5:40 PM",16,432,Data unavailable.,,89,"As of 4/12/26, 5:40 PM",146,300,"As of 4/12/26, 5:40 PM",156,330
2026-04-12T22:58:51.878313Z,"As of 4/12/26, 5:55 PM",16,432,Data unavailable.,,89,"As of 4/12/26, 5:55 PM",146,300,"As of 4/12/26, 5:55 PM",158,330
2026-04-12T23:16:45.670170Z,"As of 4/12/26, 6:15 PM",15,432,Data unavailable.,,89,"As of 4/12/26, 6:15 PM",144,300,"As of 4/12/26, 6:15 PM",176,330
2026-04-12T23:43:00.585419Z,"As of 4/12/26, 6:40 PM",17,432,Data unavailable.,,89,"As of 4/12/26, 6:40 PM",145,300,"As of 4/12/26, 6:40 PM",212,330
2026-04-12T23:57:38.852209Z,"As of 4/12/26, 6:55 PM",18,432,Data unavailable.,,89,"As of 4/12/26, 6:55 PM",144,300,"As of 4/12/26, 6:55 PM",227,330
2026-04-13T00:40:09.105056Z,"As of 4/12/26, 7:40 PM",20,432,Data unavailable.,,89,"As of 4/12/26, 7:40 PM",143,300,"As of 4/12/26, 7:40 PM",241,330
2026-04-13T01:11:15.913598Z,"As of 4/12/26, 8:10 PM",21,432,Data unavailable.,,89,"As of 4/12/26, 8:10 PM",142,300,"As of 4/12/26, 8:10 PM",238,330
2026-04-13T01:54:39.195907Z,"As of 4/12/26, 8:50 PM",23,432,Data unavailable.,,89,"As of 4/12/26, 8:50 PM",141,300,"As of 4/12/26, 8:50 PM",258,330
2026-04-13T02:59:38.323405Z,"As of 4/12/26, 9:55 PM",27,432,Data unavailable.,,89,"As of 4/12/26, 9:55 PM",142,300,"As of 4/12/26, 9:55 PM",282,330
2026-04-13T04:13:16.054513Z,"As of 4/12/26, 11:10 PM",33,432,Data unavailable.,,89,"As of 4/12/26, 11:10 PM",146,300,"As of 4/12/26, 11:10 PM",275,330
2026-04-13T05:21:52.781239Z,"As of 4/13/26, 12:20 AM",36,432,Data unavailable.,,89,"As of 4/13/26, 12:20 AM",151,300,"As of 4/13/26, 12:20 AM",283,330
2026-04-13T06:14:42.670752Z,"As of 4/13/26, 1:10 AM",37,432,Data unavailable.,,89,"As of 4/13/26, 1:10 AM",154,300,"As of 4/13/26, 1:10 AM",279,330
2026-04-13T07:04:32.767322Z,"As of 4/13/26, 2:00 AM",36,432,Data unavailable.,,89,"As of 4/13/26, 2:00 AM",159,300,"As of 4/13/26, 2:00 AM",273,330
2026-04-13T07:53:03.075766Z,"As of 4/13/26, 2:50 AM",34,432,Data unavailable.,,89,"As of 4/13/26, 2:50 AM",164,300,"As of 4/13/26, 2:50 AM",277,330
2026-04-13T08:37:06.676740Z,"As of 4/13/26, 3:35 AM",32,432,Data unavailable.,,89,"As of 4/13/26, 3:35 AM",168,300,"As of 4/13/26, 3:35 AM",269,330
2026-04-13T09:20:25.918550Z,"As of 4/13/26, 4:20 AM",31,432,Data unavailable.,,89,"As of 4/13/26, 4:20 AM",171,300,"As of 4/13/26, 4:20 AM",253,330
2026-04-13T10:06:18.966414Z,"As of 4/13/26, 5:05 AM",29,432,Data unavailable.,,89,"As of 4/13/26, 5:05 AM",173,300,"As of 4/13/26, 5:05 AM",247,330
2026-04-13T10:50:59.480198Z,"As of 4/13/26, 5:50 AM",27,432,Data unavailable.,,89,"As of 4/13/26, 5:50 AM",97,300,"As of 4/13/26, 5:50 AM",245,330
2026-04-13T11:26:37.083781Z,"As of 4/13/26, 6:25 AM",26,432,Data unavailable.,,89,"As of 4/13/26, 6:25 AM",30,300,"As of 4/13/26, 6:25 AM",243,330
2026-04-13T11:54:52.962418Z,"As of 4/13/26, 6:50 AM",25,432,Data unavailable.,,89,"As of 4/13/26, 6:50 AM",30,300,"As of 4/13/26, 6:50 AM",237,330
2026-04-13T12:16:04.941566Z,"As of 4/13/26, 7:15 AM",24,432,Data unavailable.,,89,"As of 4/13/26, 7:15 AM",29,300,"As of 4/13/26, 7:15 AM",238,330
2026-04-13T12:49:42.234903Z,"As of 4/13/26, 7:45 AM",23,432,Data unavailable.,,89,"As of 4/13/26, 7:45 AM",31,300,"As of 4/13/26, 7:45 AM",241,330
2026-04-13T13:29:48.014818Z,"As of 4/13/26, 8:25 AM",22,432,Data unavailable.,,89,"As of 4/13/26, 8:25 AM",33,300,"As of 4/13/26, 8:25 AM",243,330
2026-04-13T14:11:16.462910Z,"As of 4/13/26, 9:10 AM",21,432,Data unavailable.,,89,"As of 4/13/26, 9:10 AM",35,300,"As of 4/13/26, 9:10 AM",230,330
2026-04-13T14:52:41.639522Z,"As of 4/13/26, 9:50 AM",21,432,Data unavailable.,,89,"As of 4/13/26, 9:50 AM",36,300,"As of 4/13/26, 9:50 AM",215,330
2026-04-13T15:26:53.606813Z,"As of 4/13/26, 10:25 AM",20,432,Data unavailable.,,89,"As of 4/13/26, 10:25 AM",38,300,"As of 4/13/26, 10:25 AM",213,330
2026-04-13T15:59:03.046704Z,"As of 4/13/26, 10:55 AM",20,432,Data unavailable.,,89,"As of 4/13/26, 10:55 AM",29,300,"As of 4/13/26, 10:55 AM",213,330
2026-04-13T16:36:18.024369Z,"As of 4/13/26, 11:35 AM",21,432,Data unavailable.,,89,"As of 4/13/26, 11:35 AM",29,300,"As of 4/13/26, 11:35 AM",212,330
2026-04-13T17:06:36.637469Z,"As of 4/13/26, 12:05 PM",23,432,Data unavailable.,,89,"As of 4/13/26, 12:05 PM",29,300,"As of 4/13/26, 12:05 PM",211,330
2026-04-13T17:37:55.311155Z,"As of 4/13/26, 12:35 PM",25,432,Data unavailable.,,89,"As of 4/13/26, 12:35 PM",31,300,"As of 4/13/26, 12:35 PM",211,330
2026-04-13T18:06:36.948189Z,"As of 4/13/26, 1:05 PM",28,432,Data unavailable.,,89,"As of 4/13/26, 1:05 PM",67,300,"As of 4/13/26, 1:05 PM",213,330
2026-04-13T18:41:18.873387Z,"As of 4/13/26, 1:40 PM",29,432,Data unavailable.,,89,"As of 4/13/26, 1:40 PM",67,300,"As of 4/13/26, 1:40 PM",239,330
2026-04-13T19:09:11.163723Z,"As of 4/13/26, 2:05 PM",31,432,Data unavailable.,,89,"As of 4/13/26, 2:05 PM",80,300,"As of 4/13/26, 2:05 PM",240,330
2026-04-13T19:42:23.488072Z,"As of 4/13/26, 2:40 PM",33,432,Data unavailable.,,89,"As of 4/13/26, 2:40 PM",90,300,"As of 4/13/26, 2:40 PM",238,330
2026-04-13T20:09:15.380570Z,"As of 4/13/26, 3:05 PM",34,432,Data unavailable.,,89,"As of 4/13/26, 3:05 PM",100,300,"As of 4/13/26, 3:05 PM",237,330
2026-04-13T20:33:16.749003Z,"As of 4/13/26, 3:30 PM",35,432,Data unavailable.,,89,"As of 4/13/26, 3:30 PM",107,300,"As of 4/13/26, 3:30 PM",236,330
2026-04-13T21:04:55.822710Z,"As of 4/13/26, 4:00 PM",36,432,Data unavailable.,,89,"As of 4/13/26, 4:00 PM",125,300,"As of 4/13/26, 4:00 PM",236,330
2026-04-13T21:30:42.586153Z,"As of 4/13/26, 4:30 PM",36,432,Data unavailable.,,89,"As of 4/13/26, 4:30 PM",133,300,"As of 4/13/26, 4:30 PM",235,330
2026-04-13T22:00:55.092588Z,"As of 4/13/26, 5:00 PM",36,432,Data unavailable.,,89,"As of 4/13/26, 5:00 PM",135,300,"As of 4/13/26, 5:00 PM",234,330
2026-04-13T22:29:37.686953Z,"As of 4/13/26, 5:25 PM",35,432,Data unavailable.,,89,"As of 4/13/26, 5:25 PM",135,300,"As of 4/13/26, 5:25 PM",234,330
2026-04-13T22:50:04.959947Z,"As of 4/13/26, 5:50 PM",34,432,Data unavailable.,,89,"As of 4/13/26, 5:50 PM",136,300,"As of 4/13/26, 5:50 PM",235,330
2026-04-13T23:13:47.317490Z,"As of 4/13/26, 6:10 PM",34,432,Data unavailable.,,89,"As of 4/13/26, 6:10 PM",136,300,"As of 4/13/26, 6:10 PM",236,330
2026-04-13T23:31:03.693293Z,"As of 4/13/26, 6:30 PM",34,432,Data unavailable.,,89,"As of 4/13/26, 6:30 PM",134,300,"As of 4/13/26, 6:30 PM",234,330
2026-04-13T23:59:28.653088Z,"As of 4/13/26, 6:55 PM",34,432,Data unavailable.,,89,"As of 4/13/26, 6:55 PM",151,300,"As of 4/13/26, 6:55 PM",234,330
2026-04-14T00:59:14.391540Z,"As of 4/13/26, 7:55 PM",35,432,Data unavailable.,,89,"As of 4/13/26, 7:55 PM",155,300,"As of 4/13/26, 7:55 PM",247,330
2026-04-14T01:42:18.922062Z,"As of 4/13/26, 8:40 PM",33,432,Data unavailable.,,89,"As of 4/13/26, 8:40 PM",155,300,"As of 4/13/26, 8:40 PM",279,330
2026-04-14T02:39:26.217668Z,"As of 4/13/26, 9:35 PM",30,432,Data unavailable.,,89,"As of 4/13/26, 9:35 PM",160,300,"As of 4/13/26, 9:35 PM",280,330
2026-04-14T03:50:36.867429Z,"As of 4/13/26, 10:50 PM",26,432,Data unavailable.,,89,"As of 4/13/26, 10:50 PM",165,300,"As of 4/13/26, 10:50 PM",278,330
2026-04-14T04:53:36.175388Z,"As of 4/13/26, 11:50 PM",24,432,Data unavailable.,,89,"As of 4/13/26, 11:50 PM",172,300,"As of 4/13/26, 11:50 PM",277,330
2026-04-14T05:39:42.754247Z,"As of 4/14/26, 12:35 AM",22,432,Data unavailable.,,89,"As of 4/14/26, 12:35 AM",169,300,"As of 4/14/26, 12:35 AM",274,330
2026-04-14T06:18:53.896321Z,"As of 4/14/26, 1:15 AM",19,432,Data unavailable.,,89,"As of 4/14/26, 1:15 AM",169,300,"As of 4/14/26, 1:15 AM",275,330
2026-04-14T07:03:34.835030Z,"As of 4/14/26, 2:00 AM",16,432,Data unavailable.,,89,"As of 4/14/26, 2:00 AM",167,300,"As of 4/14/26, 2:00 AM",272,330
2026-04-14T07:51:36.654939Z,"As of 4/14/26, 2:50 AM",20,432,Data unavailable.,,89,"As of 4/14/26, 2:50 AM",166,300,"As of 4/14/26, 2:50 AM",273,330
2026-04-14T08:29:12.151362Z,"As of 4/14/26, 3:25 AM",21,432,Data unavailable.,,89,"As of 4/14/26, 3:25 AM",165,300,"As of 4/14/26, 3:25 AM",278,330
2026-04-14T09:04:24.342615Z,"As of 4/14/26, 4:00 AM",24,432,Data unavailable.,,89,"As of 4/14/26, 4:00 AM",165,300,"As of 4/14/26, 4:00 AM",278,330
2026-04-14T09:47:05.998753Z,"As of 4/14/26, 4:45 AM",28,432,Data unavailable.,,89,"As of 4/14/26, 4:45 AM",169,300,"As of 4/14/26, 4:45 AM",283,330
2026-04-14T10:25:41.384131Z,"As of 4/14/26, 5:25 AM",35,432,Data unavailable.,,89,"As of 4/14/26, 5:25 AM",169,300,"As of 4/14/26, 5:25 AM",280,330
2026-04-14T10:51:00.611950Z,"As of 4/14/26, 5:50 AM",38,432,Data unavailable.,,89,"As of 4/14/26, 5:50 AM",178,300,"As of 4/14/26, 5:50 AM",278,330
2026-04-14T11:21:30.236858Z,"As of 4/14/26, 6:20 AM",41,432,Data unavailable.,,89,"As of 4/14/26, 6:20 AM",181,300,"As of 4/14/26, 6:20 AM",272,330
2026-04-14T11:47:08.531303Z,"As of 4/14/26, 6:45 AM",41,432,Data unavailable.,,89,"As of 4/14/26, 6:45 AM",190,300,"As of 4/14/26, 6:45 AM",275,330
2026-04-14T12:14:35.031243Z,"As of 4/14/26, 7:10 AM",42,432,Data unavailable.,,89,"As of 4/14/26, 7:10 AM",190,300,"As of 4/14/26, 7:10 AM",278,330
2026-04-14T12:41:40.241724Z,"As of 4/14/26, 7:40 AM",42,432,Data unavailable.,,89,"As of 4/14/26, 7:40 AM",194,300,"As of 4/14/26, 7:40 AM",278,330
2026-04-14T13:10:14.436630Z,"As of 4/14/26, 8:10 AM",42,432,Data unavailable.,,89,"As of 4/14/26, 8:10 AM",193,300,"As of 4/14/26, 8:10 AM",257,330
2026-04-14T13:52:08.751423Z,"As of 4/14/26, 8:50 AM",42,432,Data unavailable.,,89,"As of 4/14/26, 8:50 AM",199,300,"As of 4/14/26, 8:50 AM",267,330
2026-04-14T14:32:31.184756Z,"As of 4/14/26, 9:30 AM",41,432,Data unavailable.,,89,"As of 4/14/26, 9:30 AM",192,300,"As of 4/14/26, 9:30 AM",276,330
2026-04-14T15:08:54.088922Z,"As of 4/14/26, 10:05 AM",41,432,Data unavailable.,,89,"As of 4/14/26, 10:05 AM",203,300,"As of 4/14/26, 10:05 AM",273,330
2026-04-14T15:42:59.479614Z,"As of 4/14/26, 10:40 AM",40,432,Data unavailable.,,89,"As of 4/14/26, 10:40 AM",212,300,"As of 4/14/26, 10:40 AM",265,330
2026-04-14T16:10:18.727154Z,"As of 4/14/26, 11:10 AM",38,432,Data unavailable.,,89,"As of 4/14/26, 11:10 AM",216,300,"As of 4/14/26, 11:10 AM",269,330
2026-04-14T16:38:49.496293Z,"As of 4/14/26, 11:35 AM",36,432,Data unavailable.,,89,"As of 4/14/26, 11:35 AM",222,300,"As of 4/14/26, 11:35 AM",268,330
2026-04-14T17:07:09.256506Z,"As of 4/14/26, 12:05 PM",34,432,Data unavailable.,,89,"As of 4/14/26, 12:05 PM",225,300,"As of 4/14/26, 12:05 PM",264,330
2026-04-14T17:39:20.557664Z,"As of 4/14/26, 12:35 PM",32,432,Data unavailable.,,89,"As of 4/14/26, 12:35 PM",216,300,"As of 4/14/26, 12:35 PM",260,330
2026-04-14T18:06:53.711800Z,"As of 4/14/26, 1:05 PM",30,432,Data unavailable.,,89,"As of 4/14/26, 1:05 PM",217,300,"As of 4/14/26, 1:05 PM",260,330
2026-04-14T18:40:29.318323Z,"As of 4/14/26, 1:40 PM",28,432,Data unavailable.,,89,"As of 4/14/26, 1:40 PM",219,300,"As of 4/14/26, 1:40 PM",256,330
2026-04-14T19:07:58.344016Z,"As of 4/14/26, 2:05 PM",26,432,Data unavailable.,,89,"As of 4/14/26, 2:05 PM",210,300,"As of 4/14/26, 2:05 PM",255,330
2026-04-14T19:43:08.726188Z,"As of 4/14/26, 2:40 PM",24,432,Data unavailable.,,89,"As of 4/14/26, 2:40 PM",213,300,"As of 4/14/26, 2:40 PM",251,330
2026-04-14T20:10:01.520179Z,"As of 4/14/26, 3:05 PM",23,432,Data unavailable.,,89,"As of 4/14/26, 3:05 PM",217,300,"As of 4/14/26, 3:05 PM",252,330
2026-04-14T20:32:45.245271Z,"As of 4/14/26, 3:30 PM",22,432,Data unavailable.,,89,"As of 4/14/26, 3:30 PM",217,300,"As of 4/14/26, 3:30 PM",251,330
2026-04-14T21:03:48.155521Z,"As of 4/14/26, 4:00 PM",19,432,Data unavailable.,,89,"As of 4/14/26, 4:00 PM",220,300,"As of 4/14/26, 4:00 PM",247,330
2026-04-14T21:31:41.727963Z,"As of 4/14/26, 4:30 PM",17,432,Data unavailable.,,89,"As of 4/14/26, 4:30 PM",219,300,"As of 4/14/26, 4:30 PM",243,330
2026-04-14T22:02:11.255981Z,"As of 4/14/26, 5:00 PM",15,432,Data unavailable.,,89,"As of 4/14/26, 5:00 PM",221,300,"As of 4/14/26, 5:00 PM",243,330
2026-04-14T22:29:56.559480Z,"As of 4/14/26, 5:25 PM",14,432,Data unavailable.,,89,"As of 4/14/26, 5:25 PM",222,300,"As of 4/14/26, 5:25 PM",242,330
2026-04-14T22:50:38.441671Z,"As of 4/14/26, 5:50 PM",12,432,Data unavailable.,,89,"As of 4/14/26, 5:50 PM",222,300,"As of 4/14/26, 5:50 PM",241,330
2026-04-14T23:14:01.081837Z,"As of 4/14/26, 6:10 PM",11,432,Data unavailable.,,89,"As of 4/14/26, 6:10 PM",222,300,"As of 4/14/26, 6:10 PM",239,330
2026-04-14T23:31:52.693711Z,"As of 4/14/26, 6:30 PM",10,432,Data unavailable.,,89,"As of 4/14/26, 6:30 PM",221,300,"As of 4/14/26, 6:30 PM",241,330
2026-04-14T23:59:27.903961Z,"As of 4/14/26, 6:55 PM",8,432,Data unavailable.,,89,"As of 4/14/26, 6:55 PM",222,300,"As of 4/14/26, 6:55 PM",241,330
2026-04-15T00:59:28.655684Z,"As of 4/14/26, 7:55 PM",12,432,Data unavailable.,,89,"As of 4/14/26, 7:55 PM",222,300,"As of 4/14/26, 7:55 PM",279,330
2026-04-15T01:42:43.152829Z,"As of 4/14/26, 8:40 PM",63,432,Data unavailable.,,89,"As of 4/14/26, 8:40 PM",224,300,"As of 4/14/26, 8:40 PM",286,330
2026-04-15T02:40:04.496971Z,"As of 4/14/26, 9:40 PM",144,432,Data unavailable.,,89,"As of 4/14/26, 9:40 PM",229,300,"As of 4/14/26, 9:40 PM",292,330
2026-04-15T03:50:16.087738Z,"As of 4/14/26, 10:50 PM",204,432,Data unavailable.,,89,"As of 4/14/26, 10:50 PM",240,300,"As of 4/14/26, 10:50 PM",375,330
2026-04-15T04:53:43.848907Z,"As of 4/14/26, 11:50 PM",236,432,Data unavailable.,,89,"As of 4/14/26, 11:50 PM",242,300,"As of 4/14/26, 11:50 PM",383,330
2026-04-15T05:39:53.804166Z,"As of 4/15/26, 12:35 AM",252,432,Data unavailable.,,89,"As of 4/15/26, 12:35 AM",242,300,"As of 4/15/26, 12:35 AM",387,330
2026-04-15T06:19:19.477375Z,"As of 4/15/26, 1:15 AM",266,432,Data unavailable.,,89,"As of 4/15/26, 1:15 AM",239,300,"As of 4/15/26, 1:15 AM",379,330
2026-04-15T07:04:19.607101Z,"As of 4/15/26, 2:00 AM",276,432,Data unavailable.,,89,"As of 4/15/26, 2:00 AM",242,300,"As of 4/15/26, 2:00 AM",383,330
2026-04-15T07:51:29.552263Z,"As of 4/15/26, 2:50 AM",289,432,Data unavailable.,,89,"As of 4/15/26, 2:50 AM",242,300,"As of 4/15/26, 2:50 AM",374,330
2026-04-15T08:29:28.469422Z,"As of 4/15/26, 3:25 AM",295,432,Data unavailable.,,89,"As of 4/15/26, 3:25 AM",242,300,"As of 4/15/26, 3:25 AM",373,330
2026-04-15T09:04:42.872603Z,"As of 4/15/26, 4:00 AM",303,432,Data unavailable.,,89,"As of 4/15/26, 4:00 AM",243,300,"As of 4/15/26, 4:00 AM",379,330
2026-04-15T09:47:08.705471Z,"As of 4/15/26, 4:45 AM",299,432,Data unavailable.,,89,"As of 4/15/26, 4:45 AM",242,300,"As of 4/15/26, 4:45 AM",380,330
2026-04-15T10:25:41.152567Z,"As of 4/15/26, 5:25 AM",311,432,Data unavailable.,,89,"As of 4/15/26, 5:25 AM",240,300,"As of 4/15/26, 5:25 AM",379,330
2026-04-15T10:48:27.286184Z,"As of 4/15/26, 5:45 AM",317,432,Data unavailable.,,89,"As of 4/15/26, 5:45 AM",243,300,"As of 4/15/26, 5:45 AM",379,330
2026-04-15T11:19:51.485413Z,"As of 4/15/26, 6:15 AM",312,432,Data unavailable.,,89,"As of 4/15/26, 6:15 AM",242,300,"As of 4/15/26, 6:15 AM",377,330
2026-04-15T11:46:26.960663Z,"As of 4/15/26, 6:45 AM",313,432,Data unavailable.,,89,"As of 4/15/26, 6:45 AM",239,300,"As of 4/15/26, 6:45 AM",379,330
2026-04-15T12:13:53.708194Z,"As of 4/15/26, 7:10 AM",315,432,Data unavailable.,,89,"As of 4/15/26, 7:10 AM",243,300,"As of 4/15/26, 7:10 AM",381,330
2026-04-15T12:40:21.689096Z,"As of 4/15/26, 7:40 AM",318,432,Data unavailable.,,89,"As of 4/15/26, 7:40 AM",240,300,"As of 4/15/26, 7:40 AM",379,330
2026-04-15T13:08:19.925869Z,"As of 4/15/26, 8:05 AM",320,432,Data unavailable.,,89,"As of 4/15/26, 8:05 AM",240,300,"As of 4/15/26, 8:05 AM",382,330
2026-04-15T13:51:24.833443Z,"As of 4/15/26, 8:50 AM",325,432,Data unavailable.,,89,"As of 4/15/26, 8:50 AM",241,300,"As of 4/15/26, 8:50 AM",381,330
2026-04-15T14:30:31.629792Z,"As of 4/15/26, 9:30 AM",327,432,Data unavailable.,,89,"As of 4/15/26, 9:30 AM",240,300,"As of 4/15/26, 9:30 AM",383,330
2026-04-15T15:07:06.078816Z,"As of 4/15/26, 10:05 AM",328,432,Data unavailable.,,89,"As of 4/15/26, 10:05 AM",241,300,"As of 4/15/26, 10:05 AM",381,330
2026-04-15T15:41:14.558885Z,"As of 4/15/26, 10:40 AM",331,432,Data unavailable.,,89,"As of 4/15/26, 10:40 AM",240,300,"As of 4/15/26, 10:40 AM",385,330
2026-04-15T16:07:45.954766Z,"As of 4/15/26, 11:05 AM",332,432,Data unavailable.,,89,"As of 4/15/26, 11:05 AM",239,300,"As of 4/15/26, 11:05 AM",384,330
2026-04-15T16:36:36.263219Z,"As of 4/15/26, 11:35 AM",333,432,Data unavailable.,,89,"As of 4/15/26, 11:35 AM",240,300,"As of 4/15/26, 11:35 AM",384,330
2026-04-15T17:06:37.131661Z,"As of 4/15/26, 12:05 PM",332,432,Data unavailable.,,89,"As of 4/15/26, 12:05 PM",242,300,"As of 4/15/26, 12:05 PM",382,330
2026-04-15T17:37:52.705878Z,"As of 4/15/26, 12:35 PM",333,432,Data unavailable.,,89,"As of 4/15/26, 12:35 PM",239,300,"As of 4/15/26, 12:35 PM",379,330
2026-04-15T18:06:42.631452Z,"As of 4/15/26, 1:05 PM",334,432,Data unavailable.,,89,"As of 4/15/26, 1:05 PM",240,300,"As of 4/15/26, 1:05 PM",377,330
2026-04-15T18:39:09.142609Z,"As of 4/15/26, 1:35 PM",334,432,Data unavailable.,,89,"As of 4/15/26, 1:35 PM",242,300,"As of 4/15/26, 1:35 PM",375,330
2026-04-15T19:08:19.707996Z,"As of 4/15/26, 2:05 PM",335,432,Data unavailable.,,89,"As of 4/15/26, 2:05 PM",242,300,"As of 4/15/26, 2:05 PM",371,330
2026-04-15T19:43:37.227051Z,"As of 4/15/26, 2:40 PM",334,432,Data unavailable.,,89,"As of 4/15/26, 2:40 PM",240,300,"As of 4/15/26, 2:40 PM",370,330
2026-04-15T20:08:13.549261Z,"As of 4/15/26, 3:05 PM",333,432,Data unavailable.,,89,"As of 4/15/26, 3:05 PM",237,300,"As of 4/15/26, 3:05 PM",369,330
2026-04-15T20:29:20.952293Z,"As of 4/15/26, 3:25 PM",334,432,Data unavailable.,,89,"As of 4/15/26, 3:25 PM",240,300,"As of 4/15/26, 3:25 PM",367,330
2026-04-15T20:50:29.904305Z,"As of 4/15/26, 3:50 PM",334,432,Data unavailable.,,89,"As of 4/15/26, 3:50 PM",239,300,"As of 4/15/26, 3:50 PM",363,330
2026-04-15T21:15:11.301162Z,"As of 4/15/26, 4:15 PM",334,432,Data unavailable.,,89,"As of 4/15/26, 4:15 PM",239,300,"As of 4/15/26, 4:15 PM",358,330
2026-04-15T21:36:44.512168Z,"As of 4/15/26, 4:35 PM",332,432,Data unavailable.,,89,"As of 4/15/26, 4:35 PM",239,300,"As of 4/15/26, 4:35 PM",357,330
2026-04-15T22:02:04.036708Z,"As of 4/15/26, 5:00 PM",332,432,Data unavailable.,,89,"As of 4/15/26, 5:00 PM",239,300,"As of 4/15/26, 5:00 PM",354,330
2026-04-15T22:28:06.088847Z,"As of 4/15/26, 5:25 PM",331,432,Data unavailable.,,89,"As of 4/15/26, 5:25 PM",240,300,"As of 4/15/26, 5:25 PM",354,330
2026-04-15T22:47:46.593713Z,"As of 4/15/26, 5:45 PM",333,432,Data unavailable.,,89,"As of 4/15/26, 5:45 PM",237,300,"As of 4/15/26, 5:45 PM",353,330
2026-04-15T23:13:31.661680Z,"As of 4/15/26, 6:10 PM",331,432,Data unavailable.,,89,"As of 4/15/26, 6:10 PM",239,300,"As of 4/15/26, 6:10 PM",352,330
2026-04-15T23:30:42.797666Z,"As of 4/15/26, 6:30 PM",330,432,Data unavailable.,,89,"As of 4/15/26, 6:30 PM",238,300,"As of 4/15/26, 6:30 PM",352,330
2026-04-15T23:59:38.002535Z,"As of 4/15/26, 6:55 PM",330,432,Data unavailable.,,89,"As of 4/15/26, 6:55 PM",239,300,"As of 4/15/26, 6:55 PM",352,330
2026-04-16T01:00:29.647471Z,"As of 4/15/26, 8:00 PM",329,432,Data unavailable.,,89,"As of 4/15/26, 8:00 PM",236,300,"As of 4/15/26, 8:00 PM",356,330
2026-04-16T01:53:21.930734Z,"As of 4/15/26, 8:50 PM",335,432,Data unavailable.,,89,"As of 4/15/26, 8:50 PM",233,300,"As of 4/15/26, 8:50 PM",383,330
2026-04-16T02:59:28.054589Z,"As of 4/15/26, 9:55 PM",360,432,Data unavailable.,,89,"As of 4/15/26, 9:55 PM",250,300,"As of 4/15/26, 9:55 PM",373,330
2026-04-16T04:09:23.127263Z,"As of 4/15/26, 11:05 PM",384,432,Data unavailable.,,89,"As of 4/15/26, 11:05 PM",243,300,"As of 4/15/26, 11:05 PM",373,330
2026-04-16T05:13:18.113203Z,"As of 4/16/26, 12:10 AM",390,432,Data unavailable.,,89,"As of 4/16/26, 12:10 AM",241,300,"As of 4/16/26, 12:10 AM",390,330
2026-04-16T05:57:33.446696Z,"As of 4/16/26, 12:55 AM",394,432,Data unavailable.,,89,"As of 4/16/26, 12:55 AM",244,300,"As of 4/16/26, 12:55 AM",384,330
2026-04-16T06:43:01.016549Z,"As of 4/16/26, 1:40 AM",397,432,Data unavailable.,,89,"As of 4/16/26, 1:40 AM",241,300,"As of 4/16/26, 1:40 AM",381,330
2026-04-16T07:14:25.171126Z,"As of 4/16/26, 2:10 AM",398,432,Data unavailable.,,89,"As of 4/16/26, 2:10 AM",240,300,"As of 4/16/26, 2:10 AM",382,330
2026-04-16T07:57:05.594218Z,"As of 4/16/26, 2:55 AM",397,432,Data unavailable.,,89,"As of 4/16/26, 2:55 AM",239,300,"As of 4/16/26, 2:55 AM",380,330
2026-04-16T08:36:05.918728Z,"As of 4/16/26, 3:35 AM",396,432,Data unavailable.,,89,"As of 4/16/26, 3:35 AM",236,300,"As of 4/16/26, 3:35 AM",382,330
2026-04-16T09:09:05.696065Z,"As of 4/16/26, 4:05 AM",396,432,Data unavailable.,,89,"As of 4/16/26, 4:05 AM",235,300,"As of 4/16/26, 4:05 AM",379,330
2026-04-16T09:46:35.800567Z,"As of 4/16/26, 4:45 AM",396,432,Data unavailable.,,89,"As of 4/16/26, 4:45 AM",238,300,"As of 4/16/26, 4:45 AM",381,330
2026-04-16T10:25:53.519710Z,"As of 4/16/26, 5:25 AM",395,432,Data unavailable.,,89,"As of 4/16/26, 5:25 AM",244,300,"As of 4/16/26, 5:25 AM",381,330
2026-04-16T10:50:35.996873Z,"As of 4/16/26, 5:50 AM",395,432,Data unavailable.,,89,"As of 4/16/26, 5:50 AM",249,300,"As of 4/16/26, 5:50 AM",378,330
2026-04-16T11:21:09.744811Z,"As of 4/16/26, 6:20 AM",395,432,Data unavailable.,,89,"As of 4/16/26, 6:20 AM",261,300,"As of 4/16/26, 6:20 AM",380,330
2026-04-16T11:47:21.749976Z,"As of 4/16/26, 6:45 AM",395,432,Data unavailable.,,89,"As of 4/16/26, 6:45 AM",265,300,"As of 4/16/26, 6:45 AM",385,330
2026-04-16T12:15:36.201224Z,"As of 4/16/26, 7:15 AM",395,432,Data unavailable.,,89,"As of 4/16/26, 7:15 AM",262,300,"As of 4/16/26, 7:15 AM",385,330
2026-04-16T12:51:14.110874Z,"As of 4/16/26, 7:50 AM",395,432,Data unavailable.,,89,"As of 4/16/26, 7:50 AM",258,300,"As of 4/16/26, 7:50 AM",386,330
2026-04-16T13:30:20.638900Z,"As of 4/16/26, 8:30 AM",395,432,Data unavailable.,,89,"As of 4/16/26, 8:30 AM",254,300,"As of 4/16/26, 8:30 AM",386,330
2026-04-16T14:14:31.430532Z,"As of 4/16/26, 9:10 AM",395,432,Data unavailable.,,89,"As of 4/16/26, 9:10 AM",251,300,"As of 4/16/26, 9:10 AM",375,330
2026-04-16T14:57:55.851426Z,"As of 4/16/26, 9:55 AM",395,432,Data unavailable.,,89,"As of 4/16/26, 9:55 AM",249,300,"As of 4/16/26, 9:55 AM",385,330
2026-04-16T15:37:10.531372Z,"As of 4/16/26, 10:35 AM",394,432,Data unavailable.,,89,"As of 4/16/26, 10:35 AM",247,300,"As of 4/16/26, 10:35 AM",386,330
2026-04-16T16:11:50.048309Z,"As of 4/16/26, 11:10 AM",394,432,Data unavailable.,,89,"As of 4/16/26, 11:10 AM",243,300,"As of 4/16/26, 11:10 AM",386,330
2026-04-16T16:48:17.236485Z,"As of 4/16/26, 11:45 AM",393,432,Data unavailable.,,89,"As of 4/16/26, 11:45 AM",242,300,"As of 4/16/26, 11:45 AM",382,330
2026-04-16T17:27:09.740117Z,"As of 4/16/26, 12:25 PM",392,432,Data unavailable.,,89,"As of 4/16/26, 12:25 PM",240,300,"As of 4/16/26, 12:25 PM",386,330
2026-04-16T17:56:18.528147Z,"As of 4/16/26, 12:55 PM",391,432,Data unavailable.,,89,"As of 4/16/26, 12:55 PM",238,300,"As of 4/16/26, 12:55 PM",384,330
2026-04-16T18:24:08.990617Z,"As of 4/16/26, 1:20 PM",390,432,Data unavailable.,,89,"As of 4/16/26, 1:20 PM",237,300,"As of 4/16/26, 1:20 PM",384,330
2026-04-16T18:49:59.069913Z,"As of 4/16/26, 1:45 PM",390,432,Data unavailable.,,89,"As of 4/16/26, 1:45 PM",233,300,"As of 4/16/26, 1:45 PM",384,330
2026-04-16T19:28:13.483131Z,"As of 4/16/26, 2:25 PM",388,432,Data unavailable.,,89,"As of 4/16/26, 2:25 PM",231,300,"As of 4/16/26, 2:25 PM",383,330
2026-04-16T19:52:18.582896Z,"As of 4/16/26, 2:50 PM",388,432,Data unavailable.,,89,"As of 4/16/26, 2:50 PM",231,300,"As of 4/16/26, 2:50 PM",382,330
2026-04-16T20:12:43.950703Z,"As of 4/16/26, 3:10 PM",389,432,Data unavailable.,,89,"As of 4/16/26, 3:10 PM",232,300,"As of 4/16/26, 3:10 PM",383,330
2026-04-16T20:32:43.824841Z,"As of 4/16/26, 3:30 PM",388,432,Data unavailable.,,89,"As of 4/16/26, 3:30 PM",235,300,"As of 4/16/26, 3:30 PM",384,330
2026-04-16T21:01:40.238837Z,"As of 4/16/26, 4:00 PM",388,432,Data unavailable.,,89,"As of 4/16/26, 4:00 PM",247,300,"As of 4/16/26, 4:00 PM",382,330
2026-04-16T21:29:03.541442Z,"As of 4/16/26, 4:25 PM",387,432,Data unavailable.,,89,"As of 4/16/26, 4:25 PM",245,300,"As of 4/16/26, 4:25 PM",388,330
2026-04-16T21:49:10.391967Z,"As of 4/16/26, 4:45 PM",387,432,Data unavailable.,,89,"As of 4/16/26, 4:45 PM",245,300,"As of 4/16/26, 4:45 PM",383,330
2026-04-16T22:11:36.348358Z,"As of 4/16/26, 5:10 PM",386,432,Data unavailable.,,89,"As of 4/16/26, 5:10 PM",244,300,"As of 4/16/26, 5:10 PM",387,330
2026-04-16T22:26:37.304218Z,"As of 4/16/26, 5:25 PM",386,432,Data unavailable.,,89,"As of 4/16/26, 5:25 PM",243,300,"As of 4/16/26, 5:25 PM",383,330
2026-04-16T22:45:29.897048Z,"As of 4/16/26, 5:45 PM",385,432,Data unavailable.,,89,"As of 4/16/26, 5:45 PM",243,300,"As of 4/16/26, 5:45 PM",383,330
2026-04-16T23:12:23.183967Z,"As of 4/16/26, 6:10 PM",384,432,Data unavailable.,,89,"As of 4/16/26, 6:10 PM",243,300,"As of 4/16/26, 6:10 PM",382,330
2026-04-16T23:28:43.357811Z,"As of 4/16/26, 6:25 PM",383,432,Data unavailable.,,89,"As of 4/16/26, 6:25 PM",242,300,"As of 4/16/26, 6:25 PM",381,330
2026-04-16T23:48:23.604584Z,"As of 4/16/26, 6:45 PM",382,432,Data unavailable.,,89,"As of 4/16/26, 6:45 PM",241,300,"As of 4/16/26, 6:45 PM",380,330
2026-04-17T00:12:46.298477Z,"As of 4/16/26, 7:10 PM",382,432,Data unavailable.,,89,"As of 4/16/26, 7:10 PM",239,300,"As of 4/16/26, 7:10 PM",380,330
2026-04-17T01:03:39.036332Z,"As of 4/16/26, 8:00 PM",380,432,Data unavailable.,,89,"As of 4/16/26, 8:00 PM",237,300,"As of 4/16/26, 8:00 PM",380,330
2026-04-17T01:53:08.607303Z,"As of 4/16/26, 8:50 PM",378,432,Data unavailable.,,89,"As of 4/16/26, 8:50 PM",236,300,"As of 4/16/26, 8:50 PM",382,330
2026-04-17T02:59:04.216329Z,"As of 4/16/26, 9:55 PM",374,432,Data unavailable.,,89,"As of 4/16/26, 9:55 PM",236,300,"As of 4/16/26, 9:55 PM",382,330
2026-04-17T04:08:26.526283Z,"As of 4/16/26, 11:05 PM",371,432,Data unavailable.,,89,"As of 4/16/26, 11:05 PM",231,300,"As of 4/16/26, 11:05 PM",381,330
2026-04-17T05:12:24.389872Z,"As of 4/17/26, 12:10 AM",368,432,Data unavailable.,,89,"As of 4/17/26, 12:10 AM",239,300,"As of 4/17/26, 12:10 AM",379,330
2026-04-17T05:57:09.203155Z,"As of 4/17/26, 12:55 AM",366,432,Data unavailable.,,89,"As of 4/17/26, 12:55 AM",236,300,"As of 4/17/26, 12:55 AM",381,330
2026-04-17T06:40:54.836721Z,"As of 4/17/26, 1:40 AM",367,432,Data unavailable.,,89,"As of 4/17/26, 1:40 AM",233,300,"As of 4/17/26, 1:40 AM",378,330
2026-04-17T07:13:03.781981Z,"As of 4/17/26, 2:10 AM",368,432,Data unavailable.,,89,"As of 4/17/26, 2:10 AM",232,300,"As of 4/17/26, 2:10 AM",383,330
2026-04-17T07:55:12.495229Z,"As of 4/17/26, 2:55 AM",367,432,Data unavailable.,,89,"As of 4/17/26, 2:55 AM",231,300,"As of 4/17/26, 2:55 AM",381,330
2026-04-17T08:29:09.608046Z,"As of 4/17/26, 3:25 AM",365,432,Data unavailable.,,89,"As of 4/17/26, 3:25 AM",229,300,"As of 4/17/26, 3:25 AM",380,330
2026-04-17T09:03:39.252182Z,"As of 4/17/26, 4:00 AM",362,432,Data unavailable.,,89,"As of 4/17/26, 4:00 AM",229,300,"As of 4/17/26, 4:00 AM",378,330
2026-04-17T09:45:36.610727Z,"As of 4/17/26, 4:45 AM",359,432,Data unavailable.,,89,"As of 4/17/26, 4:45 AM",237,300,"As of 4/17/26, 4:45 AM",383,330
2026-04-17T10:23:42.388710Z,"As of 4/17/26, 5:20 AM",356,432,Data unavailable.,,89,"As of 4/17/26, 5:20 AM",235,300,"As of 4/17/26, 5:20 AM",380,330
2026-04-17T10:46:04.684274Z,"As of 4/17/26, 5:45 AM",354,432,Data unavailable.,,89,"As of 4/17/26, 5:45 AM",235,300,"As of 4/17/26, 5:45 AM",382,330
2026-04-17T11:17:04.354617Z,"As of 4/17/26, 6:15 AM",352,432,Data unavailable.,,89,"As of 4/17/26, 6:15 AM",235,300,"As of 4/17/26, 6:15 AM",384,330
2026-04-17T11:45:19.935887Z,"As of 4/17/26, 6:45 AM",350,432,Data unavailable.,,89,"As of 4/17/26, 6:45 AM",236,300,"As of 4/17/26, 6:45 AM",381,330
2026-04-17T12:05:44.269964Z,"As of 4/17/26, 7:05 AM",349,432,Data unavailable.,,89,"As of 4/17/26, 7:05 AM",235,300,"As of 4/17/26, 7:05 AM",384,330
2026-04-17T12:37:04.897934Z,"As of 4/17/26, 7:35 AM",347,432,Data unavailable.,,89,"As of 4/17/26, 7:35 AM",234,300,"As of 4/17/26, 7:35 AM",382,330
2026-04-17T13:07:59.433632Z,"As of 4/17/26, 8:05 AM",346,432,Data unavailable.,,89,"As of 4/17/26, 8:05 AM",236,300,"As of 4/17/26, 8:05 AM",382,330
2026-04-17T13:50:10.224156Z,"As of 4/17/26, 8:50 AM",345,432,Data unavailable.,,89,"As of 4/17/26, 8:50 AM",240,300,"As of 4/17/26, 8:50 AM",379,330
2026-04-17T14:24:39.049621Z,"As of 4/17/26, 9:20 AM",343,432,Data unavailable.,,89,"As of 4/17/26, 9:20 AM",235,300,"As of 4/17/26, 9:20 AM",379,330
2026-04-17T14:46:57.708044Z,"As of 4/17/26, 9:45 AM",342,432,Data unavailable.,,89,"As of 4/17/26, 9:45 AM",239,300,"As of 4/17/26, 9:45 AM",379,330
2026-04-17T15:19:53.749384Z,"As of 4/17/26, 10:15 AM",340,432,Data unavailable.,,89,"As of 4/17/26, 10:15 AM",246,300,"As of 4/17/26, 10:15 AM",380,330
2026-04-17T15:46:46.248421Z,"As of 4/17/26, 10:45 AM",339,432,Data unavailable.,,89,"As of 4/17/26, 10:45 AM",242,300,"As of 4/17/26, 10:45 AM",377,330
2026-04-17T16:17:45.594517Z,"As of 4/17/26, 11:15 AM",338,432,Data unavailable.,,89,"As of 4/17/26, 11:15 AM",237,300,"As of 4/17/26, 11:15 AM",380,330
2026-04-17T16:45:55.465330Z,"As of 4/17/26, 11:45 AM",338,432,Data unavailable.,,89,"As of 4/17/26, 11:45 AM",239,300,"As of 4/17/26, 11:45 AM",380,330
2026-04-17T17:14:21.561482Z,"As of 4/17/26, 12:10 PM",338,432,Data unavailable.,,89,"As of 4/17/26, 12:10 PM",234,300,"As of 4/17/26, 12:10 PM",382,330
2026-04-17T17:34:43.784341Z,"As of 4/17/26, 12:30 PM",336,432,Data unavailable.,,89,"As of 4/17/26, 12:30 PM",239,300,"As of 4/17/26, 12:30 PM",379,330
2026-04-17T18:01:34.628636Z,"As of 4/17/26, 1:00 PM",336,432,Data unavailable.,,89,"As of 4/17/26, 1:00 PM",239,300,"As of 4/17/26, 1:00 PM",379,330
2026-04-17T18:32:16.897386Z,"As of 4/17/26, 1:30 PM",336,432,Data unavailable.,,89,"As of 4/17/26, 1:30 PM",238,300,"As of 4/17/26, 1:30 PM",376,330
2026-04-17T19:06:20.376132Z,"As of 4/17/26, 2:05 PM",335,432,Data unavailable.,,89,"As of 4/17/26, 2:05 PM",238,300,"As of 4/17/26, 2:05 PM",376,330
2026-04-17T19:37:13.961107Z,"As of 4/17/26, 2:35 PM",334,432,Data unavailable.,,89,"As of 4/17/26, 2:35 PM",242,300,"As of 4/17/26, 2:35 PM",374,330
2026-04-17T20:01:18.780250Z,"As of 4/17/26, 3:00 PM",333,432,Data unavailable.,,89,"As of 4/17/26, 3:00 PM",241,300,"As of 4/17/26, 3:00 PM",373,330
2026-04-17T20:28:14.582092Z,"As of 4/17/26, 3:25 PM",332,432,Data unavailable.,,89,"As of 4/17/26, 3:25 PM",231,300,"As of 4/17/26, 3:25 PM",369,330
2026-04-17T20:48:23.574130Z,"As of 4/17/26, 3:45 PM",331,432,Data unavailable.,,89,"As of 4/17/26, 3:45 PM",233,300,"As of 4/17/26, 3:45 PM",368,330
2026-04-17T21:12:57.846214Z,"As of 4/17/26, 4:10 PM",331,432,Data unavailable.,,89,"As of 4/17/26, 4:10 PM",233,300,"As of 4/17/26, 4:10 PM",359,330
2026-04-17T21:29:18.798216Z,"As of 4/17/26, 4:25 PM",330,432,Data unavailable.,,89,"As of 4/17/26, 4:25 PM",233,300,"As of 4/17/26, 4:25 PM",358,330
2026-04-17T21:49:42.270831Z,"As of 4/17/26, 4:45 PM",329,432,Data unavailable.,,89,"As of 4/17/26, 4:45 PM",232,300,"As of 4/17/26, 4:45 PM",357,330
2026-04-17T22:10:11.652189Z,"As of 4/17/26, 5:10 PM",328,432,Data unavailable.,,89,"As of 4/17/26, 5:10 PM",232,300,"As of 4/17/26, 5:10 PM",355,330
2026-04-17T22:24:43.588695Z,"As of 4/17/26, 5:20 PM",328,432,Data unavailable.,,89,"As of 4/17/26, 5:20 PM",232,300,"As of 4/17/26, 5:20 PM",355,330
2026-04-17T22:43:35.211583Z,"As of 4/17/26, 5:40 PM",327,432,Data unavailable.,,89,"As of 4/17/26, 5:40 PM",231,300,"As of 4/17/26, 5:40 PM",358,330
2026-04-17T23:03:14.974256Z,"As of 4/17/26, 6:00 PM",326,432,Data unavailable.,,89,"As of 4/17/26, 6:00 PM",231,300,"As of 4/17/26, 6:00 PM",358,330
2026-04-17T23:26:32.746716Z,"As of 4/17/26, 6:25 PM",325,432,Data unavailable.,,89,"As of 4/17/26, 6:25 PM",230,300,"As of 4/17/26, 6:25 PM",355,330
2026-04-17T23:45:11.162962Z,"As of 4/17/26, 6:45 PM",324,432,Data unavailable.,,89,"As of 4/17/26, 6:45 PM",230,300,"As of 4/17/26, 6:45 PM",352,330
2026-04-18T00:00:53.658655Z,"As of 4/17/26, 7:00 PM",324,432,Data unavailable.,,89,"As of 4/17/26, 7:00 PM",230,300,"As of 4/17/26, 7:00 PM",351,330
2026-04-18T00:57:13.436168Z,"As of 4/17/26, 7:55 PM",321,432,Data unavailable.,,89,"As of 4/17/26, 7:55 PM",230,300,"As of 4/17/26, 7:55 PM",352,330
2026-04-18T01:36:47.906246Z,"As of 4/17/26, 8:35 PM",319,432,Data unavailable.,,89,"As of 4/17/26, 8:35 PM",230,300,"As of 4/17/26, 8:35 PM",376,330
2026-04-18T02:36:21.676963Z,"As of 4/17/26, 9:35 PM",319,432,Data unavailable.,,89,"As of 4/17/26, 9:35 PM",238,300,"As of 4/17/26, 9:35 PM",378,330
2026-04-18T03:41:33.732923Z,"As of 4/17/26, 10:40 PM",332,432,Data unavailable.,,89,"As of 4/17/26, 10:40 PM",241,300,"As of 4/17/26, 10:40 PM",378,330
2026-04-18T04:37:29.808436Z,"As of 4/17/26, 11:35 PM",344,432,Data unavailable.,,89,"As of 4/17/26, 11:35 PM",250,300,"As of 4/17/26, 11:35 PM",383,330
2026-04-18T05:21:47.313619Z,"As of 4/18/26, 12:20 AM",354,432,Data unavailable.,,89,"As of 4/18/26, 12:20 AM",258,300,"As of 4/18/26, 12:20 AM",378,330
2026-04-18T05:57:52.789902Z,"As of 4/18/26, 12:55 AM",362,432,Data unavailable.,,89,"As of 4/18/26, 12:55 AM",247,300,"As of 4/18/26, 12:55 AM",383,330
2026-04-18T06:31:50.588645Z,"As of 4/18/26, 1:30 AM",368,432,Data unavailable.,,89,"As of 4/18/26, 1:30 AM",247,300,"As of 4/18/26, 1:30 AM",379,330
2026-04-18T07:06:56.733639Z,"As of 4/18/26, 2:05 AM",375,432,Data unavailable.,,89,"As of 4/18/26, 2:05 AM",246,300,"As of 4/18/26, 2:05 AM",382,330
2026-04-18T07:38:40.967836Z,"As of 4/18/26, 2:35 AM",383,432,Data unavailable.,,89,"As of 4/18/26, 2:35 AM",230,300,"As of 4/18/26, 2:35 AM",381,330
2026-04-18T08:03:23.491094Z,"As of 4/18/26, 3:00 AM",379,432,Data unavailable.,,89,"As of 4/18/26, 3:00 AM",231,300,"As of 4/18/26, 3:00 AM",380,330
2026-04-18T08:28:31.109788Z,"As of 4/18/26, 3:25 AM",386,432,Data unavailable.,,89,"As of 4/18/26, 3:25 AM",233,300,"As of 4/18/26, 3:25 AM",375,330
2026-04-18T08:49:11.612981Z,"As of 4/18/26, 3:45 AM",386,432,Data unavailable.,,89,"As of 4/18/26, 3:45 AM",233,300,"As of 4/18/26, 3:45 AM",380,330
2026-04-18T09:14:05.829587Z,"As of 4/18/26, 4:10 AM",384,432,Data unavailable.,,89,"As of 4/18/26, 4:10 AM",232,300,"As of 4/18/26, 4:10 AM",373,330
2026-04-18T09:34:12.346770Z,"As of 4/18/26, 4:30 AM",386,432,Data unavailable.,,89,"As of 4/18/26, 4:30 AM",233,300,"As of 4/18/26, 4:30 AM",377,330
2026-04-18T10:00:45.421231Z,"As of 4/18/26, 5:00 AM",384,432,Data unavailable.,,89,"As of 4/18/26, 5:00 AM",232,300,"As of 4/18/26, 5:00 AM",376,330
2026-04-18T10:27:02.570978Z,"As of 4/18/26, 5:25 AM",384,432,Data unavailable.,,89,"As of 4/18/26, 5:25 AM",232,300,"As of 4/18/26, 5:25 AM",380,330
2026-04-18T10:46:10.400530Z,"As of 4/18/26, 5:45 AM",383,432,Data unavailable.,,89,"As of 4/18/26, 5:45 AM",230,300,"As of 4/18/26, 5:45 AM",383,330
2026-04-18T11:11:21.543438Z,"As of 4/18/26, 6:10 AM",383,432,Data unavailable.,,89,"As of 4/18/26, 6:10 AM",228,300,"As of 4/18/26, 6:10 AM",378,330
2026-04-18T11:25:21.362863Z,"As of 4/18/26, 6:25 AM",382,432,Data unavailable.,,89,"As of 4/18/26, 6:25 AM",229,300,"As of 4/18/26, 6:25 AM",377,330
2026-04-18T11:42:24.304817Z,"As of 4/18/26, 6:40 AM",382,432,Data unavailable.,,89,"As of 4/18/26, 6:40 AM",227,300,"As of 4/18/26, 6:40 AM",376,330
2026-04-18T11:55:49.952186Z,"As of 4/18/26, 6:55 AM",382,432,Data unavailable.,,89,"As of 4/18/26, 6:55 AM",226,300,"As of 4/18/26, 6:55 AM",377,330
2026-04-18T12:08:36.287786Z,"As of 4/18/26, 7:05 AM",381,432,Data unavailable.,,89,"As of 4/18/26, 7:05 AM",227,300,"As of 4/18/26, 7:05 AM",377,330
2026-04-18T12:26:51.744325Z,"As of 4/18/26, 7:25 AM",381,432,Data unavailable.,,89,"As of 4/18/26, 7:25 AM",230,300,"As of 4/18/26, 7:25 AM",374,330
2026-04-18T12:47:39.550368Z,"As of 4/18/26, 7:45 AM",381,432,Data unavailable.,,89,"As of 4/18/26, 7:45 AM",238,300,"As of 4/18/26, 7:45 AM",376,330
2026-04-18T13:25:13.985933Z,"As of 4/18/26, 8:25 AM",379,432,Data unavailable.,,89,"As of 4/18/26, 8:25 AM",236,300,"As of 4/18/26, 8:25 AM",377,330
2026-04-18T13:50:09.500809Z,"As of 4/18/26, 8:50 AM",379,432,Data unavailable.,,89,"As of 4/18/26, 8:50 AM",236,300,"As of 4/18/26, 8:50 AM",376,330
2026-04-18T14:12:47.554561Z,"As of 4/18/26, 9:10 AM",378,432,Data unavailable.,,89,"As of 4/18/26, 9:10 AM",236,300,"As of 4/18/26, 9:10 AM",372,330
2026-04-18T14:29:26.376443Z,"As of 4/18/26, 9:25 AM",378,432,Data unavailable.,,89,"As of 4/18/26, 9:25 AM",236,300,"As of 4/18/26, 9:25 AM",375,330
2026-04-18T14:49:08.259652Z,"As of 4/18/26, 9:45 AM",377,432,Data unavailable.,,89,"As of 4/18/26, 9:45 AM",233,300,"As of 4/18/26, 9:45 AM",375,330
2026-04-18T15:11:23.178361Z,"As of 4/18/26, 10:10 AM",377,432,Data unavailable.,,89,"As of 4/18/26, 10:10 AM",233,300,"As of 4/18/26, 10:10 AM",375,330
2026-04-18T15:26:01.451089Z,"As of 4/18/26, 10:25 AM",376,432,Data unavailable.,,89,"As of 4/18/26, 10:25 AM",233,300,"As of 4/18/26, 10:25 AM",371,330
2026-04-18T15:43:49.704105Z,"As of 4/18/26, 10:40 AM",375,432,Data unavailable.,,89,"As of 4/18/26, 10:40 AM",233,300,"As of 4/18/26, 10:40 AM",376,330
2026-04-18T15:58:15.045155Z,"As of 4/18/26, 10:55 AM",375,432,Data unavailable.,,89,"As of 4/18/26, 10:55 AM",233,300,"As of 4/18/26, 10:55 AM",373,330
2026-04-18T16:16:59.267080Z,"As of 4/18/26, 11:15 AM",374,432,Data unavailable.,,89,"As of 4/18/26, 11:15 AM",232,300,"As of 4/18/26, 11:15 AM",375,330
2026-04-18T16:43:46.900532Z,"As of 4/18/26, 11:40 AM",373,432,Data unavailable.,,89,"As of 4/18/26, 11:40 AM",231,300,"As of 4/18/26, 11:40 AM",371,330
2026-04-18T17:00:49.154534Z,"As of 4/18/26, 12:00 PM",373,432,Data unavailable.,,89,"As of 4/18/26, 12:00 PM",231,300,"As of 4/18/26, 12:00 PM",370,330
2026-04-18T17:25:31.028861Z,"As of 4/18/26, 12:25 PM",372,432,Data unavailable.,,89,"As of 4/18/26, 12:25 PM",230,300,"As of 4/18/26, 12:25 PM",371,330
2026-04-18T17:42:55.210231Z,"As of 4/18/26, 12:40 PM",371,432,Data unavailable.,,89,"As of 4/18/26, 12:40 PM",234,300,"As of 4/18/26, 12:40 PM",369,330
2026-04-18T17:57:43.649499Z,"As of 4/18/26, 12:55 PM",372,432,Data unavailable.,,89,"As of 4/18/26, 12:55 PM",234,300,"As of 4/18/26, 12:55 PM",370,330
2026-04-18T18:17:23.135095Z,"As of 4/18/26, 1:15 PM",371,432,Data unavailable.,,89,"As of 4/18/26, 1:15 PM",232,300,"As of 4/18/26, 1:15 PM",366,330
2026-04-18T18:44:44.537385Z,"As of 4/18/26, 1:40 PM",372,432,Data unavailable.,,89,"As of 4/18/26, 1:40 PM",232,300,"As of 4/18/26, 1:40 PM",364,330
2026-04-18T19:07:46.347265Z,"As of 4/18/26, 2:05 PM",371,432,Data unavailable.,,89,"As of 4/18/26, 2:05 PM",232,300,"As of 4/18/26, 2:05 PM",377,330
2026-04-18T19:29:45.228333Z,"As of 4/18/26, 2:25 PM",372,432,Data unavailable.,,89,"As of 4/18/26, 2:25 PM",231,300,"As of 4/18/26, 2:25 PM",376,330
2026-04-18T19:47:56.646483Z,"As of 4/18/26, 2:45 PM",371,432,Data unavailable.,,89,"As of 4/18/26, 2:45 PM",231,300,"As of 4/18/26, 2:45 PM",373,330
2026-04-18T20:06:54.929542Z,"As of 4/18/26, 3:05 PM",371,432,Data unavailable.,,89,"As of 4/18/26, 3:05 PM",230,300,"As of 4/18/26, 3:05 PM",372,330
2026-04-18T20:23:37.462317Z,"As of 4/18/26, 3:20 PM",371,432,Data unavailable.,,89,"As of 4/18/26, 3:20 PM",231,300,"As of 4/18/26, 3:20 PM",374,330
2026-04-18T20:43:16.906651Z,"As of 4/18/26, 3:40 PM",370,432,Data unavailable.,,89,"As of 4/18/26, 3:40 PM",229,300,"As of 4/18/26, 3:40 PM",369,330
2026-04-18T20:58:36.265029Z,"As of 4/18/26, 3:55 PM",370,432,Data unavailable.,,89,"As of 4/18/26, 3:55 PM",229,300,"As of 4/18/26, 3:55 PM",370,330
2026-04-18T21:15:52.752698Z,"As of 4/18/26, 4:15 PM",370,432,Data unavailable.,,89,"As of 4/18/26, 4:15 PM",231,300,"As of 4/18/26, 4:15 PM",369,330
2026-04-18T21:42:49.132047Z,"As of 4/18/26, 4:40 PM",369,432,Data unavailable.,,89,"As of 4/18/26, 4:40 PM",229,300,"As of 4/18/26, 4:40 PM",368,330
2026-04-18T21:56:46.358120Z,"As of 4/18/26, 4:55 PM",369,432,Data unavailable.,,89,"As of 4/18/26, 4:55 PM",229,300,"As of 4/18/26, 4:55 PM",365,330
2026-04-18T22:08:51.556681Z,"As of 4/18/26, 5:05 PM",369,432,Data unavailable.,,89,"As of 4/18/26, 5:05 PM",229,300,"As of 4/18/26, 5:05 PM",364,330
2026-04-18T22:23:41.243476Z,"As of 4/18/26, 5:20 PM",368,432,Data unavailable.,,89,"As of 4/18/26, 5:20 PM",230,300,"As of 4/18/26, 5:20 PM",372,330
2026-04-18T22:42:55.018284Z,"As of 4/18/26, 5:40 PM",367,432,Data unavailable.,,89,"As of 4/18/26, 5:40 PM",229,300,"As of 4/18/26, 5:40 PM",373,330
2026-04-18T22:58:41.797224Z,"As of 4/18/26, 5:55 PM",370,432,Data unavailable.,,89,"As of 4/18/26, 5:55 PM",229,300,"As of 4/18/26, 5:55 PM",374,330
2026-04-18T23:16:31.284292Z,"As of 4/18/26, 6:15 PM",369,432,Data unavailable.,,89,"As of 4/18/26, 6:15 PM",227,300,"As of 4/18/26, 6:15 PM",372,330
2026-04-18T23:42:54.733246Z,"As of 4/18/26, 6:40 PM",367,432,Data unavailable.,,89,"As of 4/18/26, 6:40 PM",226,300,"As of 4/18/26, 6:40 PM",374,330
2026-04-18T23:57:26.315652Z,"As of 4/18/26, 6:55 PM",369,432,Data unavailable.,,89,"As of 4/18/26, 6:55 PM",228,300,"As of 4/18/26, 6:55 PM",376,330
2026-04-19T00:38:29.619282Z,"As of 4/18/26, 7:35 PM",368,432,Data unavailable.,,89,"As of 4/18/26, 7:35 PM",227,300,"As of 4/18/26, 7:35 PM",375,330
2026-04-19T01:11:44.974280Z,"As of 4/18/26, 8:10 PM",367,432,Data unavailable.,,89,"As of 4/18/26, 8:10 PM",226,300,"As of 4/18/26, 8:10 PM",374,330
2026-04-19T01:55:14.592412Z,"As of 4/18/26, 8:55 PM",367,432,Data unavailable.,,89,"As of 4/18/26, 8:55 PM",233,300,"As of 4/18/26, 8:55 PM",373,330
2026-04-19T02:59:23.830505Z,"As of 4/18/26, 9:55 PM",365,432,Data unavailable.,,89,"As of 4/18/26, 9:55 PM",231,300,"As of 4/18/26, 9:55 PM",375,330
2026-04-19T04:09:29.586054Z,"As of 4/18/26, 11:05 PM",362,432,Data unavailable.,,89,"As of 4/18/26, 11:05 PM",231,300,"As of 4/18/26, 11:05 PM",373,330
2026-04-19T05:12:34.648561Z,"As of 4/19/26, 12:10 AM",360,432,Data unavailable.,,89,"As of 4/19/26, 12:10 AM",230,300,"As of 4/19/26, 12:10 AM",371,330
2026-04-19T05:55:49.846332Z,"As of 4/19/26, 12:55 AM",358,432,Data unavailable.,,89,"As of 4/19/26, 12:55 AM",232,300,"As of 4/19/26, 12:55 AM",367,330
2026-04-19T06:31:51.138089Z,"As of 4/19/26, 1:30 AM",356,432,Data unavailable.,,89,"As of 4/19/26, 1:30 AM",231,300,"As of 4/19/26, 1:30 AM",362,330
2026-04-19T07:08:13.479554Z,"As of 4/19/26, 2:05 AM",354,432,Data unavailable.,,89,"As of 4/19/26, 2:05 AM",231,300,"As of 4/19/26, 2:05 AM",359,330
2026-04-19T07:45:18.699664Z,"As of 4/19/26, 2:45 AM",352,432,Data unavailable.,,89,"As of 4/19/26, 2:45 AM",231,300,"As of 4/19/26, 2:45 AM",357,330
2026-04-19T08:11:58.379539Z,"As of 4/19/26, 3:10 AM",350,432,Data unavailable.,,89,"As of 4/19/26, 3:10 AM",232,300,"As of 4/19/26, 3:10 AM",355,330
2026-04-19T08:34:32.813642Z,"As of 4/19/26, 3:30 AM",348,432,Data unavailable.,,89,"As of 4/19/26, 3:30 AM",231,300,"As of 4/19/26, 3:30 AM",355,330
2026-04-19T09:03:46.252294Z,"As of 4/19/26, 4:00 AM",346,432,Data unavailable.,,89,"As of 4/19/26, 4:00 AM",232,300,"As of 4/19/26, 4:00 AM",352,330
2026-04-19T09:30:01.029805Z,"As of 4/19/26, 4:25 AM",345,432,Data unavailable.,,89,"As of 4/19/26, 4:25 AM",230,300,"As of 4/19/26, 4:25 AM",352,330
2026-04-19T09:50:53.886039Z,"As of 4/19/26, 4:50 AM",343,432,Data unavailable.,,89,"As of 4/19/26, 4:50 AM",230,300,"As of 4/19/26, 4:50 AM",350,330
2026-04-19T10:12:02.983815Z,"As of 4/19/26, 5:10 AM",342,432,Data unavailable.,,89,"As of 4/19/26, 5:10 AM",230,300,"As of 4/19/26, 5:10 AM",349,330
2026-04-19T10:26:54.540951Z,"As of 4/19/26, 5:25 AM",340,432,Data unavailable.,,89,"As of 4/19/26, 5:25 AM",228,300,"As of 4/19/26, 5:25 AM",347,330
2026-04-19T10:45:37.455063Z,"As of 4/19/26, 5:45 AM",339,432,Data unavailable.,,89,"As of 4/19/26, 5:45 AM",228,300,"As of 4/19/26, 5:45 AM",347,330
2026-04-19T11:11:20.213912Z,"As of 4/19/26, 6:10 AM",337,432,Data unavailable.,,89,"As of 4/19/26, 6:10 AM",229,300,"As of 4/19/26, 6:10 AM",347,330
2026-04-19T11:25:33.619463Z,"As of 4/19/26, 6:25 AM",335,432,Data unavailable.,,89,"As of 4/19/26, 6:25 AM",228,300,"As of 4/19/26, 6:25 AM",346,330
2026-04-19T11:42:51.535081Z,"As of 4/19/26, 6:40 AM",334,432,Data unavailable.,,89,"As of 4/19/26, 6:40 AM",232,300,"As of 4/19/26, 6:40 AM",346,330
2026-04-19T11:56:51.288272Z,"As of 4/19/26, 6:55 AM",333,432,Data unavailable.,,89,"As of 4/19/26, 6:55 AM",233,300,"As of 4/19/26, 6:55 AM",345,330
2026-04-19T12:12:57.795188Z,"As of 4/19/26, 7:10 AM",331,432,Data unavailable.,,89,"As of 4/19/26, 7:10 AM",232,300,"As of 4/19/26, 7:10 AM",346,330
2026-04-19T12:28:39.135540Z,"As of 4/19/26, 7:25 AM",330,432,Data unavailable.,,89,"As of 4/19/26, 7:25 AM",233,300,"As of 4/19/26, 7:25 AM",348,330
2026-04-19T12:50:09.167913Z,"As of 4/19/26, 7:50 AM",327,432,Data unavailable.,,89,"As of 4/19/26, 7:50 AM",233,300,"As of 4/19/26, 7:50 AM",352,330
2026-04-19T13:24:50.399184Z,"As of 4/19/26, 8:20 AM",324,432,Data unavailable.,,89,"As of 4/19/26, 8:20 AM",234,300,"As of 4/19/26, 8:20 AM",355,330
2026-04-19T13:48:55.182508Z,"As of 4/19/26, 8:45 AM",322,432,Data unavailable.,,89,"As of 4/19/26, 8:45 AM",233,300,"As of 4/19/26, 8:45 AM",354,330
2026-04-19T14:12:45.530824Z,"As of 4/19/26, 9:10 AM",320,432,Data unavailable.,,89,"As of 4/19/26, 9:10 AM",234,300,"As of 4/19/26, 9:10 AM",356,330
2026-04-19T14:29:31.877286Z,"As of 4/19/26, 9:25 AM",319,432,Data unavailable.,,89,"As of 4/19/26, 9:25 AM",234,300,"As of 4/19/26, 9:25 AM",354,330
2026-04-19T14:49:17.014639Z,"As of 4/19/26, 9:45 AM",318,432,Data unavailable.,,89,"As of 4/19/26, 9:45 AM",235,300,"As of 4/19/26, 9:45 AM",356,330
2026-04-19T15:11:20.516808Z,"As of 4/19/26, 10:10 AM",315,432,Data unavailable.,,89,"As of 4/19/26, 10:10 AM",235,300,"As of 4/19/26, 10:10 AM",356,330
2026-04-19T15:26:03.676720Z,"As of 4/19/26, 10:25 AM",314,432,Data unavailable.,,89,"As of 4/19/26, 10:25 AM",236,300,"As of 4/19/26, 10:25 AM",358,330
2026-04-19T15:43:58.407591Z,"As of 4/19/26, 10:40 AM",313,432,Data unavailable.,,89,"As of 4/19/26, 10:40 AM",236,300,"As of 4/19/26, 10:40 AM",345,330
2026-04-19T15:58:31.653582Z,"As of 4/19/26, 10:55 AM",313,432,Data unavailable.,,89,"As of 4/19/26, 10:55 AM",237,300,"As of 4/19/26, 10:55 AM",298,330
2026-04-19T16:17:07.314798Z,"As of 4/19/26, 11:15 AM",312,432,Data unavailable.,,89,"As of 4/19/26, 11:15 AM",236,300,"As of 4/19/26, 11:15 AM",293,330
2026-04-19T16:43:42.105107Z,"As of 4/19/26, 11:40 AM",312,432,Data unavailable.,,89,"As of 4/19/26, 11:40 AM",238,300,"As of 4/19/26, 11:40 AM",299,330
2026-04-19T17:00:41.251604Z,"As of 4/19/26, 12:00 PM",313,432,Data unavailable.,,89,"As of 4/19/26, 12:00 PM",238,300,"As of 4/19/26, 12:00 PM",298,330
2026-04-19T17:24:42.838479Z,"As of 4/19/26, 12:20 PM",315,432,Data unavailable.,,89,"As of 4/19/26, 12:20 PM",237,300,"As of 4/19/26, 12:20 PM",296,330
2026-04-19T17:42:43.054431Z,"As of 4/19/26, 12:40 PM",313,432,Data unavailable.,,89,"As of 4/19/26, 12:40 PM",223,300,"As of 4/19/26, 12:40 PM",295,330
2026-04-19T17:57:29.431520Z,"As of 4/19/26, 12:55 PM",313,432,Data unavailable.,,89,"As of 4/19/26, 12:55 PM",225,300,"As of 4/19/26, 12:55 PM",297,330
2026-04-19T18:16:26.444879Z,"As of 4/19/26, 1:15 PM",313,432,Data unavailable.,,89,"As of 4/19/26, 1:15 PM",227,300,"As of 4/19/26, 1:15 PM",297,330
2026-04-19T18:44:39.025732Z,"As of 4/19/26, 1:40 PM",314,432,Data unavailable.,,89,"As of 4/19/26, 1:40 PM",226,300,"As of 4/19/26, 1:40 PM",297,330
2026-04-19T19:07:40.505756Z,"As of 4/19/26, 2:05 PM",312,432,Data unavailable.,,89,"As of 4/19/26, 2:05 PM",229,300,"As of 4/19/26, 2:05 PM",296,330
2026-04-19T19:29:51.485586Z,"As of 4/19/26, 2:25 PM",313,432,Data unavailable.,,89,"As of 4/19/26, 2:25 PM",229,300,"As of 4/19/26, 2:25 PM",295,330
2026-04-19T19:48:11.033129Z,"As of 4/19/26, 2:45 PM",312,432,Data unavailable.,,89,"As of 4/19/26, 2:45 PM",230,300,"As of 4/19/26, 2:45 PM",293,330
2026-04-19T20:07:20.547607Z,"As of 4/19/26, 3:05 PM",312,432,Data unavailable.,,89,"As of 4/19/26, 3:05 PM",233,300,"As of 4/19/26, 3:05 PM",292,330
2026-04-19T20:23:51.245168Z,"As of 4/19/26, 3:20 PM",311,432,Data unavailable.,,89,"As of 4/19/26, 3:20 PM",234,300,"As of 4/19/26, 3:20 PM",292,330
2026-04-19T20:43:29.443411Z,"As of 4/19/26, 3:40 PM",311,432,Data unavailable.,,89,"As of 4/19/26, 3:40 PM",232,300,"As of 4/19/26, 3:40 PM",293,330
2026-04-19T20:59:17.332637Z,"As of 4/19/26, 3:55 PM",310,432,Data unavailable.,,89,"As of 4/19/26, 3:55 PM",232,300,"As of 4/19/26, 3:55 PM",292,330
2026-04-19T21:17:38.020197Z,"As of 4/19/26, 4:15 PM",311,432,Data unavailable.,,89,"As of 4/19/26, 4:15 PM",233,300,"As of 4/19/26, 4:15 PM",290,330
2026-04-19T21:42:50.955772Z,"As of 4/19/26, 4:40 PM",310,432,Data unavailable.,,89,"As of 4/19/26, 4:40 PM",232,300,"As of 4/19/26, 4:40 PM",292,330
2026-04-19T21:56:43.055196Z,"As of 4/19/26, 4:55 PM",310,432,Data unavailable.,,89,"As of 4/19/26, 4:55 PM",230,300,"As of 4/19/26, 4:55 PM",291,330
2026-04-19T22:09:37.675433Z,"As of 4/19/26, 5:05 PM",309,432,Data unavailable.,,89,"As of 4/19/26, 5:05 PM",230,300,"As of 4/19/26, 5:05 PM",290,330
2026-04-19T22:23:34.303933Z,"As of 4/19/26, 5:20 PM",310,432,Data unavailable.,,89,"As of 4/19/26, 5:20 PM",229,300,"As of 4/19/26, 5:20 PM",296,330
2026-04-19T22:43:00.584013Z,"As of 4/19/26, 5:40 PM",307,432,Data unavailable.,,89,"As of 4/19/26, 5:40 PM",231,300,"As of 4/19/26, 5:40 PM",297,330
2026-04-19T22:59:07.433393Z,"As of 4/19/26, 5:55 PM",307,432,Data unavailable.,,89,"As of 4/19/26, 5:55 PM",229,300,"As of 4/19/26, 5:55 PM",296,330
2026-04-19T23:18:51.123667Z,"As of 4/19/26, 6:15 PM",307,432,Data unavailable.,,89,"As of 4/19/26, 6:15 PM",230,300,"As of 4/19/26, 6:15 PM",295,330
2026-04-19T23:43:14.579601Z,"As of 4/19/26, 6:40 PM",306,432,Data unavailable.,,89,"As of 4/19/26, 6:40 PM",229,300,"As of 4/19/26, 6:40 PM",294,330
2026-04-19T23:58:16.238475Z,"As of 4/19/26, 6:55 PM",306,432,Data unavailable.,,89,"As of 4/19/26, 6:55 PM",230,300,"As of 4/19/26, 6:55 PM",292,330
2026-04-20T00:49:04.275942Z,"As of 4/19/26, 7:45 PM",304,432,Data unavailable.,,89,"As of 4/19/26, 7:45 PM",230,300,"As of 4/19/26, 7:45 PM",295,330
2026-04-20T01:31:14.323584Z,"As of 4/19/26, 8:30 PM",303,432,Data unavailable.,,89,"As of 4/19/26, 8:30 PM",230,300,"As of 4/19/26, 8:30 PM",293,330
2026-04-20T02:37:05.407454Z,"As of 4/19/26, 9:35 PM",301,432,Data unavailable.,,89,"As of 4/19/26, 9:35 PM",232,300,"As of 4/19/26, 9:35 PM",291,330
2026-04-20T03:54:45.777423Z,"As of 4/19/26, 10:50 PM",299,432,Data unavailable.,,89,"As of 4/19/26, 10:50 PM",229,300,"As of 4/19/26, 10:50 PM",291,330
2026-04-20T04:59:13.612394Z,"As of 4/19/26, 11:55 PM",297,432,Data unavailable.,,89,"As of 4/19/26, 11:55 PM",228,300,"As of 4/19/26, 11:55 PM",292,330
2026-04-20T05:57:14.580056Z,"As of 4/20/26, 12:55 AM",296,432,Data unavailable.,,89,"As of 4/20/26, 12:55 AM",232,300,"As of 4/20/26, 12:55 AM",282,330
2026-04-20T06:49:26.095946Z,"As of 4/20/26, 1:45 AM",295,432,Data unavailable.,,89,"As of 4/20/26, 1:45 AM",234,300,"As of 4/20/26, 1:45 AM",292,330
2026-04-20T07:32:38.610197Z,"As of 4/20/26, 2:30 AM",294,432,Data unavailable.,,89,"As of 4/20/26, 2:30 AM",229,300,"As of 4/20/26, 2:30 AM",291,330
2026-04-20T08:28:32.729623Z,"As of 4/20/26, 3:25 AM",292,432,Data unavailable.,,89,"As of 4/20/26, 3:25 AM",229,300,"As of 4/20/26, 3:25 AM",287,330
2026-04-20T09:15:44.140766Z,"As of 4/20/26, 4:15 AM",289,432,Data unavailable.,,89,"As of 4/20/26, 4:15 AM",229,300,"As of 4/20/26, 4:15 AM",288,330
2026-04-20T10:08:31.176108Z,"As of 4/20/26, 5:05 AM",287,432,Data unavailable.,,89,"As of 4/20/26, 5:05 AM",229,300,"As of 4/20/26, 5:05 AM",289,330
2026-04-20T10:51:19.832309Z,"As of 4/20/26, 5:50 AM",287,432,Data unavailable.,,89,"As of 4/20/26, 5:50 AM",227,300,"As of 4/20/26, 5:50 AM",288,330
2026-04-20T11:27:55.842997Z,"As of 4/20/26, 6:25 AM",285,432,Data unavailable.,,89,"As of 4/20/26, 6:25 AM",227,300,"As of 4/20/26, 6:25 AM",293,330
2026-04-20T11:56:23.994751Z,"As of 4/20/26, 6:55 AM",285,432,Data unavailable.,,89,"As of 4/20/26, 6:55 AM",229,300,"As of 4/20/26, 6:55 AM",295,330
2026-04-20T12:23:24.623786Z,"As of 4/20/26, 7:20 AM",283,432,Data unavailable.,,89,"As of 4/20/26, 7:20 AM",229,300,"As of 4/20/26, 7:20 AM",297,330
2026-04-20T12:51:20.694988Z,"As of 4/20/26, 7:50 AM",282,432,Data unavailable.,,89,"As of 4/20/26, 7:50 AM",228,300,"As of 4/20/26, 7:50 AM",298,330
2026-04-20T13:30:47.283904Z,"As of 4/20/26, 8:30 AM",280,432,Data unavailable.,,89,"As of 4/20/26, 8:30 AM",228,300,"As of 4/20/26, 8:30 AM",298,330
2026-04-20T14:20:40.731152Z,"As of 4/20/26, 9:20 AM",278,432,Data unavailable.,,89,"As of 4/20/26, 9:20 AM",228,300,"As of 4/20/26, 9:20 AM",278,330
2026-04-20T15:01:05.607660Z,"As of 4/20/26, 10:00 AM",278,432,Data unavailable.,,89,"As of 4/20/26, 10:00 AM",227,300,"As of 4/20/26, 10:00 AM",182,330
2026-04-20T15:44:05.204361Z,"As of 4/20/26, 10:40 AM",279,432,Data unavailable.,,89,"As of 4/20/26, 10:40 AM",228,300,"As of 4/20/26, 10:40 AM",182,330
2026-04-20T16:12:14.040986Z,"As of 4/20/26, 11:10 AM",281,432,Data unavailable.,,89,"As of 4/20/26, 11:10 AM",227,300,"As of 4/20/26, 11:10 AM",183,330
2026-04-20T16:40:08.134135Z,"As of 4/20/26, 11:40 AM",281,432,Data unavailable.,,89,"As of 4/20/26, 11:40 AM",226,300,"As of 4/20/26, 11:40 AM",182,330
2026-04-20T17:06:43.298318Z,"As of 4/20/26, 12:05 PM",283,432,Data unavailable.,,89,"As of 4/20/26, 12:05 PM",226,300,"As of 4/20/26, 12:05 PM",183,330
2026-04-20T17:36:10.217153Z,"As of 4/20/26, 12:35 PM",282,432,Data unavailable.,,89,"As of 4/20/26, 12:35 PM",227,300,"As of 4/20/26, 12:35 PM",183,330
2026-04-20T18:04:41.662707Z,"As of 4/20/26, 1:00 PM",285,432,Data unavailable.,,89,"As of 4/20/26, 1:00 PM",226,300,"As of 4/20/26, 1:00 PM",181,330
2026-04-20T18:35:29.249679Z,"As of 4/20/26, 1:35 PM",285,432,Data unavailable.,,89,"As of 4/20/26, 1:35 PM",225,300,"As of 4/20/26, 1:35 PM",183,330
2026-04-20T19:06:56.058086Z,"As of 4/20/26, 2:05 PM",286,432,Data unavailable.,,89,"As of 4/20/26, 2:05 PM",225,300,"As of 4/20/26, 2:05 PM",182,330
2026-04-20T19:38:22.393249Z,"As of 4/20/26, 2:35 PM",288,432,Data unavailable.,,89,"As of 4/20/26, 2:35 PM",225,300,"As of 4/20/26, 2:35 PM",181,330
2026-04-20T20:04:29.175429Z,"As of 4/20/26, 3:00 PM",288,432,Data unavailable.,,89,"As of 4/20/26, 3:00 PM",227,300,"As of 4/20/26, 3:00 PM",182,330
2026-04-20T20:28:24.406490Z,"As of 4/20/26, 3:25 PM",289,432,Data unavailable.,,89,"As of 4/20/26, 3:25 PM",226,300,"As of 4/20/26, 3:25 PM",180,330
2026-04-20T20:48:44.727107Z,"As of 4/20/26, 3:45 PM",289,432,Data unavailable.,,89,"As of 4/20/26, 3:45 PM",225,300,"As of 4/20/26, 3:45 PM",180,330
2026-04-20T21:13:54.194537Z,"As of 4/20/26, 4:10 PM",290,432,Data unavailable.,,89,"As of 4/20/26, 4:10 PM",224,300,"As of 4/20/26, 4:10 PM",180,330
2026-04-20T21:33:32.790540Z,"As of 4/20/26, 4:30 PM",290,432,Data unavailable.,,89,"As of 4/20/26, 4:30 PM",227,300,"As of 4/20/26, 4:30 PM",179,330
2026-04-20T22:00:56.498211Z,"As of 4/20/26, 5:00 PM",292,432,Data unavailable.,,89,"As of 4/20/26, 5:00 PM",226,300,"As of 4/20/26, 5:00 PM",178,330
2026-04-20T22:28:52.053252Z,"As of 4/20/26, 5:25 PM",290,432,Data unavailable.,,89,"As of 4/20/26, 5:25 PM",225,300,"As of 4/20/26, 5:25 PM",178,330
2026-04-20T22:48:55.738950Z,"As of 4/20/26, 5:45 PM",294,432,Data unavailable.,,89,"As of 4/20/26, 5:45 PM",229,300,"As of 4/20/26, 5:45 PM",180,330
2026-04-20T23:12:40.724358Z,"As of 4/20/26, 6:10 PM",294,432,Data unavailable.,,89,"As of 4/20/26, 6:10 PM",226,300,"As of 4/20/26, 6:10 PM",180,330
2026-04-20T23:29:58.273853Z,"As of 4/20/26, 6:25 PM",296,432,Data unavailable.,,89,"As of 4/20/26, 6:25 PM",227,300,"As of 4/20/26, 6:25 PM",179,330
2026-04-20T23:50:18.443571Z,"As of 4/20/26, 6:50 PM",295,432,Data unavailable.,,89,"As of 4/20/26, 6:50 PM",226,300,"As of 4/20/26, 6:50 PM",179,330
2026-04-21T00:13:13.248231Z,"As of 4/20/26, 7:10 PM",297,432,Data unavailable.,,89,"As of 4/20/26, 7:10 PM",229,300,"As of 4/20/26, 7:10 PM",179,330
2026-04-21T01:03:50.325221Z,"As of 4/20/26, 8:00 PM",298,432,Data unavailable.,,89,"As of 4/20/26, 8:00 PM",228,300,"As of 4/20/26, 8:00 PM",180,330
2026-04-21T01:53:13.349830Z,"As of 4/20/26, 8:50 PM",299,432,Data unavailable.,,89,"As of 4/20/26, 8:50 PM",224,300,"As of 4/20/26, 8:50 PM",179,330
2026-04-21T02:59:13.101499Z,"As of 4/20/26, 9:55 PM",301,432,Data unavailable.,,89,"As of 4/20/26, 9:55 PM",226,300,"As of 4/20/26, 9:55 PM",180,330
2026-04-21T04:08:07.521456Z,"As of 4/20/26, 11:05 PM",301,432,Data unavailable.,,89,"As of 4/20/26, 11:05 PM",227,300,"As of 4/20/26, 11:05 PM",248,330
2026-04-21T05:11:31.059330Z,"As of 4/21/26, 12:10 AM",301,432,Data unavailable.,,89,"As of 4/21/26, 12:10 AM",223,300,"As of 4/21/26, 12:10 AM",242,330
2026-04-21T05:55:54.687540Z,"As of 4/21/26, 12:55 AM",301,432,Data unavailable.,,89,"As of 4/21/26, 12:55 AM",225,300,"As of 4/21/26, 12:55 AM",238,330
2026-04-21T06:34:22.502759Z,"As of 4/21/26, 1:30 AM",300,432,Data unavailable.,,89,"As of 4/21/26, 1:30 AM",223,300,"As of 4/21/26, 1:30 AM",237,330
2026-04-21T07:14:32.854877Z,"As of 4/21/26, 2:10 AM",299,432,Data unavailable.,,89,"As of 4/21/26, 2:10 AM",225,300,"As of 4/21/26, 2:10 AM",238,330
2026-04-21T07:57:38.969547Z,"As of 4/21/26, 2:55 AM",298,432,Data unavailable.,,89,"As of 4/21/26, 2:55 AM",221,300,"As of 4/21/26, 2:55 AM",235,330
2026-04-21T08:42:26.108720Z,"As of 4/21/26, 3:40 AM",297,432,Data unavailable.,,89,"As of 4/21/26, 3:40 AM",222,300,"As of 4/21/26, 3:40 AM",235,330
2026-04-21T09:14:05.932596Z,"As of 4/21/26, 4:10 AM",295,432,Data unavailable.,,89,"As of 4/21/26, 4:10 AM",219,300,"As of 4/21/26, 4:10 AM",236,330
2026-04-21T09:51:13.150833Z,"As of 4/21/26, 4:50 AM",294,432,Data unavailable.,,89,"As of 4/21/26, 4:50 AM",213,300,"As of 4/21/26, 4:50 AM",236,330
2026-04-21T10:27:03.192239Z,"As of 4/21/26, 5:25 AM",294,432,Data unavailable.,,89,"As of 4/21/26, 5:25 AM",209,300,"As of 4/21/26, 5:25 AM",235,330
2026-04-21T10:53:27.571439Z,"As of 4/21/26, 5:50 AM",293,432,Data unavailable.,,89,"As of 4/21/26, 5:50 AM",204,300,"As of 4/21/26, 5:50 AM",235,330
2026-04-21T11:23:32.252765Z,"As of 4/21/26, 6:20 AM",292,432,Data unavailable.,,89,"As of 4/21/26, 6:20 AM",219,300,"As of 4/21/26, 6:20 AM",236,330
2026-04-21T11:48:44.049889Z,"As of 4/21/26, 6:45 AM",292,432,Data unavailable.,,89,"As of 4/21/26, 6:45 AM",208,300,"As of 4/21/26, 6:45 AM",238,330
2026-04-21T12:15:07.780651Z,"As of 4/21/26, 7:15 AM",291,432,Data unavailable.,,89,"As of 4/21/26, 7:15 AM",202,300,"As of 4/21/26, 7:15 AM",239,330
2026-04-21T12:42:49.045279Z,"As of 4/21/26, 7:40 AM",291,432,Data unavailable.,,89,"As of 4/21/26, 7:40 AM",197,300,"As of 4/21/26, 7:40 AM",241,330
2026-04-21T13:11:32.260619Z,"As of 4/21/26, 8:10 AM",290,432,Data unavailable.,,89,"As of 4/21/26, 8:10 AM",195,300,"As of 4/21/26, 8:10 AM",243,330
2026-04-21T13:53:06.181124Z,"As of 4/21/26, 8:50 AM",289,432,Data unavailable.,,89,"As of 4/21/26, 8:50 AM",191,300,"As of 4/21/26, 8:50 AM",245,330
2026-04-21T14:31:30.118448Z,"As of 4/21/26, 9:30 AM",288,432,Data unavailable.,,89,"As of 4/21/26, 9:30 AM",172,300,"As of 4/21/26, 9:30 AM",247,330
2026-04-21T15:08:04.013393Z,"As of 4/21/26, 10:05 AM",288,432,Data unavailable.,,89,"As of 4/21/26, 10:05 AM",179,300,"As of 4/21/26, 10:05 AM",248,330
2026-04-21T15:43:57.980001Z,"As of 4/21/26, 10:40 AM",287,432,Data unavailable.,,89,"As of 4/21/26, 10:40 AM",180,300,"As of 4/21/26, 10:40 AM",244,330
2026-04-21T16:11:52.014578Z,"As of 4/21/26, 11:10 AM",286,432,Data unavailable.,,89,"As of 4/21/26, 11:10 AM",182,300,"As of 4/21/26, 11:10 AM",243,330
2026-04-21T16:38:11.319094Z,"As of 4/21/26, 11:35 AM",286,432,Data unavailable.,,89,"As of 4/21/26, 11:35 AM",184,300,"As of 4/21/26, 11:35 AM",244,330
2026-04-21T17:06:27.642686Z,"As of 4/21/26, 12:05 PM",285,432,Data unavailable.,,89,"As of 4/21/26, 12:05 PM",187,300,"As of 4/21/26, 12:05 PM",243,330
2026-04-21T17:35:39.968060Z,"As of 4/21/26, 12:35 PM",285,432,Data unavailable.,,89,"As of 4/21/26, 12:35 PM",187,300,"As of 4/21/26, 12:35 PM",243,330
2026-04-21T18:05:24.088529Z,"As of 4/21/26, 1:05 PM",284,432,Data unavailable.,,89,"As of 4/21/26, 1:05 PM",187,300,"As of 4/21/26, 1:05 PM",240,330
2026-04-21T18:37:50.169107Z,"As of 4/21/26, 1:35 PM",283,432,Data unavailable.,,89,"As of 4/21/26, 1:35 PM",187,300,"As of 4/21/26, 1:35 PM",241,330
2026-04-21T19:07:24.691423Z,"As of 4/21/26, 2:05 PM",283,432,Data unavailable.,,89,"As of 4/21/26, 2:05 PM",188,300,"As of 4/21/26, 2:05 PM",240,330
2026-04-21T19:41:05.449400Z,"As of 4/21/26, 2:40 PM",281,432,Data unavailable.,,89,"As of 4/21/26, 2:40 PM",189,300,"As of 4/21/26, 2:40 PM",240,330
2026-04-21T20:06:56.567072Z,"As of 4/21/26, 3:05 PM",281,432,Data unavailable.,,89,"As of 4/21/26, 3:05 PM",189,300,"As of 4/21/26, 3:05 PM",239,330
2026-04-21T20:30:41.080002Z,"As of 4/21/26, 3:30 PM",281,432,Data unavailable.,,89,"As of 4/21/26, 3:30 PM",189,300,"As of 4/21/26, 3:30 PM",240,330
2026-04-21T21:02:39.423902Z,"As of 4/21/26, 4:00 PM",280,432,Data unavailable.,,89,"As of 4/21/26, 4:00 PM",190,300,"As of 4/21/26, 4:00 PM",239,330
2026-04-21T21:29:49.395135Z,"As of 4/21/26, 4:25 PM",279,432,Data unavailable.,,89,"As of 4/21/26, 4:25 PM",192,300,"As of 4/21/26, 4:25 PM",239,330
2026-04-21T21:50:20.009682Z,"As of 4/21/26, 4:50 PM",279,432,Data unavailable.,,89,"As of 4/21/26, 4:50 PM",192,300,"As of 4/21/26, 4:50 PM",239,330
2026-04-21T22:12:32.714879Z,"As of 4/21/26, 5:10 PM",279,432,Data unavailable.,,89,"As of 4/21/26, 5:10 PM",192,300,"As of 4/21/26, 5:10 PM",239,330
2026-04-21T22:27:27.886482Z,"As of 4/21/26, 5:25 PM",278,432,Data unavailable.,,89,"As of 4/21/26, 5:25 PM",192,300,"As of 4/21/26, 5:25 PM",238,330
2026-04-21T22:46:18.480361Z,"As of 4/21/26, 5:45 PM",277,432,Data unavailable.,,89,"As of 4/21/26, 5:45 PM",192,300,"As of 4/21/26, 5:45 PM",236,330
2026-04-21T23:11:10.295008Z,"As of 4/21/26, 6:10 PM",276,432,Data unavailable.,,89,"As of 4/21/26, 6:10 PM",191,300,"As of 4/21/26, 6:10 PM",237,330
2026-04-21T23:25:23.783430Z,"As of 4/21/26, 6:25 PM",276,432,Data unavailable.,,89,"As of 4/21/26, 6:25 PM",192,300,"As of 4/21/26, 6:25 PM",238,330
2026-04-21T23:43:01.253885Z,"As of 4/21/26, 6:40 PM",275,432,Data unavailable.,,89,"As of 4/21/26, 6:40 PM",193,300,"As of 4/21/26, 6:40 PM",239,330
2026-04-21T23:57:33.940979Z,"As of 4/21/26, 6:55 PM",274,432,Data unavailable.,,89,"As of 4/21/26, 6:55 PM",192,300,"As of 4/21/26, 6:55 PM",238,330
2026-04-22T00:37:00.333118Z,"As of 4/21/26, 7:35 PM",272,432,Data unavailable.,,89,"As of 4/21/26, 7:35 PM",192,300,"As of 4/21/26, 7:35 PM",238,330
2026-04-22T01:09:32.706885Z,"As of 4/21/26, 8:05 PM",271,432,Data unavailable.,,89,"As of 4/21/26, 8:05 PM",191,300,"As of 4/21/26, 8:05 PM",237,330
2026-04-22T01:53:10.435546Z,"As of 4/21/26, 8:50 PM",268,432,Data unavailable.,,89,"As of 4/21/26, 8:50 PM",190,300,"As of 4/21/26, 8:50 PM",241,330
2026-04-22T02:59:17.420364Z,"As of 4/21/26, 9:55 PM",265,432,Data unavailable.,,89,"As of 4/21/26, 9:55 PM",190,300,"As of 4/21/26, 9:55 PM",242,330
2026-04-22T04:07:13.877500Z,"As of 4/21/26, 11:05 PM",260,432,Data unavailable.,,89,"As of 4/21/26, 11:05 PM",189,300,"As of 4/21/26, 11:05 PM",285,330
2026-04-22T05:09:47.248131Z,"As of 4/22/26, 12:05 AM",254,432,Data unavailable.,,89,"As of 4/22/26, 12:05 AM",187,300,"As of 4/22/26, 12:05 AM",283,330
2026-04-22T05:54:10.716211Z,"As of 4/22/26, 12:50 AM",250,432,Data unavailable.,,89,"As of 4/22/26, 12:50 AM",185,300,"As of 4/22/26, 12:50 AM",281,330
2026-04-22T06:31:46.870518Z,"As of 4/22/26, 1:30 AM",246,432,Data unavailable.,,89,"As of 4/22/26, 1:30 AM",183,300,"As of 4/22/26, 1:30 AM",278,330
2026-04-22T07:13:40.330427Z,"As of 4/22/26, 2:10 AM",243,432,Data unavailable.,,89,"As of 4/22/26, 2:10 AM",182,300,"As of 4/22/26, 2:10 AM",276,330
2026-04-22T07:56:10.138704Z,"As of 4/22/26, 2:55 AM",239,432,Data unavailable.,,89,"As of 4/22/26, 2:55 AM",179,300,"As of 4/22/26, 2:55 AM",274,330
2026-04-22T08:33:27.158109Z,"As of 4/22/26, 3:30 AM",235,432,Data unavailable.,,89,"As of 4/22/26, 3:30 AM",176,300,"As of 4/22/26, 3:30 AM",278,330
2026-04-22T09:09:09.782005Z,"As of 4/22/26, 4:05 AM",232,432,Data unavailable.,,89,"As of 4/22/26, 4:05 AM",174,300,"As of 4/22/26, 4:05 AM",278,330
2026-04-22T09:47:33.485372Z,"As of 4/22/26, 4:45 AM",228,432,Data unavailable.,,89,"As of 4/22/26, 4:45 AM",171,300,"As of 4/22/26, 4:45 AM",277,330
2026-04-22T10:26:56.496819Z,"As of 4/22/26, 5:25 AM",224,432,Data unavailable.,,89,"As of 4/22/26, 5:25 AM",167,300,"As of 4/22/26, 5:25 AM",279,330
2026-04-22T10:52:27.080100Z,"As of 4/22/26, 5:50 AM",222,432,Data unavailable.,,89,"As of 4/22/26, 5:50 AM",167,300,"As of 4/22/26, 5:50 AM",279,330
2026-04-22T11:22:30.053465Z,"As of 4/22/26, 6:20 AM",219,432,Data unavailable.,,89,"As of 4/22/26, 6:20 AM",165,300,"As of 4/22/26, 6:20 AM",278,330
2026-04-22T11:47:16.151168Z,"As of 4/22/26, 6:45 AM",216,432,Data unavailable.,,89,"As of 4/22/26, 6:45 AM",161,300,"As of 4/22/26, 6:45 AM",281,330
2026-04-22T12:14:59.814621Z,"As of 4/22/26, 7:10 AM",214,432,Data unavailable.,,89,"As of 4/22/26, 7:10 AM",161,300,"As of 4/22/26, 7:10 AM",283,330
2026-04-22T12:41:42.406245Z,"As of 4/22/26, 7:40 AM",210,432,Data unavailable.,,89,"As of 4/22/26, 7:40 AM",160,300,"As of 4/22/26, 7:40 AM",287,330
2026-04-22T13:10:15.216341Z,"As of 4/22/26, 8:10 AM",208,432,Data unavailable.,,89,"As of 4/22/26, 8:10 AM",160,300,"As of 4/22/26, 8:10 AM",289,330
2026-04-22T13:51:44.574772Z,"As of 4/22/26, 8:50 AM",204,432,Data unavailable.,,89,"As of 4/22/26, 8:50 AM",160,300,"As of 4/22/26, 8:50 AM",293,330
2026-04-22T14:30:59.377361Z,"As of 4/22/26, 9:30 AM",200,432,Data unavailable.,,89,"As of 4/22/26, 9:30 AM",159,300,"As of 4/22/26, 9:30 AM",236,330
2026-04-22T15:08:42.304772Z,"As of 4/22/26, 10:05 AM",197,432,Data unavailable.,,89,"As of 4/22/26, 10:05 AM",158,300,"As of 4/22/26, 10:05 AM",237,330
2026-04-22T15:42:46.290673Z,"As of 4/22/26, 10:40 AM",195,432,Data unavailable.,,89,"As of 4/22/26, 10:40 AM",158,300,"As of 4/22/26, 10:40 AM",235,330
2026-04-22T16:10:00.872822Z,"As of 4/22/26, 11:05 AM",193,432,Data unavailable.,,89,"As of 4/22/26, 11:05 AM",157,300,"As of 4/22/26, 11:05 AM",237,330
2026-04-22T16:37:31.587855Z,"As of 4/22/26, 11:35 AM",190,432,Data unavailable.,,89,"As of 4/22/26, 11:35 AM",156,300,"As of 4/22/26, 11:35 AM",236,330
2026-04-22T17:06:21.222574Z,"As of 4/22/26, 12:05 PM",188,432,Data unavailable.,,89,"As of 4/22/26, 12:05 PM",156,300,"As of 4/22/26, 12:05 PM",234,330
2026-04-22T17:35:06.559028Z,"As of 4/22/26, 12:35 PM",186,432,Data unavailable.,,89,"As of 4/22/26, 12:35 PM",152,300,"As of 4/22/26, 12:35 PM",235,330
2026-04-22T18:05:25.937246Z,"As of 4/22/26, 1:05 PM",184,432,Data unavailable.,,89,"As of 4/22/26, 1:05 PM",159,300,"As of 4/22/26, 1:05 PM",234,330
2026-04-22T18:37:29.847323Z,"As of 4/22/26, 1:35 PM",181,432,Data unavailable.,,89,"As of 4/22/26, 1:35 PM",159,300,"As of 4/22/26, 1:35 PM",235,330
2026-04-22T19:07:41.143508Z,"As of 4/22/26, 2:05 PM",179,432,Data unavailable.,,89,"As of 4/22/26, 2:05 PM",159,300,"As of 4/22/26, 2:05 PM",234,330
2026-04-22T19:41:54.143307Z,"As of 4/22/26, 2:40 PM",177,432,Data unavailable.,,89,"As of 4/22/26, 2:40 PM",160,300,"As of 4/22/26, 2:40 PM",233,330
2026-04-22T20:08:08.897775Z,"As of 4/22/26, 3:05 PM",175,432,Data unavailable.,,89,"As of 4/22/26, 3:05 PM",159,300,"As of 4/22/26, 3:05 PM",232,330
2026-04-22T20:32:32.679653Z,"As of 4/22/26, 3:30 PM",173,432,Data unavailable.,,89,"As of 4/22/26, 3:30 PM",162,300,"As of 4/22/26, 3:30 PM",232,330
2026-04-22T21:04:58.209730Z,"As of 4/22/26, 4:00 PM",171,432,Data unavailable.,,89,"As of 4/22/26, 4:00 PM",160,300,"As of 4/22/26, 4:00 PM",232,330
2026-04-22T21:32:17.267437Z,"As of 4/22/26, 4:30 PM",169,432,Data unavailable.,,89,"As of 4/22/26, 4:30 PM",160,300,"As of 4/22/26, 4:30 PM",232,330
2026-04-22T22:01:47.722179Z,"As of 4/22/26, 5:00 PM",166,432,Data unavailable.,,89,"As of 4/22/26, 5:00 PM",161,300,"As of 4/22/26, 5:00 PM",228,330
2026-04-22T22:30:17.908095Z,"As of 4/22/26, 5:30 PM",164,432,Data unavailable.,,89,"As of 4/22/26, 5:30 PM",162,300,"As of 4/22/26, 5:30 PM",229,330
2026-04-22T22:51:07.905159Z,"As of 4/22/26, 5:50 PM",163,432,Data unavailable.,,89,"As of 4/22/26, 5:50 PM",161,300,"As of 4/22/26, 5:50 PM",230,330
2026-04-22T23:14:47.112661Z,"As of 4/22/26, 6:10 PM",161,432,Data unavailable.,,89,"As of 4/22/26, 6:10 PM",161,300,"As of 4/22/26, 6:10 PM",228,330
2026-04-22T23:34:14.444188Z,"As of 4/22/26, 6:30 PM",160,432,Data unavailable.,,89,"As of 4/22/26, 6:30 PM",162,300,"As of 4/22/26, 6:30 PM",230,330
2026-04-23T00:00:18.516527Z,"As of 4/22/26, 7:00 PM",157,432,Data unavailable.,,89,"As of 4/22/26, 7:00 PM",161,300,"As of 4/22/26, 7:00 PM",230,330
2026-04-23T01:00:55.473600Z,"As of 4/22/26, 8:00 PM",153,432,Data unavailable.,,89,"As of 4/22/26, 8:00 PM",162,300,"As of 4/22/26, 8:00 PM",228,330
2026-04-23T01:53:13.801466Z,"As of 4/22/26, 8:50 PM",149,432,Data unavailable.,,89,"As of 4/22/26, 8:50 PM",163,300,"As of 4/22/26, 8:50 PM",224,330
2026-04-23T02:59:10.365964Z,"As of 4/22/26, 9:55 PM",145,432,Data unavailable.,,89,"As of 4/22/26, 9:55 PM",163,300,"As of 4/22/26, 9:55 PM",228,330
2026-04-23T04:08:57.574244Z,"As of 4/22/26, 11:05 PM",138,432,Data unavailable.,,89,"As of 4/22/26, 11:05 PM",163,300,"As of 4/22/26, 11:05 PM",284,330
2026-04-23T05:12:41.115872Z,"As of 4/23/26, 12:10 AM",131,432,Data unavailable.,,89,"As of 4/23/26, 12:10 AM",162,300,"As of 4/23/26, 12:10 AM",281,330
2026-04-23T05:57:53.688506Z,"As of 4/23/26, 12:55 AM",125,432,Data unavailable.,,89,"As of 4/23/26, 12:55 AM",161,300,"As of 4/23/26, 12:55 AM",284,330
2026-04-23T06:45:13.556270Z,"As of 4/23/26, 1:45 AM",119,432,Data unavailable.,,89,"As of 4/23/26, 1:45 AM",160,300,"As of 4/23/26, 1:45 AM",285,330
2026-04-23T07:17:15.014422Z,"As of 4/23/26, 2:15 AM",116,432,Data unavailable.,,89,"As of 4/23/26, 2:15 AM",160,300,"As of 4/23/26, 2:15 AM",282,330
2026-04-23T08:09:03.030689Z,"As of 4/23/26, 3:05 AM",110,432,Data unavailable.,,89,"As of 4/23/26, 3:05 AM",158,300,"As of 4/23/26, 3:05 AM",278,330
2026-04-23T08:52:15.464147Z,"As of 4/23/26, 3:50 AM",104,432,Data unavailable.,,89,"As of 4/23/26, 3:50 AM",155,300,"As of 4/23/26, 3:50 AM",272,330
2026-04-23T09:30:02.105040Z,"As of 4/23/26, 4:25 AM",100,432,Data unavailable.,,89,"As of 4/23/26, 4:25 AM",153,300,"As of 4/23/26, 4:25 AM",273,330
2026-04-23T10:06:04.968850Z,"As of 4/23/26, 5:05 AM",96,432,Data unavailable.,,89,"As of 4/23/26, 5:05 AM",151,300,"As of 4/23/26, 5:05 AM",269,330
2026-04-23T10:45:41.316711Z,"As of 4/23/26, 5:45 AM",91,432,Data unavailable.,,89,"As of 4/23/26, 5:45 AM",149,300,"As of 4/23/26, 5:45 AM",271,330
2026-04-23T11:23:21.686484Z,"As of 4/23/26, 6:20 AM",87,432,Data unavailable.,,89,"As of 4/23/26, 6:20 AM",147,300,"As of 4/23/26, 6:20 AM",269,330
2026-04-23T11:48:29.715321Z,"As of 4/23/26, 6:45 AM",84,432,Data unavailable.,,89,"As of 4/23/26, 6:45 AM",145,300,"As of 4/23/26, 6:45 AM",271,330
2026-04-23T12:15:56.730161Z,"As of 4/23/26, 7:15 AM",81,432,Data unavailable.,,89,"As of 4/23/26, 7:15 AM",131,300,"As of 4/23/26, 7:15 AM",274,330
2026-04-23T12:48:44.126711Z,"As of 4/23/26, 7:45 AM",78,432,Data unavailable.,,89,"As of 4/23/26, 7:45 AM",121,300,"As of 4/23/26, 7:45 AM",274,330
2026-04-23T13:30:11.435486Z,"As of 4/23/26, 8:30 AM",73,432,Data unavailable.,,89,"As of 4/23/26, 8:30 AM",127,300,"As of 4/23/26, 8:30 AM",279,330
2026-04-23T14:14:18.386076Z,"As of 4/23/26, 9:10 AM",68,432,Data unavailable.,,89,"As of 4/23/26, 9:10 AM",133,300,"As of 4/23/26, 9:10 AM",265,330
2026-04-23T15:01:28.777521Z,"As of 4/23/26, 10:00 AM",66,432,Data unavailable.,,89,"As of 4/23/26, 10:00 AM",135,300,"As of 4/23/26, 10:00 AM",162,330
2026-04-23T15:52:14.209442Z,"As of 4/23/26, 10:50 AM",65,432,Data unavailable.,,89,"As of 4/23/26, 10:50 AM",136,300,"As of 4/23/26, 10:50 AM",162,330
2026-04-23T16:30:07.273519Z,"As of 4/23/26, 11:30 AM",64,432,Data unavailable.,,89,"As of 4/23/26, 11:30 AM",137,300,"As of 4/23/26, 11:30 AM",163,330
2026-04-23T17:03:11.142262Z,"As of 4/23/26, 12:00 PM",63,432,Data unavailable.,,89,"As of 4/23/26, 12:00 PM",139,300,"As of 4/23/26, 12:00 PM",163,330
2026-04-23T17:44:41.148799Z,"As of 4/23/26, 12:40 PM",62,432,Data unavailable.,,89,"As of 4/23/26, 12:40 PM",139,300,"As of 4/23/26, 12:40 PM",164,330
2026-04-23T18:11:26.602189Z,"As of 4/23/26, 1:10 PM",61,432,Data unavailable.,,89,"As of 4/23/26, 1:10 PM",140,300,"As of 4/23/26, 1:10 PM",164,330
2026-04-23T18:40:13.074388Z,"As of 4/23/26, 1:40 PM",61,432,Data unavailable.,,89,"As of 4/23/26, 1:40 PM",140,300,"As of 4/23/26, 1:40 PM",163,330
2026-04-23T19:07:07.937979Z,"As of 4/23/26, 2:05 PM",60,432,Data unavailable.,,89,"As of 4/23/26, 2:05 PM",143,300,"As of 4/23/26, 2:05 PM",162,330
2026-04-23T19:42:52.444316Z,"As of 4/23/26, 2:40 PM",59,432,Data unavailable.,,89,"As of 4/23/26, 2:40 PM",145,300,"As of 4/23/26, 2:40 PM",161,330
2026-04-23T20:09:35.674398Z,"As of 4/23/26, 3:05 PM",58,432,Data unavailable.,,89,"As of 4/23/26, 3:05 PM",145,300,"As of 4/23/26, 3:05 PM",161,330
2026-04-23T20:33:56.090428Z,"As of 4/23/26, 3:30 PM",57,432,Data unavailable.,,89,"As of 4/23/26, 3:30 PM",146,300,"As of 4/23/26, 3:30 PM",159,330
2026-04-23T21:03:09.488223Z,"As of 4/23/26, 4:00 PM",57,432,Data unavailable.,,89,"As of 4/23/26, 4:00 PM",148,300,"As of 4/23/26, 4:00 PM",161,330
2026-04-23T21:29:46.554316Z,"As of 4/23/26, 4:25 PM",56,432,Data unavailable.,,89,"As of 4/23/26, 4:25 PM",153,300,"As of 4/23/26, 4:25 PM",161,330
2026-04-23T21:50:46.599943Z,"As of 4/23/26, 4:50 PM",55,432,Data unavailable.,,89,"As of 4/23/26, 4:50 PM",152,300,"As of 4/23/26, 4:50 PM",159,330
2026-04-23T22:12:26.795380Z,"As of 4/23/26, 5:10 PM",55,432,Data unavailable.,,89,"As of 4/23/26, 5:10 PM",150,300,"As of 4/23/26, 5:10 PM",158,330
2026-04-23T22:29:47.397340Z,"As of 4/23/26, 5:25 PM",54,432,Data unavailable.,,89,"As of 4/23/26, 5:25 PM",151,300,"As of 4/23/26, 5:25 PM",158,330
2026-04-23T22:50:21.839807Z,"As of 4/23/26, 5:50 PM",54,432,Data unavailable.,,89,"As of 4/23/26, 5:50 PM",151,300,"As of 4/23/26, 5:50 PM",158,330
2026-04-23T23:14:08.395820Z,"As of 4/23/26, 6:10 PM",53,432,Data unavailable.,,89,"As of 4/23/26, 6:10 PM",151,300,"As of 4/23/26, 6:10 PM",158,330
2026-04-23T23:32:11.017131Z,"As of 4/23/26, 6:30 PM",52,432,Data unavailable.,,89,"As of 4/23/26, 6:30 PM",150,300,"As of 4/23/26, 6:30 PM",157,330
2026-04-24T00:00:45.699311Z,"As of 4/23/26, 7:00 PM",52,432,Data unavailable.,,89,"As of 4/23/26, 7:00 PM",152,300,"As of 4/23/26, 7:00 PM",160,330
2026-04-24T01:04:58.886073Z,"As of 4/23/26, 8:00 PM",50,432,Data unavailable.,,89,"As of 4/23/26, 8:00 PM",151,300,"As of 4/23/26, 8:00 PM",158,330
2026-04-24T01:53:21.762687Z,"As of 4/23/26, 8:50 PM",49,432,Data unavailable.,,89,"As of 4/23/26, 8:50 PM",150,300,"As of 4/23/26, 8:50 PM",157,330
2026-04-24T02:59:22.419053Z,"As of 4/23/26, 9:55 PM",47,432,Data unavailable.,,89,"As of 4/23/26, 9:55 PM",151,300,"As of 4/23/26, 9:55 PM",152,330
2026-04-24T04:11:38.515313Z,"As of 4/23/26, 11:10 PM",43,432,Data unavailable.,,89,"As of 4/23/26, 11:10 PM",151,300,"As of 4/23/26, 11:10 PM",217,330
2026-04-24T05:16:35.511871Z,"As of 4/24/26, 12:15 AM",38,432,Data unavailable.,,89,"As of 4/24/26, 12:15 AM",149,300,"As of 4/24/26, 12:15 AM",215,330
2026-04-24T06:13:09.998725Z,"As of 4/24/26, 1:10 AM",34,432,Data unavailable.,,89,"As of 4/24/26, 1:10 AM",148,300,"As of 4/24/26, 1:10 AM",217,330
2026-04-24T06:58:01.864296Z,"As of 4/24/26, 1:55 AM",31,432,Data unavailable.,,89,"As of 4/24/26, 1:55 AM",144,300,"As of 4/24/26, 1:55 AM",213,330
2026-04-24T07:40:58.142875Z,"As of 4/24/26, 2:40 AM",28,432,Data unavailable.,,89,"As of 4/24/26, 2:40 AM",144,300,"As of 4/24/26, 2:40 AM",208,330
2026-04-24T08:26:05.022930Z,"As of 4/24/26, 3:25 AM",24,432,Data unavailable.,,89,"As of 4/24/26, 3:25 AM",142,300,"As of 4/24/26, 3:25 AM",208,330
2026-04-24T09:08:53.928056Z,"As of 4/24/26, 4:05 AM",22,432,Data unavailable.,,89,"As of 4/24/26, 4:05 AM",141,300,"As of 4/24/26, 4:05 AM",205,330
2026-04-24T09:50:27.695961Z,"As of 4/24/26, 4:50 AM",18,432,Data unavailable.,,89,"As of 4/24/26, 4:50 AM",138,300,"As of 4/24/26, 4:50 AM",202,330
2026-04-24T10:28:27.348575Z,"As of 4/24/26, 5:25 AM",15,432,Data unavailable.,,89,"As of 4/24/26, 5:25 AM",137,300,"As of 4/24/26, 5:25 AM",199,330
2026-04-24T10:54:58.105573Z,"As of 4/24/26, 5:50 AM",14,432,Data unavailable.,,89,"As of 4/24/26, 5:50 AM",136,300,"As of 4/24/26, 5:50 AM",193,330
2026-04-24T11:23:06.638447Z,"As of 4/24/26, 6:20 AM",12,432,Data unavailable.,,89,"As of 4/24/26, 6:20 AM",133,300,"As of 4/24/26, 6:20 AM",138,330
2026-04-24T11:48:10.869850Z,"As of 4/24/26, 6:45 AM",12,432,Data unavailable.,,89,"As of 4/24/26, 6:45 AM",133,300,"As of 4/24/26, 6:45 AM",138,330
2026-04-24T12:14:46.216792Z,"As of 4/24/26, 7:10 AM",11,432,Data unavailable.,,89,"As of 4/24/26, 7:10 AM",132,300,"As of 4/24/26, 7:10 AM",140,330
2026-04-24T12:40:44.365589Z,"As of 4/24/26, 7:40 AM",10,432,Data unavailable.,,89,"As of 4/24/26, 7:40 AM",130,300,"As of 4/24/26, 7:40 AM",141,330
2026-04-24T13:08:36.926188Z,"As of 4/24/26, 8:05 AM",9,432,Data unavailable.,,89,"As of 4/24/26, 8:05 AM",129,300,"As of 4/24/26, 8:05 AM",143,330
2026-04-24T13:50:51.172141Z,"As of 4/24/26, 8:50 AM",9,432,Data unavailable.,,89,"As of 4/24/26, 8:50 AM",130,300,"As of 4/24/26, 8:50 AM",89,330
2026-04-24T14:30:39.565117Z,"As of 4/24/26, 9:30 AM",10,432,Data unavailable.,,89,"As of 4/24/26, 9:30 AM",129,300,"As of 4/24/26, 9:30 AM",90,330
2026-04-24T15:07:06.911338Z,"As of 4/24/26, 10:05 AM",10,432,Data unavailable.,,89,"As of 4/24/26, 10:05 AM",129,300,"As of 4/24/26, 10:05 AM",91,330
2026-04-24T15:41:14.979300Z,"As of 4/24/26, 10:40 AM",11,432,Data unavailable.,,89,"As of 4/24/26, 10:40 AM",128,300,"As of 4/24/26, 10:40 AM",92,330
2026-04-24T16:07:17.903670Z,"As of 4/24/26, 11:05 AM",11,432,Data unavailable.,,89,"As of 4/24/26, 11:05 AM",130,300,"As of 4/24/26, 11:05 AM",91,330
2026-04-24T16:34:29.872217Z,"As of 4/24/26, 11:30 AM",12,432,Data unavailable.,,89,"As of 4/24/26, 11:30 AM",129,300,"As of 4/24/26, 11:30 AM",91,330
2026-04-24T17:05:40.633043Z,"As of 4/24/26, 12:05 PM",12,432,Data unavailable.,,89,"As of 4/24/26, 12:05 PM",130,300,"As of 4/24/26, 12:05 PM",92,330
2026-04-24T17:33:00.397065Z,"As of 4/24/26, 12:30 PM",13,432,Data unavailable.,,89,"As of 4/24/26, 12:30 PM",132,300,"As of 4/24/26, 12:30 PM",91,330
2026-04-24T17:59:40.945674Z,"As of 4/24/26, 12:55 PM",13,432,Data unavailable.,,89,"As of 4/24/26, 12:55 PM",132,300,"As of 4/24/26, 12:55 PM",92,330
2026-04-24T18:24:16.858771Z,"As of 4/24/26, 1:20 PM",13,432,Data unavailable.,,89,"As of 4/24/26, 1:20 PM",133,300,"As of 4/24/26, 1:20 PM",92,330
2026-04-24T18:44:47.327379Z,"As of 4/24/26, 1:40 PM",13,432,Data unavailable.,,89,"As of 4/24/26, 1:40 PM",134,300,"As of 4/24/26, 1:40 PM",92,330
2026-04-24T19:09:39.028770Z,"As of 4/24/26, 2:05 PM",14,432,Data unavailable.,,89,"As of 4/24/26, 2:05 PM",133,300,"As of 4/24/26, 2:05 PM",92,330
2026-04-24T19:33:47.503973Z,"As of 4/24/26, 2:30 PM",14,432,Data unavailable.,,89,"As of 4/24/26, 2:30 PM",133,300,"As of 4/24/26, 2:30 PM",92,330
2026-04-24T20:00:18.434394Z,"As of 4/24/26, 3:00 PM",14,432,Data unavailable.,,89,"As of 4/24/26, 3:00 PM",134,300,"As of 4/24/26, 3:00 PM",90,330
2026-04-24T20:23:33.488220Z,"As of 4/24/26, 3:20 PM",15,432,Data unavailable.,,89,"As of 4/24/26, 3:20 PM",135,300,"As of 4/24/26, 3:20 PM",90,330
2026-04-24T20:44:32.834079Z,"As of 4/24/26, 3:40 PM",15,432,Data unavailable.,,89,"As of 4/24/26, 3:40 PM",134,300,"As of 4/24/26, 3:40 PM",90,330
2026-04-24T21:06:03.586536Z,"As of 4/24/26, 4:05 PM",15,432,Data unavailable.,,89,"As of 4/24/26, 4:05 PM",136,300,"As of 4/24/26, 4:05 PM",89,330
2026-04-24T21:31:18.951558Z,"As of 4/24/26, 4:30 PM",15,432,Data unavailable.,,89,"As of 4/24/26, 4:30 PM",136,300,"As of 4/24/26, 4:30 PM",89,330
2026-04-24T22:00:45.066323Z,"As of 4/24/26, 5:00 PM",16,432,Data unavailable.,,89,"As of 4/24/26, 5:00 PM",137,300,"As of 4/24/26, 5:00 PM",87,330
2026-04-24T22:27:34.452261Z,"As of 4/24/26, 5:25 PM",16,432,Data unavailable.,,89,"As of 4/24/26, 5:25 PM",137,300,"As of 4/24/26, 5:25 PM",88,330
2026-04-24T22:46:28.657378Z,"As of 4/24/26, 5:45 PM",16,432,Data unavailable.,,89,"As of 4/24/26, 5:45 PM",138,300,"As of 4/24/26, 5:45 PM",88,330
2026-04-24T23:11:44.661402Z,"As of 4/24/26, 6:10 PM",17,432,Data unavailable.,,89,"As of 4/24/26, 6:10 PM",136,300,"As of 4/24/26, 6:10 PM",89,330
2026-04-24T23:28:23.391105Z,"As of 4/24/26, 6:25 PM",17,432,Data unavailable.,,89,"As of 4/24/26, 6:25 PM",138,300,"As of 4/24/26, 6:25 PM",89,330
2026-04-24T23:47:35.841366Z,"As of 4/24/26, 6:45 PM",17,432,Data unavailable.,,89,"As of 4/24/26, 6:45 PM",137,300,"As of 4/24/26, 6:45 PM",89,330
2026-04-25T00:11:41.070637Z,"As of 4/24/26, 7:10 PM",18,432,Data unavailable.,,89,"As of 4/24/26, 7:10 PM",138,300,"As of 4/24/26, 7:10 PM",88,330
2026-04-25T00:59:44.792748Z,"As of 4/24/26, 7:55 PM",18,432,Data unavailable.,,89,"As of 4/24/26, 7:55 PM",137,300,"As of 4/24/26, 7:55 PM",88,330
2026-04-25T01:42:23.388794Z,"As of 4/24/26, 8:40 PM",19,432,Data unavailable.,,89,"As of 4/24/26, 8:40 PM",139,300,"As of 4/24/26, 8:40 PM",87,330
2026-04-25T02:39:20.510075Z,"As of 4/24/26, 9:35 PM",20,432,Data unavailable.,,89,"As of 4/24/26, 9:35 PM",139,300,"As of 4/24/26, 9:35 PM",84,330
2026-04-25T03:44:31.133540Z,"As of 4/24/26, 10:40 PM",20,432,Data unavailable.,,89,"As of 4/24/26, 10:40 PM",139,300,"As of 4/24/26, 10:40 PM",149,330
2026-04-25T04:41:34.987597Z,"As of 4/24/26, 11:40 PM",18,432,Data unavailable.,,89,"As of 4/24/26, 11:40 PM",137,300,"As of 4/24/26, 11:40 PM",147,330
2026-04-25T05:25:17.291084Z,"As of 4/25/26, 12:25 AM",16,432,Data unavailable.,,89,"As of 4/25/26, 12:25 AM",137,300,"As of 4/25/26, 12:25 AM",146,330
2026-04-25T06:01:37.957536Z,"As of 4/25/26, 1:00 AM",15,432,Data unavailable.,,89,"As of 4/25/26, 1:00 AM",137,300,"As of 4/25/26, 1:00 AM",144,330
2026-04-25T06:45:26.192754Z,"As of 4/25/26, 1:45 AM",14,432,Data unavailable.,,89,"As of 4/25/26, 1:45 AM",135,300,"As of 4/25/26, 1:45 AM",143,330
2026-04-25T07:28:09.866404Z,"As of 4/25/26, 2:25 AM",13,432,Data unavailable.,,89,"As of 4/25/26, 2:25 AM",134,300,"As of 4/25/26, 2:25 AM",142,330
2026-04-25T07:54:54.504328Z,"As of 4/25/26, 2:50 AM",12,432,Data unavailable.,,89,"As of 4/25/26, 2:50 AM",134,300,"As of 4/25/26, 2:50 AM",140,330
2026-04-25T08:16:00.774341Z,"As of 4/25/26, 3:15 AM",11,432,Data unavailable.,,89,"As of 4/25/26, 3:15 AM",133,300,"As of 4/25/26, 3:15 AM",139,330
2026-04-25T08:45:00.849221Z,"As of 4/25/26, 3:40 AM",10,432,Data unavailable.,,89,"As of 4/25/26, 3:40 AM",131,300,"As of 4/25/26, 3:40 AM",123,330
2026-04-25T09:08:01.351790Z,"As of 4/25/26, 4:05 AM",10,432,Data unavailable.,,89,"As of 4/25/26, 4:05 AM",130,300,"As of 4/25/26, 4:05 AM",120,330
2026-04-25T09:32:41.864666Z,"As of 4/25/26, 4:30 AM",9,432,Data unavailable.,,89,"As of 4/25/26, 4:30 AM",129,300,"As of 4/25/26, 4:30 AM",118,330
2026-04-25T10:01:39.879908Z,"As of 4/25/26, 5:00 AM",8,432,Data unavailable.,,89,"As of 4/25/26, 5:00 AM",128,300,"As of 4/25/26, 5:00 AM",118,330
2026-04-25T10:29:21.385345Z,"As of 4/25/26, 5:25 AM",8,432,Data unavailable.,,89,"As of 4/25/26, 5:25 AM",127,300,"As of 4/25/26, 5:25 AM",108,330
2026-04-25T10:49:19.697813Z,"As of 4/25/26, 5:45 AM",7,432,Data unavailable.,,89,"As of 4/25/26, 5:45 AM",125,300,"As of 4/25/26, 5:45 AM",107,330
2026-04-25T11:13:36.532596Z,"As of 4/25/26, 6:10 AM",6,432,Data unavailable.,,89,"As of 4/25/26, 6:10 AM",124,300,"As of 4/25/26, 6:10 AM",109,330
2026-04-25T11:28:56.429261Z,"As of 4/25/26, 6:25 AM",6,432,Data unavailable.,,89,"As of 4/25/26, 6:25 AM",123,300,"As of 4/25/26, 6:25 AM",109,330
2026-04-25T11:47:38.281782Z,"As of 4/25/26, 6:45 AM",5,432,Data unavailable.,,89,"As of 4/25/26, 6:45 AM",121,300,"As of 4/25/26, 6:45 AM",109,330
2026-04-25T12:07:43.927271Z,"As of 4/25/26, 7:05 AM",7,432,Data unavailable.,,89,"As of 4/25/26, 7:05 AM",120,300,"As of 4/25/26, 7:05 AM",69,330
2026-04-25T12:28:41.149869Z,"As of 4/25/26, 7:25 AM",7,432,Data unavailable.,,89,"As of 4/25/26, 7:25 AM",120,300,"As of 4/25/26, 7:25 AM",69,330
2026-04-25T12:50:16.621369Z,"As of 4/25/26, 7:50 AM",7,432,Data unavailable.,,89,"As of 4/25/26, 7:50 AM",118,300,"As of 4/25/26, 7:50 AM",69,330
2026-04-25T13:26:20.684186Z,"As of 4/25/26, 8:25 AM",8,432,Data unavailable.,,89,"As of 4/25/26, 8:25 AM",116,300,"As of 4/25/26, 8:25 AM",71,330
2026-04-25T13:52:17.745255Z,"As of 4/25/26, 8:50 AM",8,432,Data unavailable.,,89,"As of 4/25/26, 8:50 AM",116,300,"As of 4/25/26, 8:50 AM",75,330
2026-04-25T14:14:31.790824Z,"As of 4/25/26, 9:10 AM",8,432,Data unavailable.,,89,"As of 4/25/26, 9:10 AM",115,300,"As of 4/25/26, 9:10 AM",76,330
2026-04-25T14:32:23.376089Z,"As of 4/25/26, 9:30 AM",8,432,Data unavailable.,,89,"As of 4/25/26, 9:30 AM",91,300,"As of 4/25/26, 9:30 AM",79,330
2026-04-25T14:59:49.079554Z,"As of 4/25/26, 9:55 AM",9,432,Data unavailable.,,89,"As of 4/25/26, 9:55 AM",95,300,"As of 4/25/26, 9:55 AM",79,330
2026-04-25T15:21:21.784609Z,"As of 4/25/26, 10:20 AM",9,432,Data unavailable.,,89,"As of 4/25/26, 10:20 AM",98,300,"As of 4/25/26, 10:20 AM",81,330
2026-04-25T15:43:32.657604Z,"As of 4/25/26, 10:40 AM",9,432,Data unavailable.,,89,"As of 4/25/26, 10:40 AM",101,300,"As of 4/25/26, 10:40 AM",85,330
2026-04-25T15:59:17.819915Z,"As of 4/25/26, 10:55 AM",10,432,Data unavailable.,,89,"As of 4/25/26, 10:55 AM",101,300,"As of 4/25/26, 10:55 AM",84,330
2026-04-25T16:20:34.339934Z,"As of 4/25/26, 11:20 AM",10,432,Data unavailable.,,89,"As of 4/25/26, 11:20 AM",103,300,"As of 4/25/26, 11:20 AM",86,330
2026-04-25T16:44:03.332687Z,"As of 4/25/26, 11:40 AM",10,432,Data unavailable.,,89,"As of 4/25/26, 11:40 AM",104,300,"As of 4/25/26, 11:40 AM",86,330
2026-04-25T17:03:26.305448Z,"As of 4/25/26, 12:00 PM",11,432,Data unavailable.,,89,"As of 4/25/26, 12:00 PM",105,300,"As of 4/25/26, 12:00 PM",88,330
2026-04-25T17:26:56.947556Z,"As of 4/25/26, 12:25 PM",11,432,Data unavailable.,,89,"As of 4/25/26, 12:25 PM",107,300,"As of 4/25/26, 12:25 PM",88,330
2026-04-25T17:45:28.344084Z,"As of 4/25/26, 12:45 PM",11,432,Data unavailable.,,89,"As of 4/25/26, 12:45 PM",109,300,"As of 4/25/26, 12:45 PM",88,330
2026-04-25T18:09:27.065870Z,"As of 4/25/26, 1:05 PM",11,432,Data unavailable.,,89,"As of 4/25/26, 1:05 PM",116,300,"As of 4/25/26, 1:05 PM",87,330
2026-04-25T18:28:08.293651Z,"As of 4/25/26, 1:25 PM",12,432,Data unavailable.,,89,"As of 4/25/26, 1:25 PM",117,300,"As of 4/25/26, 1:25 PM",90,330
2026-04-25T18:48:44.790633Z,"As of 4/25/26, 1:45 PM",12,432,Data unavailable.,,89,"As of 4/25/26, 1:45 PM",118,300,"As of 4/25/26, 1:45 PM",86,330
2026-04-25T19:15:41.192642Z,"As of 4/25/26, 2:15 PM",12,432,Data unavailable.,,89,"As of 4/25/26, 2:15 PM",119,300,"As of 4/25/26, 2:15 PM",86,330
2026-04-25T19:44:02.883066Z,"As of 4/25/26, 2:40 PM",13,432,Data unavailable.,,89,"As of 4/25/26, 2:40 PM",120,300,"As of 4/25/26, 2:40 PM",85,330
2026-04-25T19:58:58.883400Z,"As of 4/25/26, 2:55 PM",13,432,Data unavailable.,,89,"As of 4/25/26, 2:55 PM",121,300,"As of 4/25/26, 2:55 PM",86,330
2026-04-25T20:19:05.253496Z,"As of 4/25/26, 3:15 PM",13,432,Data unavailable.,,89,"As of 4/25/26, 3:15 PM",121,300,"As of 4/25/26, 3:15 PM",87,330
2026-04-25T20:43:37.908887Z,"As of 4/25/26, 3:40 PM",13,432,Data unavailable.,,89,"As of 4/25/26, 3:40 PM",122,300,"As of 4/25/26, 3:40 PM",86,330
2026-04-25T21:00:04.241930Z,"As of 4/25/26, 4:00 PM",14,432,Data unavailable.,,89,"As of 4/25/26, 4:00 PM",123,300,"As of 4/25/26, 4:00 PM",85,330
2026-04-25T21:18:50.033630Z,"As of 4/25/26, 4:15 PM",14,432,Data unavailable.,,89,"As of 4/25/26, 4:15 PM",123,300,"As of 4/25/26, 4:15 PM",83,330
2026-04-25T21:42:58.521204Z,"As of 4/25/26, 4:40 PM",14,432,Data unavailable.,,89,"As of 4/25/26, 4:40 PM",124,300,"As of 4/25/26, 4:40 PM",84,330
2026-04-25T21:57:29.379071Z,"As of 4/25/26, 4:55 PM",14,432,Data unavailable.,,89,"As of 4/25/26, 4:55 PM",123,300,"As of 4/25/26, 4:55 PM",83,330
2026-04-25T22:12:45.169591Z,"As of 4/25/26, 5:10 PM",14,432,Data unavailable.,,89,"As of 4/25/26, 5:10 PM",124,300,"As of 4/25/26, 5:10 PM",83,330
2026-04-25T22:26:53.180327Z,"As of 4/25/26, 5:25 PM",14,432,Data unavailable.,,89,"As of 4/25/26, 5:25 PM",125,300,"As of 4/25/26, 5:25 PM",83,330
2026-04-25T22:45:13.142015Z,"As of 4/25/26, 5:45 PM",15,432,Data unavailable.,,89,"As of 4/25/26, 5:45 PM",125,300,"As of 4/25/26, 5:45 PM",82,330
2026-04-25T23:01:30.637104Z,"As of 4/25/26, 6:00 PM",15,432,Data unavailable.,,89,"As of 4/25/26, 6:00 PM",125,300,"As of 4/25/26, 6:00 PM",83,330
2026-04-25T23:24:50.119615Z,"As of 4/25/26, 6:20 PM",15,432,Data unavailable.,,89,"As of 4/25/26, 6:20 PM",125,300,"As of 4/25/26, 6:20 PM",82,330
2026-04-25T23:43:19.938143Z,"As of 4/25/26, 6:40 PM",15,432,Data unavailable.,,89,"As of 4/25/26, 6:40 PM",126,300,"As of 4/25/26, 6:40 PM",83,330
2026-04-25T23:58:48.842498Z,"As of 4/25/26, 6:55 PM",15,432,Data unavailable.,,89,"As of 4/25/26, 6:55 PM",126,300,"As of 4/25/26, 6:55 PM",82,330
2026-04-26T00:59:04.734462Z,"As of 4/25/26, 7:55 PM",16,432,Data unavailable.,,89,"As of 4/25/26, 7:55 PM",131,300,"As of 4/25/26, 7:55 PM",82,330
2026-04-26T01:41:13.180612Z,"As of 4/25/26, 8:40 PM",16,432,Data unavailable.,,89,"As of 4/25/26, 8:40 PM",130,300,"As of 4/25/26, 8:40 PM",82,330
2026-04-26T02:38:13.910106Z,"As of 4/25/26, 9:35 PM",17,432,Data unavailable.,,89,"As of 4/25/26, 9:35 PM",130,300,"As of 4/25/26, 9:35 PM",81,330
2026-04-26T03:57:41.300097Z,"As of 4/25/26, 10:55 PM",18,432,Data unavailable.,,89,"As of 4/25/26, 10:55 PM",129,300,"As of 4/25/26, 10:55 PM",83,330
2026-04-26T05:06:05.729610Z,"As of 4/26/26, 12:05 AM",19,432,Data unavailable.,,89,"As of 4/26/26, 12:05 AM",127,300,"As of 4/26/26, 12:05 AM",80,330
2026-04-26T05:58:09.635459Z,"As of 4/26/26, 12:55 AM",20,432,Data unavailable.,,89,"As of 4/26/26, 12:55 AM",128,300,"As of 4/26/26, 12:55 AM",76,330
2026-04-26T06:45:22.441595Z,"As of 4/26/26, 1:45 AM",20,432,Data unavailable.,,89,"As of 4/26/26, 1:45 AM",126,300,"As of 4/26/26, 1:45 AM",74,330
2026-04-26T07:29:55.213295Z,"As of 4/26/26, 2:25 AM",21,432,Data unavailable.,,89,"As of 4/26/26, 2:25 AM",124,300,"As of 4/26/26, 2:25 AM",72,330
2026-04-26T08:04:42.205248Z,"As of 4/26/26, 3:00 AM",21,432,Data unavailable.,,89,"As of 4/26/26, 3:00 AM",123,300,"As of 4/26/26, 3:00 AM",70,330
2026-04-26T08:40:10.868865Z,"As of 4/26/26, 3:40 AM",22,432,Data unavailable.,,89,"As of 4/26/26, 3:40 AM",121,300,"As of 4/26/26, 3:40 AM",67,330
2026-04-26T09:06:16.753814Z,"As of 4/26/26, 4:05 AM",22,432,Data unavailable.,,89,"As of 4/26/26, 4:05 AM",121,300,"As of 4/26/26, 4:05 AM",68,330
2026-04-26T09:33:21.066970Z,"As of 4/26/26, 4:30 AM",22,432,Data unavailable.,,89,"As of 4/26/26, 4:30 AM",121,300,"As of 4/26/26, 4:30 AM",67,330
2026-04-26T10:03:05.578591Z,"As of 4/26/26, 5:00 AM",22,432,Data unavailable.,,89,"As of 4/26/26, 5:00 AM",119,300,"As of 4/26/26, 5:00 AM",66,330
2026-04-26T10:29:37.367546Z,"As of 4/26/26, 5:25 AM",23,432,Data unavailable.,,89,"As of 4/26/26, 5:25 AM",118,300,"As of 4/26/26, 5:25 AM",67,330
2026-04-26T10:50:06.585371Z,"As of 4/26/26, 5:50 AM",23,432,Data unavailable.,,89,"As of 4/26/26, 5:50 AM",118,300,"As of 4/26/26, 5:50 AM",66,330
2026-04-26T11:13:41.103084Z,"As of 4/26/26, 6:10 AM",23,432,Data unavailable.,,89,"As of 4/26/26, 6:10 AM",116,300,"As of 4/26/26, 6:10 AM",66,330
2026-04-26T11:29:24.168948Z,"As of 4/26/26, 6:25 AM",23,432,Data unavailable.,,89,"As of 4/26/26, 6:25 AM",117,300,"As of 4/26/26, 6:25 AM",67,330
2026-04-26T11:48:23.801186Z,"As of 4/26/26, 6:45 AM",23,432,Data unavailable.,,89,"As of 4/26/26, 6:45 AM",115,300,"As of 4/26/26, 6:45 AM",65,330
2026-04-26T12:09:17.466892Z,"As of 4/26/26, 7:05 AM",23,432,Data unavailable.,,89,"As of 4/26/26, 7:05 AM",112,300,"As of 4/26/26, 7:05 AM",67,330
2026-04-26T12:30:05.976962Z,"As of 4/26/26, 7:30 AM",24,432,Data unavailable.,,89,"As of 4/26/26, 7:30 AM",112,300,"As of 4/26/26, 7:30 AM",67,330
2026-04-26T12:52:25.850726Z,"As of 4/26/26, 7:50 AM",24,432,Data unavailable.,,89,"As of 4/26/26, 7:50 AM",112,300,"As of 4/26/26, 7:50 AM",67,330
2026-04-26T13:27:00.743763Z,"As of 4/26/26, 8:25 AM",24,432,Data unavailable.,,89,"As of 4/26/26, 8:25 AM",103,300,"As of 4/26/26, 8:25 AM",71,330
2026-04-26T13:53:48.213952Z,"As of 4/26/26, 8:50 AM",24,432,Data unavailable.,,89,"As of 4/26/26, 8:50 AM",103,300,"As of 4/26/26, 8:50 AM",72,330
2026-04-26T14:14:09.312004Z,"As of 4/26/26, 9:10 AM",25,432,Data unavailable.,,89,"As of 4/26/26, 9:10 AM",105,300,"As of 4/26/26, 9:10 AM",73,330
2026-04-26T14:32:34.643789Z,"As of 4/26/26, 9:30 AM",25,432,Data unavailable.,,89,"As of 4/26/26, 9:30 AM",103,300,"As of 4/26/26, 9:30 AM",75,330
2026-04-26T15:00:35.641575Z,"As of 4/26/26, 10:00 AM",25,432,Data unavailable.,,89,"As of 4/26/26, 10:00 AM",104,300,"As of 4/26/26, 10:00 AM",76,330
2026-04-26T15:28:34.799673Z,"As of 4/26/26, 10:25 AM",25,432,Data unavailable.,,89,"As of 4/26/26, 10:25 AM",105,300,"As of 4/26/26, 10:25 AM",78,330
2026-04-26T15:48:05.163364Z,"As of 4/26/26, 10:45 AM",25,432,Data unavailable.,,89,"As of 4/26/26, 10:45 AM",103,300,"As of 4/26/26, 10:45 AM",79,330
2026-04-26T16:10:40.618422Z,"As of 4/26/26, 11:10 AM",26,432,Data unavailable.,,89,"As of 4/26/26, 11:10 AM",103,300,"As of 4/26/26, 11:10 AM",80,330
2026-04-26T16:26:11.489047Z,"As of 4/26/26, 11:25 AM",26,432,Data unavailable.,,89,"As of 4/26/26, 11:25 AM",103,300,"As of 4/26/26, 11:25 AM",82,330
2026-04-26T16:45:04.264396Z,"As of 4/26/26, 11:45 AM",26,432,Data unavailable.,,89,"As of 4/26/26, 11:45 AM",103,300,"As of 4/26/26, 11:45 AM",82,330
2026-04-26T17:04:28.395476Z,"As of 4/26/26, 12:00 PM",26,432,Data unavailable.,,89,"As of 4/26/26, 12:00 PM",104,300,"As of 4/26/26, 12:00 PM",83,330
2026-04-26T17:26:35.665040Z,"As of 4/26/26, 12:25 PM",27,432,Data unavailable.,,89,"As of 4/26/26, 12:25 PM",103,300,"As of 4/26/26, 12:25 PM",83,330
2026-04-26T17:45:06.928814Z,"As of 4/26/26, 12:45 PM",25,432,Data unavailable.,,89,"As of 4/26/26, 12:45 PM",106,300,"As of 4/26/26, 12:45 PM",125,330
2026-04-26T18:01:21.199987Z,"As of 4/26/26, 1:00 PM",25,432,Data unavailable.,,89,"As of 4/26/26, 1:00 PM",105,300,"As of 4/26/26, 1:00 PM",126,330
2026-04-26T18:28:50.646672Z,"As of 4/26/26, 1:25 PM",24,432,Data unavailable.,,89,"As of 4/26/26, 1:25 PM",106,300,"As of 4/26/26, 1:25 PM",126,330
2026-04-26T18:50:05.495321Z,"As of 4/26/26, 1:50 PM",24,432,Data unavailable.,,89,"As of 4/26/26, 1:50 PM",106,300,"As of 4/26/26, 1:50 PM",126,330
2026-04-26T19:16:35.629548Z,"As of 4/26/26, 2:15 PM",23,432,Data unavailable.,,89,"As of 4/26/26, 2:15 PM",107,300,"As of 4/26/26, 2:15 PM",127,330
2026-04-26T19:44:30.566552Z,"As of 4/26/26, 2:40 PM",23,432,Data unavailable.,,89,"As of 4/26/26, 2:40 PM",114,300,"As of 4/26/26, 2:40 PM",126,330
2026-04-26T20:00:02.950620Z,"As of 4/26/26, 2:55 PM",22,432,Data unavailable.,,89,"As of 4/26/26, 2:55 PM",117,300,"As of 4/26/26, 2:55 PM",126,330
2026-04-26T20:20:17.655823Z,"As of 4/26/26, 3:20 PM",22,432,Data unavailable.,,89,"As of 4/26/26, 3:20 PM",117,300,"As of 4/26/26, 3:20 PM",125,330
2026-04-26T20:43:27.438434Z,"As of 4/26/26, 3:40 PM",22,432,Data unavailable.,,89,"As of 4/26/26, 3:40 PM",117,300,"As of 4/26/26, 3:40 PM",125,330
2026-04-26T21:00:20.220982Z,"As of 4/26/26, 4:00 PM",21,432,Data unavailable.,,89,"As of 4/26/26, 4:00 PM",117,300,"As of 4/26/26, 4:00 PM",125,330
2026-04-26T21:19:04.941851Z,"As of 4/26/26, 4:15 PM",21,432,Data unavailable.,,89,"As of 4/26/26, 4:15 PM",118,300,"As of 4/26/26, 4:15 PM",128,330
2026-04-26T21:43:31.519989Z,"As of 4/26/26, 4:40 PM",20,432,Data unavailable.,,89,"As of 4/26/26, 4:40 PM",119,300,"As of 4/26/26, 4:40 PM",126,330
2026-04-26T21:58:30.171574Z,"As of 4/26/26, 4:55 PM",20,432,Data unavailable.,,89,"As of 4/26/26, 4:55 PM",118,300,"As of 4/26/26, 4:55 PM",126,330
2026-04-26T22:16:39.368154Z,"As of 4/26/26, 5:15 PM",19,432,Data unavailable.,,89,"As of 4/26/26, 5:15 PM",119,300,"As of 4/26/26, 5:15 PM",130,330
2026-04-26T22:43:36.231955Z,"As of 4/26/26, 5:40 PM",19,432,Data unavailable.,,89,"As of 4/26/26, 5:40 PM",120,300,"As of 4/26/26, 5:40 PM",130,330
2026-04-26T23:01:10.047004Z,"As of 4/26/26, 6:00 PM",18,432,Data unavailable.,,89,"As of 4/26/26, 6:00 PM",119,300,"As of 4/26/26, 6:00 PM",130,330
2026-04-26T23:25:41.829702Z,"As of 4/26/26, 6:25 PM",18,432,Data unavailable.,,89,"As of 4/26/26, 6:25 PM",120,300,"As of 4/26/26, 6:25 PM",132,330
2026-04-26T23:43:53.152649Z,"As of 4/26/26, 6:40 PM",17,432,Data unavailable.,,89,"As of 4/26/26, 6:40 PM",119,300,"As of 4/26/26, 6:40 PM",133,330
2026-04-26T23:59:36.356267Z,"As of 4/26/26, 6:55 PM",17,432,Data unavailable.,,89,"As of 4/26/26, 6:55 PM",120,300,"As of 4/26/26, 6:55 PM",133,330
2026-04-27T01:03:18.794692Z,"As of 4/26/26, 8:00 PM",15,432,Data unavailable.,,89,"As of 4/26/26, 8:00 PM",123,300,"As of 4/26/26, 8:00 PM",133,330
2026-04-27T01:53:21.843817Z,"As of 4/26/26, 8:50 PM",14,432,Data unavailable.,,89,"As of 4/26/26, 8:50 PM",125,300,"As of 4/26/26, 8:50 PM",134,330
2026-04-27T02:59:49.975333Z,"As of 4/26/26, 9:55 PM",13,432,Data unavailable.,,89,"As of 4/26/26, 9:55 PM",125,300,"As of 4/26/26, 9:55 PM",136,330
2026-04-27T04:20:53.164494Z,"As of 4/26/26, 11:20 PM",11,432,Data unavailable.,,89,"As of 4/26/26, 11:20 PM",124,300,"As of 4/26/26, 11:20 PM",134,330
2026-04-27T05:34:37.331583Z,"As of 4/27/26, 12:30 AM",9,432,Data unavailable.,,89,"As of 4/27/26, 12:30 AM",124,300,"As of 4/27/26, 12:30 AM",130,330
2026-04-27T06:35:22.310208Z,"As of 4/27/26, 1:35 AM",8,432,Data unavailable.,,89,"As of 4/27/26, 1:35 AM",123,300,"As of 4/27/26, 1:35 AM",122,330
2026-04-27T07:36:02.944415Z,"As of 4/27/26, 2:35 AM",6,432,Data unavailable.,,89,"As of 4/27/26, 2:35 AM",123,300,"As of 4/27/26, 2:35 AM",118,330
2026-04-27T08:35:38.050947Z,"As of 4/27/26, 3:35 AM",7,432,Data unavailable.,,89,"As of 4/27/26, 3:35 AM",121,300,"As of 4/27/26, 3:35 AM",65,330
2026-04-27T09:29:22.387199Z,"As of 4/27/26, 4:25 AM",8,432,Data unavailable.,,89,"As of 4/27/26, 4:25 AM",120,300,"As of 4/27/26, 4:25 AM",64,330
2026-04-27T10:19:54.365191Z,"As of 4/27/26, 5:15 AM",9,432,Data unavailable.,,89,"As of 4/27/26, 5:15 AM",117,300,"As of 4/27/26, 5:15 AM",64,330
2026-04-27T11:11:29.842534Z,"As of 4/27/26, 6:10 AM",10,432,Data unavailable.,,89,"As of 4/27/26, 6:10 AM",114,300,"As of 4/27/26, 6:10 AM",65,330
2026-04-27T11:52:05.981557Z,"As of 4/27/26, 6:50 AM",10,432,Data unavailable.,,89,"As of 4/27/26, 6:50 AM",111,300,"As of 4/27/26, 6:50 AM",65,330
2026-04-27T12:25:01.794998Z,"As of 4/27/26, 7:20 AM",10,432,Data unavailable.,,89,"As of 4/27/26, 7:20 AM",108,300,"As of 4/27/26, 7:20 AM",68,330
2026-04-27T13:00:16.454094Z,"As of 4/27/26, 8:00 AM",2,432,Data unavailable.,,89,"As of 4/27/26, 8:00 AM",103,300,"As of 4/27/26, 8:00 AM",72,330
2026-04-27T13:42:49.282894Z,"As of 4/27/26, 8:40 AM",11,432,Data unavailable.,,89,"As of 4/27/26, 8:40 AM",103,300,"As of 4/27/26, 8:40 AM",76,330
2026-04-27T14:30:15.443308Z,"As of 4/27/26, 9:30 AM",12,432,Data unavailable.,,89,"As of 4/27/26, 9:30 AM",104,300,"As of 4/27/26, 9:30 AM",79,330
2026-04-27T15:17:01.202561Z,"As of 4/27/26, 10:15 AM",12,432,Data unavailable.,,89,"As of 4/27/26, 10:15 AM",106,300,"As of 4/27/26, 10:15 AM",81,330
2026-04-27T16:01:34.784470Z,"As of 4/27/26, 11:00 AM",13,432,Data unavailable.,,89,"As of 4/27/26, 11:00 AM",103,300,"As of 4/27/26, 11:00 AM",84,330
2026-04-27T16:49:28.343527Z,"As of 4/27/26, 11:45 AM",13,432,Data unavailable.,,89,"As of 4/27/26, 11:45 AM",105,300,"As of 4/27/26, 11:45 AM",86,330
2026-04-27T17:28:35.018974Z,"As of 4/27/26, 12:25 PM",14,432,Data unavailable.,,89,"As of 4/27/26, 12:25 PM",106,300,"As of 4/27/26, 12:25 PM",93,330
2026-04-27T17:55:12.324680Z,"As of 4/27/26, 12:55 PM",14,432,Data unavailable.,,89,"As of 4/27/26, 12:55 PM",107,300,"As of 4/27/26, 12:55 PM",96,330
2026-04-27T18:21:59.532054Z,"As of 4/27/26, 1:20 PM",15,432,Data unavailable.,,89,"As of 4/27/26, 1:20 PM",106,300,"As of 4/27/26, 1:20 PM",124,330
2026-04-27T18:53:32.363472Z,"As of 4/27/26, 1:50 PM",18,432,Data unavailable.,,89,"As of 4/27/26, 1:50 PM",108,300,"As of 4/27/26, 1:50 PM",177,330
2026-04-27T19:29:00.221518Z,"As of 4/27/26, 2:25 PM",23,432,Data unavailable.,,89,"As of 4/27/26, 2:25 PM",109,300,"As of 4/27/26, 2:25 PM",196,330
2026-04-27T19:58:22.353911Z,"As of 4/27/26, 2:55 PM",26,432,Data unavailable.,,89,"As of 4/27/26, 2:55 PM",118,300,"As of 4/27/26, 2:55 PM",176,330
2026-04-27T20:30:34.237055Z,"As of 4/27/26, 3:30 PM",27,432,Data unavailable.,,89,"As of 4/27/26, 3:30 PM",118,300,"As of 4/27/26, 3:30 PM",153,330
2026-04-27T21:06:20.464877Z,"As of 4/27/26, 4:05 PM",28,432,Data unavailable.,,89,"As of 4/27/26, 4:05 PM",118,300,"As of 4/27/26, 4:05 PM",131,330
2026-04-27T21:35:11.778256Z,"As of 4/27/26, 4:35 PM",29,432,Data unavailable.,,89,"As of 4/27/26, 4:35 PM",119,300,"As of 4/27/26, 4:35 PM",117,330
2026-04-27T22:03:23.730224Z,"As of 4/27/26, 5:00 PM",29,432,Data unavailable.,,89,"As of 4/27/26, 5:00 PM",119,300,"As of 4/27/26, 5:00 PM",109,330
2026-04-27T22:30:58.914336Z,"As of 4/27/26, 5:30 PM",29,432,Data unavailable.,,89,"As of 4/27/26, 5:30 PM",121,300,"As of 4/27/26, 5:30 PM",101,330
2026-04-27T23:03:31.362386Z,"As of 4/27/26, 6:00 PM",30,432,Data unavailable.,,89,"As of 4/27/26, 6:00 PM",123,300,"As of 4/27/26, 6:00 PM",95,330
2026-04-27T23:32:55.698099Z,"As of 4/27/26, 6:30 PM",30,432,Data unavailable.,,89,"As of 4/27/26, 6:30 PM",123,300,"As of 4/27/26, 6:30 PM",94,330
2026-04-28T00:02:25.050619Z,"As of 4/27/26, 7:00 PM",31,432,Data unavailable.,,89,"As of 4/27/26, 7:00 PM",124,300,"As of 4/27/26, 7:00 PM",92,330
2026-04-28T01:08:06.932635Z,"As of 4/27/26, 8:05 PM",32,432,Data unavailable.,,89,"As of 4/27/26, 8:05 PM",127,300,"As of 4/27/26, 8:05 PM",92,330
2026-04-28T01:53:36.308602Z,"As of 4/27/26, 8:50 PM",32,432,Data unavailable.,,89,"As of 4/27/26, 8:50 PM",128,300,"As of 4/27/26, 8:50 PM",91,330
2026-04-28T03:00:02.879117Z,"As of 4/27/26, 9:55 PM",33,432,Data unavailable.,,89,"As of 4/27/26, 9:55 PM",128,300,"As of 4/27/26, 9:55 PM",89,330
2026-04-28T04:23:00.580902Z,"As of 4/27/26, 11:20 PM",31,432,Data unavailable.,,89,"As of 4/27/26, 11:20 PM",129,300,"As of 4/27/26, 11:20 PM",167,330
2026-04-28T05:38:50.877184Z,"As of 4/28/26, 12:35 AM",26,432,Data unavailable.,,89,"As of 4/28/26, 12:35 AM",129,300,"As of 4/28/26, 12:35 AM",183,330
2026-04-28T06:35:30.731906Z,"As of 4/28/26, 1:35 AM",23,432,Data unavailable.,,89,"As of 4/28/26, 1:35 AM",130,300,"As of 4/28/26, 1:35 AM",177,330
2026-04-28T07:35:01.862664Z,"As of 4/28/26, 2:30 AM",20,432,Data unavailable.,,89,"As of 4/28/26, 2:30 AM",129,300,"As of 4/28/26, 2:30 AM",173,330
2026-04-28T08:35:39.171361Z,"As of 4/28/26, 3:35 AM",16,432,Data unavailable.,,89,"As of 4/28/26, 3:35 AM",128,300,"As of 4/28/26, 3:35 AM",170,330
2026-04-28T09:32:10.212542Z,"As of 4/28/26, 4:30 AM",13,432,Data unavailable.,,89,"As of 4/28/26, 4:30 AM",126,300,"As of 4/28/26, 4:30 AM",166,330
2026-04-28T10:26:47.018492Z,"As of 4/28/26, 5:25 AM",12,432,Data unavailable.,,89,"As of 4/28/26, 5:25 AM",122,300,"As of 4/28/26, 5:25 AM",136,330
2026-04-28T11:12:14.406820Z,"As of 4/28/26, 6:10 AM",10,432,Data unavailable.,,89,"As of 4/28/26, 6:10 AM",120,300,"As of 4/28/26, 6:10 AM",136,330
2026-04-28T11:53:16.291141Z,"As of 4/28/26, 6:50 AM",8,432,Data unavailable.,,89,"As of 4/28/26, 6:50 AM",119,300,"As of 4/28/26, 6:50 AM",139,330
2026-04-28T12:28:52.143546Z,"As of 4/28/26, 7:25 AM",7,432,Data unavailable.,,89,"As of 4/28/26, 7:25 AM",117,300,"As of 4/28/26, 7:25 AM",135,330
2026-04-28T13:06:46.211506Z,"As of 4/28/26, 8:05 AM",5,432,Data unavailable.,,89,"As of 4/28/26, 8:05 AM",115,300,"As of 4/28/26, 8:05 AM",118,330
2026-04-28T15:45:09.764888Z,"As of 4/28/26, 10:45 AM",9,432,Data unavailable.,,89,"As of 4/28/26, 10:45 AM",107,300,"As of 4/28/26, 10:45 AM",82,330
2026-04-28T16:25:14.607580Z,"As of 4/28/26, 11:25 AM",10,432,Data unavailable.,,89,"As of 4/28/26, 11:25 AM",119,300,"As of 4/28/26, 11:25 AM",81,330
2026-04-28T17:04:04.742515Z,"As of 4/28/26, 12:00 PM",10,432,Data unavailable.,,89,"As of 4/28/26, 12:00 PM",119,300,"As of 4/28/26, 12:00 PM",81,330
2026-04-28T17:50:55.306293Z,"As of 4/28/26, 12:50 PM",11,432,Data unavailable.,,89,"As of 4/28/26, 12:50 PM",120,300,"As of 4/28/26, 12:50 PM",82,330
2026-04-28T18:27:19.958397Z,"As of 4/28/26, 1:25 PM",11,432,Data unavailable.,,89,"As of 4/28/26, 1:25 PM",120,300,"As of 4/28/26, 1:25 PM",81,330
2026-04-28T19:03:32.513189Z,"As of 4/28/26, 2:00 PM",11,432,Data unavailable.,,89,"As of 4/28/26, 2:00 PM",120,300,"As of 4/28/26, 2:00 PM",83,330
2026-04-28T19:50:41.594453Z,"As of 4/28/26, 2:50 PM",12,432,Data unavailable.,,89,"As of 4/28/26, 2:50 PM",117,300,"As of 4/28/26, 2:50 PM",81,330
2026-04-28T20:25:48.497381Z,"As of 4/28/26, 3:25 PM",12,432,Data unavailable.,,89,"As of 4/28/26, 3:25 PM",119,300,"As of 4/28/26, 3:25 PM",81,330
2026-04-28T20:51:46.004771Z,"As of 4/28/26, 3:50 PM",13,432,Data unavailable.,,89,"As of 4/28/26, 3:50 PM",118,300,"As of 4/28/26, 3:50 PM",81,330
2026-04-28T21:21:06.600454Z,"As of 4/28/26, 4:20 PM",13,432,Data unavailable.,,89,"As of 4/28/26, 4:20 PM",120,300,"As of 4/28/26, 4:20 PM",78,330
2026-04-28T21:46:45.717730Z,"As of 4/28/26, 4:45 PM",13,432,Data unavailable.,,89,"As of 4/28/26, 4:45 PM",119,300,"As of 4/28/26, 4:45 PM",78,330
2026-04-28T22:17:04.017620Z,"As of 4/28/26, 5:15 PM",13,432,Data unavailable.,,89,"As of 4/28/26, 5:15 PM",120,300,"As of 4/28/26, 5:15 PM",80,330
2026-04-28T22:46:07.849493Z,"As of 4/28/26, 5:45 PM",14,432,Data unavailable.,,89,"As of 4/28/26, 5:45 PM",120,300,"As of 4/28/26, 5:45 PM",78,330
2026-04-28T23:16:03.519293Z,"As of 4/28/26, 6:15 PM",14,432,Data unavailable.,,89,"As of 4/28/26, 6:15 PM",119,300,"As of 4/28/26, 6:15 PM",78,330
2026-04-28T23:45:39.271009Z,"As of 4/28/26, 6:45 PM",14,432,Data unavailable.,,89,"As of 4/28/26, 6:45 PM",119,300,"As of 4/28/26, 6:45 PM",80,330
2026-04-29T00:17:17.824345Z,"As of 4/28/26, 7:15 PM",14,432,Data unavailable.,,89,"As of 4/28/26, 7:15 PM",120,300,"As of 4/28/26, 7:15 PM",78,330
2026-04-29T01:13:14.866588Z,"As of 4/28/26, 8:10 PM",15,432,Data unavailable.,,89,"As of 4/28/26, 8:10 PM",119,300,"As of 4/28/26, 8:10 PM",81,330
2026-04-29T01:58:01.051387Z,"As of 4/28/26, 8:55 PM",15,432,Data unavailable.,,89,"As of 4/28/26, 8:55 PM",121,300,"As of 4/28/26, 8:55 PM",80,330
2026-04-29T03:12:46.124089Z,"As of 4/28/26, 10:10 PM",16,432,Data unavailable.,,89,"As of 4/28/26, 10:10 PM",121,300,"As of 4/28/26, 10:10 PM",84,330
2026-04-29T04:26:24.372084Z,"As of 4/28/26, 11:25 PM",15,432,Data unavailable.,,89,"As of 4/28/26, 11:25 PM",120,300,"As of 4/28/26, 11:25 PM",126,330
2026-04-29T05:36:10.555541Z,"As of 4/29/26, 12:35 AM",14,432,Data unavailable.,,89,"As of 4/29/26, 12:35 AM",120,300,"As of 4/29/26, 12:35 AM",127,330
2026-04-29T06:33:17.024858Z,"As of 4/29/26, 1:30 AM",13,432,Data unavailable.,,89,"As of 4/29/26, 1:30 AM",120,300,"As of 4/29/26, 1:30 AM",122,330
2026-04-29T07:32:47.672311Z,"As of 4/29/26, 2:30 AM",11,432,Data unavailable.,,89,"As of 4/29/26, 2:30 AM",119,300,"As of 4/29/26, 2:30 AM",122,330
2026-04-29T08:31:48.563081Z,"As of 4/29/26, 3:30 AM",9,432,Data unavailable.,,89,"As of 4/29/26, 3:30 AM",117,300,"As of 4/29/26, 3:30 AM",121,330
2026-04-29T09:27:33.667797Z,"As of 4/29/26, 4:25 AM",7,432,Data unavailable.,,89,"As of 4/29/26, 4:25 AM",115,300,"As of 4/29/26, 4:25 AM",117,330
2026-04-29T10:16:03.947776Z,"As of 4/29/26, 5:15 AM",6,432,Data unavailable.,,89,"As of 4/29/26, 5:15 AM",112,300,"As of 4/29/26, 5:15 AM",120,330
2026-04-29T11:05:30.817611Z,"As of 4/29/26, 6:05 AM",5,432,Data unavailable.,,89,"As of 4/29/26, 6:05 AM",104,300,"As of 4/29/26, 6:05 AM",81,330
2026-04-29T11:49:13.447502Z,"As of 4/29/26, 6:45 AM",6,432,Data unavailable.,,89,"As of 4/29/26, 6:45 AM",103,300,"As of 4/29/26, 6:45 AM",82,330
2026-04-29T12:24:56.056544Z,"As of 4/29/26, 7:20 AM",7,432,Data unavailable.,,89,"As of 4/29/26, 7:20 AM",100,300,"As of 4/29/26, 7:20 AM",79,330
2026-04-29T13:01:28.669645Z,"As of 4/29/26, 8:00 AM",8,432,Data unavailable.,,89,"As of 4/29/26, 8:00 AM",93,300,"As of 4/29/26, 8:00 AM",81,330
2026-04-29T13:52:50.392602Z,"As of 4/29/26, 8:50 AM",8,432,Data unavailable.,,89,"As of 4/29/26, 8:50 AM",94,300,"As of 4/29/26, 8:50 AM",86,330
2026-04-29T14:41:27.910260Z,"As of 4/29/26, 9:40 AM",9,432,Data unavailable.,,89,"As of 4/29/26, 9:40 AM",88,300,"As of 4/29/26, 9:40 AM",87,330
2026-04-29T15:29:26.724008Z,"As of 4/29/26, 10:25 AM",9,432,Data unavailable.,,89,"As of 4/29/26, 10:25 AM",101,300,"As of 4/29/26, 10:25 AM",86,330
2026-04-29T16:09:27.730693Z,"As of 4/29/26, 11:05 AM",10,432,Data unavailable.,,89,"As of 4/29/26, 11:05 AM",94,300,"As of 4/29/26, 11:05 AM",86,330
2026-04-29T16:49:19.244581Z,"As of 4/29/26, 11:45 AM",10,432,Data unavailable.,,89,"As of 4/29/26, 11:45 AM",98,300,"As of 4/29/26, 11:45 AM",84,330
2026-04-29T17:29:48.421022Z,"As of 4/29/26, 12:25 PM",11,432,Data unavailable.,,89,"As of 4/29/26, 12:25 PM",98,300,"As of 4/29/26, 12:25 PM",84,330
2026-04-29T18:02:49.004247Z,"As of 4/29/26, 1:00 PM",11,432,Data unavailable.,,89,"As of 4/29/26, 1:00 PM",99,300,"As of 4/29/26, 1:00 PM",82,330
2026-04-29T18:45:42.467031Z,"As of 4/29/26, 1:45 PM",11,432,Data unavailable.,,89,"As of 4/29/26, 1:45 PM",101,300,"As of 4/29/26, 1:45 PM",82,330
2026-04-29T19:29:06.681434Z,"As of 4/29/26, 2:25 PM",12,432,Data unavailable.,,89,"As of 4/29/26, 2:25 PM",103,300,"As of 4/29/26, 2:25 PM",82,330
2026-04-29T20:01:38.185041Z,"As of 4/29/26, 3:00 PM",12,432,Data unavailable.,,89,"As of 4/29/26, 3:00 PM",139,300,"As of 4/29/26, 3:00 PM",81,330
2026-04-29T20:37:59.236403Z,"As of 4/29/26, 3:35 PM",13,432,Data unavailable.,,89,"As of 4/29/26, 3:35 PM",133,300,"As of 4/29/26, 3:35 PM",82,330
2026-04-29T21:06:46.442243Z,"As of 4/29/26, 4:05 PM",13,432,Data unavailable.,,89,"As of 4/29/26, 4:05 PM",129,300,"As of 4/29/26, 4:05 PM",78,330
2026-04-29T21:38:02.493622Z,"As of 4/29/26, 4:35 PM",13,432,Data unavailable.,,89,"As of 4/29/26, 4:35 PM",126,300,"As of 4/29/26, 4:35 PM",82,330
2026-04-29T22:05:29.085078Z,"As of 4/29/26, 5:05 PM",13,432,Data unavailable.,,89,"As of 4/29/26, 5:05 PM",125,300,"As of 4/29/26, 5:05 PM",77,330
2026-04-29T22:34:15.269170Z,"As of 4/29/26, 5:30 PM",13,432,Data unavailable.,,89,"As of 4/29/26, 5:30 PM",123,300,"As of 4/29/26, 5:30 PM",81,330
2026-04-29T23:04:22.898706Z,"As of 4/29/26, 6:00 PM",14,432,Data unavailable.,,89,"As of 4/29/26, 6:00 PM",121,300,"As of 4/29/26, 6:00 PM",80,330
2026-04-29T23:32:27.506293Z,"As of 4/29/26, 6:30 PM",14,432,Data unavailable.,,89,"As of 4/29/26, 6:30 PM",121,300,"As of 4/29/26, 6:30 PM",79,330
2026-04-30T00:03:32.994753Z,"As of 4/29/26, 7:00 PM",14,432,Data unavailable.,,89,"As of 4/29/26, 7:00 PM",120,300,"As of 4/29/26, 7:00 PM",78,330
2026-04-30T01:08:30.711212Z,"As of 4/29/26, 8:05 PM",15,432,Data unavailable.,,89,"As of 4/29/26, 8:05 PM",118,300,"As of 4/29/26, 8:05 PM",82,330
2026-04-30T01:53:43.482317Z,"As of 4/29/26, 8:50 PM",15,432,Data unavailable.,,89,"As of 4/29/26, 8:50 PM",117,300,"As of 4/29/26, 8:50 PM",82,330
2026-04-30T02:59:58.168994Z,"As of 4/29/26, 9:55 PM",16,432,Data unavailable.,,89,"As of 4/29/26, 9:55 PM",118,300,"As of 4/29/26, 9:55 PM",110,330
2026-04-30T04:21:21.695965Z,"As of 4/29/26, 11:20 PM",14,432,Data unavailable.,,89,"As of 4/29/26, 11:20 PM",117,300,"As of 4/29/26, 11:20 PM",168,330
2026-04-30T05:38:21.139488Z,"As of 4/30/26, 12:35 AM",12,432,Data unavailable.,,89,"As of 4/30/26, 12:35 AM",118,300,"As of 4/30/26, 12:35 AM",141,330
2026-04-30T06:35:05.850017Z,"As of 4/30/26, 1:35 AM",10,432,Data unavailable.,,89,"As of 4/30/26, 1:35 AM",117,300,"As of 4/30/26, 1:35 AM",131,330
2026-04-30T07:34:29.219711Z,"As of 4/30/26, 2:30 AM",8,432,Data unavailable.,,89,"As of 4/30/26, 2:30 AM",116,300,"As of 4/30/26, 2:30 AM",124,330
2026-04-30T08:33:49.944682Z,"As of 4/30/26, 3:30 AM",6,432,Data unavailable.,,89,"As of 4/30/26, 3:30 AM",115,300,"As of 4/30/26, 3:30 AM",118,330
2026-04-30T09:28:04.862964Z,"As of 4/30/26, 4:25 AM",7,432,Data unavailable.,,89,"As of 4/30/26, 4:25 AM",114,300,"As of 4/30/26, 4:25 AM",63,330
2026-04-30T10:16:49.291041Z,"As of 4/30/26, 5:15 AM",7,432,Data unavailable.,,89,"As of 4/30/26, 5:15 AM",112,300,"As of 4/30/26, 5:15 AM",63,330
2026-04-30T11:06:12.009669Z,"As of 4/30/26, 6:05 AM",8,432,Data unavailable.,,89,"As of 4/30/26, 6:05 AM",101,300,"As of 4/30/26, 6:05 AM",65,330
2026-04-30T11:48:46.398225Z,"As of 4/30/26, 6:45 AM",8,432,Data unavailable.,,89,"As of 4/30/26, 6:45 AM",103,300,"As of 4/30/26, 6:45 AM",67,330
2026-04-30T12:24:50.713828Z,"As of 4/30/26, 7:20 AM",8,432,Data unavailable.,,89,"As of 4/30/26, 7:20 AM",101,300,"As of 4/30/26, 7:20 AM",69,330
2026-04-30T13:01:31.289135Z,"As of 4/30/26, 8:00 AM",9,432,Data unavailable.,,89,"As of 4/30/26, 8:00 AM",102,300,"As of 4/30/26, 8:00 AM",74,330
2026-04-30T13:52:09.026312Z,"As of 4/30/26, 8:50 AM",9,432,Data unavailable.,,89,"As of 4/30/26, 8:50 AM",102,300,"As of 4/30/26, 8:50 AM",78,330
2026-04-30T14:38:22.941251Z,"As of 4/30/26, 9:35 AM",10,432,Data unavailable.,,89,"As of 4/30/26, 9:35 AM",102,300,"As of 4/30/26, 9:35 AM",81,330
2026-04-30T15:25:08.950191Z,"As of 4/30/26, 10:25 AM",10,432,Data unavailable.,,89,"As of 4/30/26, 10:25 AM",101,300,"As of 4/30/26, 10:25 AM",82,330
2026-04-30T16:00:12.650907Z,"As of 4/30/26, 11:00 AM",10,432,Data unavailable.,,89,"As of 4/30/26, 11:00 AM",102,300,"As of 4/30/26, 11:00 AM",82,330
2026-04-30T16:40:39.432491Z,"As of 4/30/26, 11:40 AM",11,432,Data unavailable.,,89,"As of 4/30/26, 11:40 AM",102,300,"As of 4/30/26, 11:40 AM",83,330
2026-04-30T17:08:55.800249Z,"As of 4/30/26, 12:05 PM",11,432,Data unavailable.,,89,"As of 4/30/26, 12:05 PM",102,300,"As of 4/30/26, 12:05 PM",82,330
2026-04-30T17:44:45.385965Z,"As of 4/30/26, 12:40 PM",11,432,Data unavailable.,,89,"As of 4/30/26, 12:40 PM",104,300,"As of 4/30/26, 12:40 PM",82,330
2026-04-30T18:12:46.515872Z,"As of 4/30/26, 1:10 PM",11,432,Data unavailable.,,89,"As of 4/30/26, 1:10 PM",102,300,"As of 4/30/26, 1:10 PM",81,330
2026-04-30T18:46:42.199660Z,"As of 4/30/26, 1:45 PM",12,432,Data unavailable.,,89,"As of 4/30/26, 1:45 PM",106,300,"As of 4/30/26, 1:45 PM",80,330
2026-04-30T19:28:49.141946Z,"As of 4/30/26, 2:25 PM",12,432,Data unavailable.,,89,"As of 4/30/26, 2:25 PM",106,300,"As of 4/30/26, 2:25 PM",80,330
2026-04-30T20:00:15.580581Z,"As of 4/30/26, 3:00 PM",12,432,Data unavailable.,,89,"As of 4/30/26, 3:00 PM",108,300,"As of 4/30/26, 3:00 PM",80,330
2026-04-30T20:34:18.163901Z,"As of 4/30/26, 3:30 PM",13,432,Data unavailable.,,89,"As of 4/30/26, 3:30 PM",108,300,"As of 4/30/26, 3:30 PM",80,330
2026-04-30T21:05:57.250434Z,"As of 4/30/26, 4:05 PM",13,432,Data unavailable.,,89,"As of 4/30/26, 4:05 PM",116,300,"As of 4/30/26, 4:05 PM",80,330
2026-04-30T21:34:47.539710Z,"As of 4/30/26, 4:30 PM",13,432,Data unavailable.,,89,"As of 4/30/26, 4:30 PM",114,300,"As of 4/30/26, 4:30 PM",79,330
2026-04-30T22:04:23.351840Z,"As of 4/30/26, 5:00 PM",13,432,Data unavailable.,,89,"As of 4/30/26, 5:00 PM",114,300,"As of 4/30/26, 5:00 PM",78,330
2026-04-30T22:32:15.743136Z,"As of 4/30/26, 5:30 PM",14,432,Data unavailable.,,89,"As of 4/30/26, 5:30 PM",114,300,"As of 4/30/26, 5:30 PM",77,330
2026-04-30T23:03:36.089179Z,"As of 4/30/26, 6:00 PM",14,432,Data unavailable.,,89,"As of 4/30/26, 6:00 PM",112,300,"As of 4/30/26, 6:00 PM",79,330
2026-04-30T23:32:29.208555Z,"As of 4/30/26, 6:30 PM",14,432,Data unavailable.,,89,"As of 4/30/26, 6:30 PM",111,300,"As of 4/30/26, 6:30 PM",77,330
2026-05-01T00:01:57.085777Z,"As of 4/30/26, 7:00 PM",14,432,Data unavailable.,,89,"As of 4/30/26, 7:00 PM",113,300,"As of 4/30/26, 7:00 PM",78,330
2026-05-01T01:13:44.187503Z,"As of 4/30/26, 8:10 PM",15,432,Data unavailable.,,89,"As of 4/30/26, 8:10 PM",113,300,"As of 4/30/26, 8:10 PM",81,330
2026-05-01T01:58:38.278218Z,"As of 4/30/26, 8:55 PM",15,432,Data unavailable.,,89,"As of 4/30/26, 8:55 PM",113,300,"As of 4/30/26, 8:55 PM",81,330
2026-05-01T03:15:57.938901Z,"As of 4/30/26, 10:15 PM",16,432,Data unavailable.,,89,"As of 4/30/26, 10:15 PM",112,300,"As of 4/30/26, 10:15 PM",77,330
2026-05-01T04:45:06.693635Z,"As of 4/30/26, 11:45 PM",14,432,Data unavailable.,,89,"As of 4/30/26, 11:45 PM",112,300,"As of 4/30/26, 11:45 PM",120,330
2026-05-01T05:55:28.952969Z,"As of 5/1/26, 12:55 AM",12,432,Data unavailable.,,89,"As of 5/1/26, 12:55 AM",112,300,"As of 5/1/26, 12:55 AM",115,330
2026-05-01T06:48:45.744872Z,"As of 5/1/26, 1:45 AM",11,432,Data unavailable.,,89,"As of 5/1/26, 1:45 AM",113,300,"As of 5/1/26, 1:45 AM",109,330
2026-05-01T07:43:11.147841Z,"As of 5/1/26, 2:40 AM",10,432,Data unavailable.,,89,"As of 5/1/26, 2:40 AM",111,300,"As of 5/1/26, 2:40 AM",107,330
2026-05-01T08:27:37.624771Z,"As of 5/1/26, 3:25 AM",9,432,Data unavailable.,,89,"As of 5/1/26, 3:25 AM",107,300,"As of 5/1/26, 3:25 AM",107,330
2026-05-01T09:09:49.734833Z,"As of 5/1/26, 4:05 AM",8,432,Data unavailable.,,89,"As of 5/1/26, 4:05 AM",101,300,"As of 5/1/26, 4:05 AM",104,330
2026-05-01T09:50:53.998887Z,"As of 5/1/26, 4:50 AM",6,432,Data unavailable.,,89,"As of 5/1/26, 4:50 AM",103,300,"As of 5/1/26, 4:50 AM",103,330
2026-05-01T10:28:11.911357Z,"As of 5/1/26, 5:25 AM",7,432,Data unavailable.,,89,"As of 5/1/26, 5:25 AM",101,300,"As of 5/1/26, 5:25 AM",63,330
2026-05-01T10:56:53.002137Z,"As of 5/1/26, 5:55 AM",8,432,Data unavailable.,,89,"As of 5/1/26, 5:55 AM",102,300,"As of 5/1/26, 5:55 AM",65,330
2026-05-01T11:26:33.875261Z,"As of 5/1/26, 6:25 AM",8,432,Data unavailable.,,89,"As of 5/1/26, 6:25 AM",98,300,"As of 5/1/26, 6:25 AM",63,330
2026-05-01T11:48:40.843297Z,"As of 5/1/26, 6:45 AM",8,432,Data unavailable.,,89,"As of 5/1/26, 6:45 AM",100,300,"As of 5/1/26, 6:45 AM",63,330
2026-05-01T12:14:06.558537Z,"As of 5/1/26, 7:10 AM",8,432,Data unavailable.,,89,"As of 5/1/26, 7:10 AM",98,300,"As of 5/1/26, 7:10 AM",67,330
2026-05-01T12:38:38.501465Z,"As of 5/1/26, 7:35 AM",8,432,Data unavailable.,,89,"As of 5/1/26, 7:35 AM",78,300,"As of 5/1/26, 7:35 AM",66,330
2026-05-01T13:07:51.806494Z,"As of 5/1/26, 8:05 AM",9,432,Data unavailable.,,89,"As of 5/1/26, 8:05 AM",80,300,"As of 5/1/26, 8:05 AM",70,330
2026-05-01T13:49:04.873232Z,"As of 5/1/26, 8:45 AM",9,432,Data unavailable.,,89,"As of 5/1/26, 8:45 AM",84,300,"As of 5/1/26, 8:45 AM",73,330
2026-05-01T14:22:11.854149Z,"As of 5/1/26, 9:20 AM",9,432,Data unavailable.,,89,"As of 5/1/26, 9:20 AM",85,300,"As of 5/1/26, 9:20 AM",77,330
2026-05-01T14:46:04.041970Z,"As of 5/1/26, 9:45 AM",9,432,Data unavailable.,,89,"As of 5/1/26, 9:45 AM",85,300,"As of 5/1/26, 9:45 AM",76,330
2026-05-01T15:18:54.998395Z,"As of 5/1/26, 10:15 AM",10,432,Data unavailable.,,89,"As of 5/1/26, 10:15 AM",89,300,"As of 5/1/26, 10:15 AM",78,330
2026-05-01T15:46:00.040054Z,"As of 5/1/26, 10:45 AM",10,432,Data unavailable.,,89,"As of 5/1/26, 10:45 AM",89,300,"As of 5/1/26, 10:45 AM",78,330
2026-05-01T16:16:59.236514Z,"As of 5/1/26, 11:15 AM",10,432,Data unavailable.,,89,"As of 5/1/26, 11:15 AM",88,300,"As of 5/1/26, 11:15 AM",78,330
2026-05-01T16:45:50.211296Z,"As of 5/1/26, 11:45 AM",10,432,Data unavailable.,,89,"As of 5/1/26, 11:45 AM",92,300,"As of 5/1/26, 11:45 AM",79,330
2026-05-01T17:19:12.244086Z,"As of 5/1/26, 12:15 PM",11,432,Data unavailable.,,89,"As of 5/1/26, 12:15 PM",91,300,"As of 5/1/26, 12:15 PM",79,330
2026-05-01T17:46:33.882906Z,"As of 5/1/26, 12:45 PM",11,432,Data unavailable.,,89,"As of 5/1/26, 12:45 PM",95,300,"As of 5/1/26, 12:45 PM",79,330
2026-05-01T18:18:06.405067Z,"As of 5/1/26, 1:15 PM",11,432,Data unavailable.,,89,"As of 5/1/26, 1:15 PM",95,300,"As of 5/1/26, 1:15 PM",79,330
2026-05-01T18:49:09.346727Z,"As of 5/1/26, 1:45 PM",11,432,Data unavailable.,,89,"As of 5/1/26, 1:45 PM",96,300,"As of 5/1/26, 1:45 PM",78,330
2026-05-01T19:25:55.843538Z,"As of 5/1/26, 2:25 PM",12,432,Data unavailable.,,89,"As of 5/1/26, 2:25 PM",98,300,"As of 5/1/26, 2:25 PM",77,330
2026-05-01T19:51:54.595296Z,"As of 5/1/26, 2:50 PM",12,432,Data unavailable.,,89,"As of 5/1/26, 2:50 PM",99,300,"As of 5/1/26, 2:50 PM",77,330
2026-05-01T20:15:01.649158Z,"As of 5/1/26, 3:10 PM",12,432,Data unavailable.,,89,"As of 5/1/26, 3:10 PM",97,300,"As of 5/1/26, 3:10 PM",78,330
2026-05-01T20:34:59.463573Z,"As of 5/1/26, 3:30 PM",12,432,Data unavailable.,,89,"As of 5/1/26, 3:30 PM",100,300,"As of 5/1/26, 3:30 PM",75,330
2026-05-01T21:04:00.644748Z,"As of 5/1/26, 4:00 PM",12,432,Data unavailable.,,89,"As of 5/1/26, 4:00 PM",132,300,"As of 5/1/26, 4:00 PM",77,330
2026-05-01T21:32:12.511538Z,"As of 5/1/26, 4:30 PM",13,432,Data unavailable.,,89,"As of 5/1/26, 4:30 PM",127,300,"As of 5/1/26, 4:30 PM",75,330
2026-05-01T22:02:06.093142Z,"As of 5/1/26, 5:00 PM",13,432,Data unavailable.,,89,"As of 5/1/26, 5:00 PM",123,300,"As of 5/1/26, 5:00 PM",77,330
2026-05-01T22:31:39.804500Z,"As of 5/1/26, 5:30 PM",13,432,Data unavailable.,,89,"As of 5/1/26, 5:30 PM",120,300,"As of 5/1/26, 5:30 PM",74,330
2026-05-01T23:02:42.131870Z,"As of 5/1/26, 6:00 PM",13,432,Data unavailable.,,89,"As of 5/1/26, 6:00 PM",118,300,"As of 5/1/26, 6:00 PM",75,330
2026-05-02T00:01:29.802074Z,"As of 5/1/26, 7:00 PM",14,432,Data unavailable.,,89,"As of 5/1/26, 7:00 PM",115,300,"As of 5/1/26, 7:00 PM",77,330
2026-05-02T01:05:36.724495Z,"As of 5/1/26, 8:05 PM",14,432,Data unavailable.,,89,"As of 5/1/26, 8:05 PM",111,300,"As of 5/1/26, 8:05 PM",76,330
2026-05-02T01:53:22.147250Z,"As of 5/1/26, 8:50 PM",15,432,Data unavailable.,,89,"As of 5/1/26, 8:50 PM",112,300,"As of 5/1/26, 8:50 PM",74,330
2026-05-02T02:59:19.009196Z,"As of 5/1/26, 9:55 PM",15,432,Data unavailable.,,89,"As of 5/1/26, 9:55 PM",105,300,"As of 5/1/26, 9:55 PM",73,330
2026-05-02T04:12:09.989766Z,"As of 5/1/26, 11:10 PM",14,432,Data unavailable.,,89,"As of 5/1/26, 11:10 PM",108,300,"As of 5/1/26, 11:10 PM",120,330
2026-05-02T05:18:48.000814Z,"As of 5/2/26, 12:15 AM",13,432,Data unavailable.,,89,"As of 5/2/26, 12:15 AM",108,300,"As of 5/2/26, 12:15 AM",121,330
2026-05-02T06:13:22.932077Z,"As of 5/2/26, 1:10 AM",11,432,Data unavailable.,,89,"As of 5/2/26, 1:10 AM",106,300,"As of 5/2/26, 1:10 AM",116,330
2026-05-02T06:57:57.607627Z,"As of 5/2/26, 1:55 AM",10,432,Data unavailable.,,89,"As of 5/2/26, 1:55 AM",107,300,"As of 5/2/26, 1:55 AM",114,330
2026-05-02T07:36:41.957192Z,"As of 5/2/26, 2:35 AM",9,432,Data unavailable.,,89,"As of 5/2/26, 2:35 AM",107,300,"As of 5/2/26, 2:35 AM",114,330
2026-05-02T08:13:35.024588Z,"As of 5/2/26, 3:10 AM",8,432,Data unavailable.,,89,"As of 5/2/26, 3:10 AM",106,300,"As of 5/2/26, 3:10 AM",112,330
2026-05-02T08:46:02.675909Z,"As of 5/2/26, 3:45 AM",6,432,Data unavailable.,,89,"As of 5/2/26, 3:45 AM",104,300,"As of 5/2/26, 3:45 AM",112,330
2026-05-02T09:22:26.392163Z,"As of 5/2/26, 4:20 AM",4,432,Data unavailable.,,89,"As of 5/2/26, 4:20 AM",103,300,"As of 5/2/26, 4:20 AM",97,330
2026-05-02T09:48:19.583678Z,"As of 5/2/26, 4:45 AM",6,432,Data unavailable.,,89,"As of 5/2/26, 4:45 AM",102,300,"As of 5/2/26, 4:45 AM",59,330
2026-05-02T10:16:37.537243Z,"As of 5/2/26, 5:15 AM",7,432,Data unavailable.,,89,"As of 5/2/26, 5:15 AM",100,300,"As of 5/2/26, 5:15 AM",58,330
2026-05-02T10:44:55.985597Z,"As of 5/2/26, 5:40 AM",7,432,Data unavailable.,,89,"As of 5/2/26, 5:40 AM",100,300,"As of 5/2/26, 5:40 AM",57,330
2026-05-02T11:06:39.578560Z,"As of 5/2/26, 6:05 AM",7,432,Data unavailable.,,89,"As of 5/2/26, 6:05 AM",101,300,"As of 5/2/26, 6:05 AM",56,330
2026-05-02T11:30:14.087722Z,"As of 5/2/26, 6:30 AM",8,432,Data unavailable.,,89,"As of 5/2/26, 6:30 AM",99,300,"As of 5/2/26, 6:30 AM",57,330
2026-05-02T11:50:40.201641Z,"As of 5/2/26, 6:50 AM",8,432,Data unavailable.,,89,"As of 5/2/26, 6:50 AM",98,300,"As of 5/2/26, 6:50 AM",57,330
2026-05-02T12:12:12.113989Z,"As of 5/2/26, 7:10 AM",8,432,Data unavailable.,,89,"As of 5/2/26, 7:10 AM",97,300,"As of 5/2/26, 7:10 AM",58,330
2026-05-02T12:34:12.358390Z,"As of 5/2/26, 7:30 AM",8,432,Data unavailable.,,89,"As of 5/2/26, 7:30 AM",97,300,"As of 5/2/26, 7:30 AM",60,330
2026-05-02T13:06:58.890697Z,"As of 5/2/26, 8:05 AM",9,432,Data unavailable.,,89,"As of 5/2/26, 8:05 AM",94,300,"As of 5/2/26, 8:05 AM",60,330
2026-05-02T13:45:44.657003Z,"As of 5/2/26, 8:45 AM",9,432,Data unavailable.,,89,"As of 5/2/26, 8:45 AM",94,300,"As of 5/2/26, 8:45 AM",64,330
2026-05-02T14:17:15.659293Z,"As of 5/2/26, 9:15 AM",9,432,Data unavailable.,,89,"As of 5/2/26, 9:15 AM",92,300,"As of 5/2/26, 9:15 AM",67,330
2026-05-02T14:44:34.484574Z,"As of 5/2/26, 9:40 AM",9,432,Data unavailable.,,89,"As of 5/2/26, 9:40 AM",84,300,"As of 5/2/26, 9:40 AM",67,330
2026-05-02T15:05:07.886767Z,"As of 5/2/26, 10:05 AM",10,432,Data unavailable.,,89,"As of 5/2/26, 10:05 AM",91,300,"As of 5/2/26, 10:05 AM",72,330
2026-05-02T15:30:24.823607Z,"As of 5/2/26, 10:30 AM",10,432,Data unavailable.,,89,"As of 5/2/26, 10:30 AM",90,300,"As of 5/2/26, 10:30 AM",73,330
2026-05-02T16:00:03.633505Z,"As of 5/2/26, 11:00 AM",10,432,Data unavailable.,,89,"As of 5/2/26, 11:00 AM",93,300,"As of 5/2/26, 11:00 AM",75,330
2026-05-02T16:24:15.613003Z,"As of 5/2/26, 11:20 AM",10,432,Data unavailable.,,89,"As of 5/2/26, 11:20 AM",88,300,"As of 5/2/26, 11:20 AM",74,330
2026-05-02T16:44:43.411393Z,"As of 5/2/26, 11:40 AM",10,432,Data unavailable.,,89,"As of 5/2/26, 11:40 AM",91,300,"As of 5/2/26, 11:40 AM",75,330
2026-05-02T17:06:16.268763Z,"As of 5/2/26, 12:05 PM",10,432,Data unavailable.,,89,"As of 5/2/26, 12:05 PM",91,300,"As of 5/2/26, 12:05 PM",77,330
2026-05-02T17:29:57.122476Z,"As of 5/2/26, 12:25 PM",10,432,Data unavailable.,,89,"As of 5/2/26, 12:25 PM",91,300,"As of 5/2/26, 12:25 PM",77,330
2026-05-02T17:50:04.981061Z,"As of 5/2/26, 12:50 PM",11,432,Data unavailable.,,89,"As of 5/2/26, 12:50 PM",91,300,"As of 5/2/26, 12:50 PM",78,330
2026-05-02T18:13:20.269030Z,"As of 5/2/26, 1:10 PM",11,432,Data unavailable.,,89,"As of 5/2/26, 1:10 PM",93,300,"As of 5/2/26, 1:10 PM",78,330
2026-05-02T18:34:30.901171Z,"As of 5/2/26, 1:30 PM",11,432,Data unavailable.,,89,"As of 5/2/26, 1:30 PM",91,300,"As of 5/2/26, 1:30 PM",78,330
2026-05-02T19:05:56.791409Z,"As of 5/2/26, 2:05 PM",11,432,Data unavailable.,,89,"As of 5/2/26, 2:05 PM",95,300,"As of 5/2/26, 2:05 PM",78,330
2026-05-02T19:35:56.143592Z,"As of 5/2/26, 2:35 PM",12,432,Data unavailable.,,89,"As of 5/2/26, 2:35 PM",88,300,"As of 5/2/26, 2:35 PM",76,330
2026-05-02T19:58:44.887041Z,"As of 5/2/26, 2:55 PM",12,432,Data unavailable.,,89,"As of 5/2/26, 2:55 PM",97,300,"As of 5/2/26, 2:55 PM",77,330
2026-05-02T20:18:52.270026Z,"As of 5/2/26, 3:15 PM",12,432,Data unavailable.,,89,"As of 5/2/26, 3:15 PM",96,300,"As of 5/2/26, 3:15 PM",75,330
2026-05-02T20:43:53.563741Z,"As of 5/2/26, 3:40 PM",12,432,Data unavailable.,,89,"As of 5/2/26, 3:40 PM",96,300,"As of 5/2/26, 3:40 PM",77,330
2026-05-02T21:02:38.356961Z,"As of 5/2/26, 4:00 PM",12,432,Data unavailable.,,89,"As of 5/2/26, 4:00 PM",102,300,"As of 5/2/26, 4:00 PM",74,330
2026-05-02T21:26:28.558325Z,"As of 5/2/26, 4:25 PM",12,432,Data unavailable.,,89,"As of 5/2/26, 4:25 PM",103,300,"As of 5/2/26, 4:25 PM",73,330
2026-05-02T21:45:11.567724Z,"As of 5/2/26, 4:45 PM",13,432,Data unavailable.,,89,"As of 5/2/26, 4:45 PM",101,300,"As of 5/2/26, 4:45 PM",75,330
2026-05-02T22:02:41.229583Z,"As of 5/2/26, 5:00 PM",13,432,Data unavailable.,,89,"As of 5/2/26, 5:00 PM",104,300,"As of 5/2/26, 5:00 PM",72,330
2026-05-02T22:25:42.480251Z,"As of 5/2/26, 5:25 PM",13,432,Data unavailable.,,89,"As of 5/2/26, 5:25 PM",103,300,"As of 5/2/26, 5:25 PM",74,330
2026-05-02T22:44:14.028195Z,"As of 5/2/26, 5:40 PM",13,432,Data unavailable.,,89,"As of 5/2/26, 5:40 PM",105,300,"As of 5/2/26, 5:40 PM",75,330
2026-05-02T23:03:35.891867Z,"As of 5/2/26, 6:00 PM",13,432,Data unavailable.,,89,"As of 5/2/26, 6:00 PM",104,300,"As of 5/2/26, 6:00 PM",74,330
2026-05-02T23:28:14.680150Z,"As of 5/2/26, 6:25 PM",13,432,Data unavailable.,,89,"As of 5/2/26, 6:25 PM",104,300,"As of 5/2/26, 6:25 PM",72,330
2026-05-02T23:48:05.539925Z,"As of 5/2/26, 6:45 PM",13,432,Data unavailable.,,89,"As of 5/2/26, 6:45 PM",104,300,"As of 5/2/26, 6:45 PM",72,330
2026-05-03T00:15:12.934313Z,"As of 5/2/26, 7:15 PM",14,432,Data unavailable.,,89,"As of 5/2/26, 7:15 PM",103,300,"As of 5/2/26, 7:15 PM",72,330
2026-05-03T01:14:30.819112Z,"As of 5/2/26, 8:10 PM",14,432,Data unavailable.,,89,"As of 5/2/26, 8:10 PM",105,300,"As of 5/2/26, 8:10 PM",75,330
2026-05-03T01:59:23.575728Z,"As of 5/2/26, 8:55 PM",14,432,Data unavailable.,,89,"As of 5/2/26, 8:55 PM",103,300,"As of 5/2/26, 8:55 PM",70,330
2026-05-03T03:18:21.151295Z,"As of 5/2/26, 10:15 PM",15,432,Data unavailable.,,89,"As of 5/2/26, 10:15 PM",107,300,"As of 5/2/26, 10:15 PM",73,330
2026-05-03T04:43:13.855495Z,"As of 5/2/26, 11:40 PM",16,432,Data unavailable.,,89,"As of 5/2/26, 11:40 PM",106,300,"As of 5/2/26, 11:40 PM",71,330
2026-05-03T05:46:53.425704Z,"As of 5/3/26, 12:45 AM",16,432,Data unavailable.,,89,"As of 5/3/26, 12:45 AM",107,300,"As of 5/3/26, 12:45 AM",69,330
2026-05-03T06:46:12.926957Z,"As of 5/3/26, 1:45 AM",16,432,Data unavailable.,,89,"As of 5/3/26, 1:45 AM",105,300,"As of 5/3/26, 1:45 AM",66,330
2026-05-03T07:34:25.992731Z,"As of 5/3/26, 2:30 AM",17,432,Data unavailable.,,89,"As of 5/3/26, 2:30 AM",101,300,"As of 5/3/26, 2:30 AM",65,330
2026-05-03T08:20:21.472711Z,"As of 5/3/26, 3:20 AM",17,432,Data unavailable.,,89,"As of 5/3/26, 3:20 AM",100,300,"As of 5/3/26, 3:20 AM",63,330
2026-05-03T09:00:35.002291Z,"As of 5/3/26, 4:00 AM",18,432,Data unavailable.,,89,"As of 5/3/26, 4:00 AM",99,300,"As of 5/3/26, 4:00 AM",60,330
2026-05-03T09:41:11.053022Z,"As of 5/3/26, 4:40 AM",18,432,Data unavailable.,,89,"As of 5/3/26, 4:40 AM",98,300,"As of 5/3/26, 4:40 AM",60,330
2026-05-03T10:07:23.744760Z,"As of 5/3/26, 5:05 AM",18,432,Data unavailable.,,89,"As of 5/3/26, 5:05 AM",98,300,"As of 5/3/26, 5:05 AM",58,330
2026-05-03T10:33:42.851049Z,"As of 5/3/26, 5:30 AM",18,432,Data unavailable.,,89,"As of 5/3/26, 5:30 AM",97,300,"As of 5/3/26, 5:30 AM",58,330
2026-05-03T11:03:19.089265Z,"As of 5/3/26, 6:00 AM",18,432,Data unavailable.,,89,"As of 5/3/26, 6:00 AM",96,300,"As of 5/3/26, 6:00 AM",57,330
2026-05-03T11:28:38.051070Z,"As of 5/3/26, 6:25 AM",18,432,Data unavailable.,,89,"As of 5/3/26, 6:25 AM",95,300,"As of 5/3/26, 6:25 AM",58,330
2026-05-03T11:48:23.723709Z,"As of 5/3/26, 6:45 AM",19,432,Data unavailable.,,89,"As of 5/3/26, 6:45 AM",95,300,"As of 5/3/26, 6:45 AM",57,330
2026-05-03T12:11:04.951563Z,"As of 5/3/26, 7:10 AM",19,432,Data unavailable.,,89,"As of 5/3/26, 7:10 AM",91,300,"As of 5/3/26, 7:10 AM",59,330
2026-05-03T12:33:13.068771Z,"As of 5/3/26, 7:30 AM",19,432,Data unavailable.,,89,"As of 5/3/26, 7:30 AM",91,300,"As of 5/3/26, 7:30 AM",59,330
2026-05-03T13:06:58.430689Z,"As of 5/3/26, 8:05 AM",19,432,Data unavailable.,,89,"As of 5/3/26, 8:05 AM",91,300,"As of 5/3/26, 8:05 AM",61,330
2026-05-03T13:46:16.202051Z,"As of 5/3/26, 8:45 AM",20,432,Data unavailable.,,89,"As of 5/3/26, 8:45 AM",88,300,"As of 5/3/26, 8:45 AM",63,330
2026-05-03T14:17:09.917526Z,"As of 5/3/26, 9:15 AM",20,432,Data unavailable.,,89,"As of 5/3/26, 9:15 AM",89,300,"As of 5/3/26, 9:15 AM",64,330
2026-05-03T14:44:45.762011Z,"As of 5/3/26, 9:40 AM",20,432,Data unavailable.,,89,"As of 5/3/26, 9:40 AM",88,300,"As of 5/3/26, 9:40 AM",68,330
2026-05-03T15:06:12.838768Z,"As of 5/3/26, 10:05 AM",20,432,Data unavailable.,,89,"As of 5/3/26, 10:05 AM",87,300,"As of 5/3/26, 10:05 AM",69,330
2026-05-03T15:30:05.136381Z,"As of 5/3/26, 10:30 AM",20,432,Data unavailable.,,89,"As of 5/3/26, 10:30 AM",86,300,"As of 5/3/26, 10:30 AM",72,330
2026-05-03T15:51:02.953885Z,"As of 5/3/26, 10:50 AM",20,432,Data unavailable.,,89,"As of 5/3/26, 10:50 AM",86,300,"As of 5/3/26, 10:50 AM",73,330
2026-05-03T16:12:39.635083Z,"As of 5/3/26, 11:10 AM",20,432,Data unavailable.,,89,"As of 5/3/26, 11:10 AM",86,300,"As of 5/3/26, 11:10 AM",112,330
2026-05-03T16:31:19.513906Z,"As of 5/3/26, 11:30 AM",20,432,Data unavailable.,,89,"As of 5/3/26, 11:30 AM",86,300,"As of 5/3/26, 11:30 AM",118,330
2026-05-03T17:03:08.394343Z,"As of 5/3/26, 12:00 PM",19,432,Data unavailable.,,89,"As of 5/3/26, 12:00 PM",83,300,"As of 5/3/26, 12:00 PM",120,330
2026-05-03T17:30:57.393367Z,"As of 5/3/26, 12:30 PM",18,432,Data unavailable.,,89,"As of 5/3/26, 12:30 PM",79,300,"As of 5/3/26, 12:30 PM",121,330
2026-05-03T18:01:03.870809Z,"As of 5/3/26, 1:00 PM",17,432,Data unavailable.,,89,"As of 5/3/26, 1:00 PM",86,300,"As of 5/3/26, 1:00 PM",120,330
2026-05-03T18:33:14.916596Z,"As of 5/3/26, 1:30 PM",17,432,Data unavailable.,,89,"As of 5/3/26, 1:30 PM",90,300,"As of 5/3/26, 1:30 PM",121,330
2026-05-03T19:05:53.725977Z,"As of 5/3/26, 2:05 PM",16,432,Data unavailable.,,89,"As of 5/3/26, 2:05 PM",90,300,"As of 5/3/26, 2:05 PM",120,330
2026-05-03T19:35:01.881598Z,"As of 5/3/26, 2:30 PM",16,432,Data unavailable.,,89,"As of 5/3/26, 2:30 PM",90,300,"As of 5/3/26, 2:30 PM",119,330
2026-05-03T19:59:01.683957Z,"As of 5/3/26, 2:55 PM",15,432,Data unavailable.,,89,"As of 5/3/26, 2:55 PM",93,300,"As of 5/3/26, 2:55 PM",119,330
2026-05-03T20:20:35.139850Z,"As of 5/3/26, 3:20 PM",15,432,Data unavailable.,,89,"As of 5/3/26, 3:20 PM",93,300,"As of 5/3/26, 3:20 PM",119,330
2026-05-03T20:43:48.215103Z,"As of 5/3/26, 3:40 PM",14,432,Data unavailable.,,89,"As of 5/3/26, 3:40 PM",94,300,"As of 5/3/26, 3:40 PM",119,330
2026-05-03T21:03:42.468893Z,"As of 5/3/26, 4:00 PM",14,432,Data unavailable.,,89,"As of 5/3/26, 4:00 PM",97,300,"As of 5/3/26, 4:00 PM",120,330
2026-05-03T21:28:11.076276Z,"As of 5/3/26, 4:25 PM",13,432,Data unavailable.,,89,"As of 5/3/26, 4:25 PM",97,300,"As of 5/3/26, 4:25 PM",118,330
2026-05-03T21:47:47.432799Z,"As of 5/3/26, 4:45 PM",13,432,Data unavailable.,,89,"As of 5/3/26, 4:45 PM",96,300,"As of 5/3/26, 4:45 PM",120,330
2026-05-03T22:10:55.910931Z,"As of 5/3/26, 5:10 PM",12,432,Data unavailable.,,89,"As of 5/3/26, 5:10 PM",96,300,"As of 5/3/26, 5:10 PM",118,330
2026-05-03T22:25:58.890405Z,"As of 5/3/26, 5:25 PM",12,432,Data unavailable.,,89,"As of 5/3/26, 5:25 PM",97,300,"As of 5/3/26, 5:25 PM",118,330
2026-05-03T22:44:38.593984Z,"As of 5/3/26, 5:40 PM",12,432,Data unavailable.,,89,"As of 5/3/26, 5:40 PM",99,300,"As of 5/3/26, 5:40 PM",119,330
2026-05-03T23:04:35.808289Z,"As of 5/3/26, 6:00 PM",11,432,Data unavailable.,,89,"As of 5/3/26, 6:00 PM",97,300,"As of 5/3/26, 6:00 PM",117,330
2026-05-03T23:28:44.327420Z,"As of 5/3/26, 6:25 PM",10,432,Data unavailable.,,89,"As of 5/3/26, 6:25 PM",97,300,"As of 5/3/26, 6:25 PM",118,330
2026-05-03T23:48:58.704198Z,"As of 5/3/26, 6:45 PM",10,432,Data unavailable.,,89,"As of 5/3/26, 6:45 PM",98,300,"As of 5/3/26, 6:45 PM",118,330
2026-05-04T00:15:51.108330Z,"As of 5/3/26, 7:15 PM",9,432,Data unavailable.,,89,"As of 5/3/26, 7:15 PM",98,300,"As of 5/3/26, 7:15 PM",117,330
2026-05-04T01:13:21.541433Z,"As of 5/3/26, 8:10 PM",8,432,Data unavailable.,,89,"As of 5/3/26, 8:10 PM",103,300,"As of 5/3/26, 8:10 PM",113,330
2026-05-04T01:57:54.118188Z,"As of 5/3/26, 8:55 PM",7,432,Data unavailable.,,89,"As of 5/3/26, 8:55 PM",100,300,"As of 5/3/26, 8:55 PM",115,330
2026-05-04T03:13:36.189008Z,"As of 5/3/26, 10:10 PM",4,432,Data unavailable.,,89,"As of 5/3/26, 10:10 PM",101,300,"As of 5/3/26, 10:10 PM",112,330
2026-05-04T04:32:48.511478Z,"As of 5/3/26, 11:30 PM",7,432,Data unavailable.,,89,"As of 5/3/26, 11:30 PM",106,300,"As of 5/3/26, 11:30 PM",74,330
2026-05-04T05:49:47.164654Z,"As of 5/4/26, 12:45 AM",7,432,Data unavailable.,,89,"As of 5/4/26, 12:45 AM",105,300,"As of 5/4/26, 12:45 AM",70,330
2026-05-04T06:54:27.757017Z,"As of 5/4/26, 1:50 AM",8,432,Data unavailable.,,89,"As of 5/4/26, 1:50 AM",104,300,"As of 5/4/26, 1:50 AM",65,330
2026-05-04T07:54:45.615606Z,"As of 5/4/26, 2:50 AM",8,432,Data unavailable.,,89,"As of 5/4/26, 2:50 AM",106,300,"As of 5/4/26, 2:50 AM",61,330
2026-05-04T08:46:08.036088Z,"As of 5/4/26, 3:45 AM",9,432,Data unavailable.,,89,"As of 5/4/26, 3:45 AM",101,300,"As of 5/4/26, 3:45 AM",58,330
2026-05-04T09:40:18.433831Z,"As of 5/4/26, 4:40 AM",9,432,Data unavailable.,,89,"As of 5/4/26, 4:40 AM",101,300,"As of 5/4/26, 4:40 AM",58,330
2026-05-04T10:27:03.939149Z,"As of 5/4/26, 5:25 AM",9,432,Data unavailable.,,89,"As of 5/4/26, 5:25 AM",97,300,"As of 5/4/26, 5:25 AM",57,330
2026-05-04T11:12:54.907885Z,"As of 5/4/26, 6:10 AM",10,432,Data unavailable.,,89,"As of 5/4/26, 6:10 AM",98,300,"As of 5/4/26, 6:10 AM",58,330
2026-05-04T11:54:40.686490Z,"As of 5/4/26, 6:50 AM",10,432,Data unavailable.,,89,"As of 5/4/26, 6:50 AM",94,300,"As of 5/4/26, 6:50 AM",61,330
2026-05-04T12:26:03.254141Z,"As of 5/4/26, 7:25 AM",10,432,Data unavailable.,,89,"As of 5/4/26, 7:25 AM",94,300,"As of 5/4/26, 7:25 AM",64,330
2026-05-04T13:02:25.224042Z,"As of 5/4/26, 8:00 AM",10,432,Data unavailable.,,89,"As of 5/4/26, 8:00 AM",92,300,"As of 5/4/26, 8:00 AM",68,330
2026-05-04T13:52:53.544182Z,"As of 5/4/26, 8:50 AM",11,432,Data unavailable.,,89,"As of 5/4/26, 8:50 AM",90,300,"As of 5/4/26, 8:50 AM",72,330
2026-05-04T14:41:29.066142Z,"As of 5/4/26, 9:40 AM",11,432,Data unavailable.,,89,"As of 5/4/26, 9:40 AM",89,300,"As of 5/4/26, 9:40 AM",75,330
2026-05-04T15:26:23.268573Z,"As of 5/4/26, 10:25 AM",12,432,Data unavailable.,,89,"As of 5/4/26, 10:25 AM",85,300,"As of 5/4/26, 10:25 AM",77,330
2026-05-04T16:11:45.914089Z,"As of 5/4/26, 11:10 AM",12,432,Data unavailable.,,89,"As of 5/4/26, 11:10 AM",89,300,"As of 5/4/26, 11:10 AM",76,330
2026-05-04T16:52:57.430712Z,"As of 5/4/26, 11:50 AM",12,432,Data unavailable.,,89,"As of 5/4/26, 11:50 AM",89,300,"As of 5/4/26, 11:50 AM",78,330
2026-05-04T17:29:33.722326Z,"As of 5/4/26, 12:25 PM",12,432,Data unavailable.,,89,"As of 5/4/26, 12:25 PM",91,300,"As of 5/4/26, 12:25 PM",77,330
2026-05-04T18:03:21.456471Z,"As of 5/4/26, 1:00 PM",12,432,Data unavailable.,,89,"As of 5/4/26, 1:00 PM",91,300,"As of 5/4/26, 1:00 PM",78,330
2026-05-04T18:48:14.830151Z,"As of 5/4/26, 1:45 PM",13,432,Data unavailable.,,89,"As of 5/4/26, 1:45 PM",91,300,"As of 5/4/26, 1:45 PM",77,330
2026-05-04T19:29:45.805307Z,"As of 5/4/26, 2:25 PM",13,432,Data unavailable.,,89,"As of 5/4/26, 2:25 PM",92,300,"As of 5/4/26, 2:25 PM",77,330
2026-05-04T20:04:17.635803Z,"As of 5/4/26, 3:00 PM",13,432,Data unavailable.,,89,"As of 5/4/26, 3:00 PM",94,300,"As of 5/4/26, 3:00 PM",76,330
2026-05-04T20:41:55.006907Z,"As of 5/4/26, 3:40 PM",14,432,Data unavailable.,,89,"As of 5/4/26, 3:40 PM",94,300,"As of 5/4/26, 3:40 PM",75,330
2026-05-04T21:08:58.031799Z,"As of 5/4/26, 4:05 PM",14,432,Data unavailable.,,89,"As of 5/4/26, 4:05 PM",95,300,"As of 5/4/26, 4:05 PM",75,330
2026-05-04T21:36:53.180895Z,"As of 5/4/26, 4:35 PM",14,432,Data unavailable.,,89,"As of 5/4/26, 4:35 PM",97,300,"As of 5/4/26, 4:35 PM",76,330
2026-05-04T22:05:56.685997Z,"As of 5/4/26, 5:05 PM",14,432,Data unavailable.,,89,"As of 5/4/26, 5:05 PM",96,300,"As of 5/4/26, 5:05 PM",73,330
2026-05-04T22:34:27.689639Z,"As of 5/4/26, 5:30 PM",14,432,Data unavailable.,,89,"As of 5/4/26, 5:30 PM",96,300,"As of 5/4/26, 5:30 PM",74,330
2026-05-04T23:04:27.567137Z,"As of 5/4/26, 6:00 PM",15,432,Data unavailable.,,89,"As of 5/4/26, 6:00 PM",97,300,"As of 5/4/26, 6:00 PM",73,330
2026-05-04T23:31:36.538191Z,"As of 5/4/26, 6:30 PM",15,432,Data unavailable.,,89,"As of 5/4/26, 6:30 PM",97,300,"As of 5/4/26, 6:30 PM",72,330
2026-05-05T00:03:23.946544Z,"As of 5/4/26, 7:00 PM",15,432,Data unavailable.,,89,"As of 5/4/26, 7:00 PM",97,300,"As of 5/4/26, 7:00 PM",73,330
2026-05-05T01:03:52.563447Z,"As of 5/4/26, 8:00 PM",15,432,Data unavailable.,,89,"As of 5/4/26, 8:00 PM",97,300,"As of 5/4/26, 8:00 PM",73,330
2026-05-05T01:53:44.624842Z,"As of 5/4/26, 8:50 PM",16,432,Data unavailable.,,89,"As of 5/4/26, 8:50 PM",97,300,"As of 5/4/26, 8:50 PM",76,330
2026-05-05T02:59:13.422710Z,"As of 5/4/26, 9:55 PM",16,432,Data unavailable.,,89,"As of 5/4/26, 9:55 PM",100,300,"As of 5/4/26, 9:55 PM",76,330
2026-05-05T04:10:08.405259Z,"As of 5/4/26, 11:10 PM",17,432,Data unavailable.,,89,"As of 5/4/26, 11:10 PM",98,300,"As of 5/4/26, 11:10 PM",74,330
2026-05-05T05:20:21.230840Z,"As of 5/5/26, 12:20 AM",17,432,Data unavailable.,,89,"As of 5/5/26, 12:20 AM",101,300,"As of 5/5/26, 12:20 AM",70,330
2026-05-05T06:14:25.248708Z,"As of 5/5/26, 1:10 AM",18,432,Data unavailable.,,89,"As of 5/5/26, 1:10 AM",102,300,"As of 5/5/26, 1:10 AM",68,330
2026-05-05T07:05:09.747754Z,"As of 5/5/26, 2:05 AM",18,432,Data unavailable.,,89,"As of 5/5/26, 2:05 AM",99,300,"As of 5/5/26, 2:05 AM",64,330
2026-05-05T07:53:56.869593Z,"As of 5/5/26, 2:50 AM",18,432,Data unavailable.,,89,"As of 5/5/26, 2:50 AM",100,300,"As of 5/5/26, 2:50 AM",62,330
2026-05-05T08:40:10.162681Z,"As of 5/5/26, 3:40 AM",19,432,Data unavailable.,,89,"As of 5/5/26, 3:40 AM",99,300,"As of 5/5/26, 3:40 AM",58,330
2026-05-05T09:24:31.708445Z,"As of 5/5/26, 4:20 AM",19,432,Data unavailable.,,89,"As of 5/5/26, 4:20 AM",96,300,"As of 5/5/26, 4:20 AM",58,330
2026-05-05T10:10:33.772291Z,"As of 5/5/26, 5:10 AM",20,432,Data unavailable.,,89,"As of 5/5/26, 5:10 AM",94,300,"As of 5/5/26, 5:10 AM",56,330
2026-05-05T10:50:50.693492Z,"As of 5/5/26, 5:50 AM",20,432,Data unavailable.,,89,"As of 5/5/26, 5:50 AM",92,300,"As of 5/5/26, 5:50 AM",56,330
2026-05-05T11:25:58.943791Z,"As of 5/5/26, 6:25 AM",20,432,Data unavailable.,,89,"As of 5/5/26, 6:25 AM",92,300,"As of 5/5/26, 6:25 AM",56,330
2026-05-05T11:51:48.111375Z,"As of 5/5/26, 6:50 AM",20,432,Data unavailable.,,89,"As of 5/5/26, 6:50 AM",91,300,"As of 5/5/26, 6:50 AM",58,330
2026-05-05T12:17:51.874593Z,"As of 5/5/26, 7:15 AM",20,432,Data unavailable.,,89,"As of 5/5/26, 7:15 AM",90,300,"As of 5/5/26, 7:15 AM",60,330
2026-05-05T12:52:59.824501Z,"As of 5/5/26, 7:50 AM",21,432,Data unavailable.,,89,"As of 5/5/26, 7:50 AM",90,300,"As of 5/5/26, 7:50 AM",64,330
2026-05-05T14:27:35.989257Z,"As of 5/5/26, 9:25 AM",21,432,Data unavailable.,,89,"As of 5/5/26, 9:25 AM",87,300,"As of 5/5/26, 9:25 AM",70,330
2026-05-05T16:49:08.925912Z,"As of 5/5/26, 11:45 AM",28,432,Data unavailable.,,89,"As of 5/5/26, 11:45 AM",86,300,"As of 5/5/26, 11:45 AM",75,330
2026-05-05T17:29:29.406157Z,"As of 5/5/26, 12:25 PM",25,432,Data unavailable.,,89,"As of 5/5/26, 12:25 PM",86,300,"As of 5/5/26, 12:25 PM",75,330
2026-05-05T18:01:48.468817Z,"As of 5/5/26, 1:00 PM",23,432,Data unavailable.,,89,"As of 5/5/26, 1:00 PM",88,300,"As of 5/5/26, 1:00 PM",74,330
2026-05-05T18:45:31.295983Z,"As of 5/5/26, 1:45 PM",23,432,Data unavailable.,,89,"As of 5/5/26, 1:45 PM",88,300,"As of 5/5/26, 1:45 PM",72,330
2026-05-05T19:29:34.402016Z,"As of 5/5/26, 2:25 PM",23,432,Data unavailable.,,89,"As of 5/5/26, 2:25 PM",90,300,"As of 5/5/26, 2:25 PM",73,330
2026-05-05T20:00:09.042337Z,"As of 5/5/26, 3:00 PM",24,432,Data unavailable.,,89,"As of 5/5/26, 3:00 PM",90,300,"As of 5/5/26, 3:00 PM",75,330
2026-05-05T20:34:12.393180Z,"As of 5/5/26, 3:30 PM",24,432,Data unavailable.,,89,"As of 5/5/26, 3:30 PM",92,300,"As of 5/5/26, 3:30 PM",73,330
2026-05-05T21:06:13.795497Z,"As of 5/5/26, 4:05 PM",24,432,Data unavailable.,,89,"As of 5/5/26, 4:05 PM",94,300,"As of 5/5/26, 4:05 PM",73,330
2026-05-05T21:36:21.302547Z,"As of 5/5/26, 4:35 PM",24,432,Data unavailable.,,89,"As of 5/5/26, 4:35 PM",95,300,"As of 5/5/26, 4:35 PM",73,330
2026-05-05T22:05:52.046281Z,"As of 5/5/26, 5:05 PM",24,432,Data unavailable.,,89,"As of 5/5/26, 5:05 PM",92,300,"As of 5/5/26, 5:05 PM",73,330
2026-05-05T22:33:27.477942Z,"As of 5/5/26, 5:30 PM",25,432,Data unavailable.,,89,"As of 5/5/26, 5:30 PM",94,300,"As of 5/5/26, 5:30 PM",72,330
2026-05-05T23:04:38.038363Z,"As of 5/5/26, 6:00 PM",25,432,Data unavailable.,,89,"As of 5/5/26, 6:00 PM",92,300,"As of 5/5/26, 6:00 PM",71,330
2026-05-05T23:30:35.303274Z,"As of 5/5/26, 6:30 PM",25,432,Data unavailable.,,89,"As of 5/5/26, 6:30 PM",87,300,"As of 5/5/26, 6:30 PM",72,330
2026-05-06T00:00:53.987605Z,"As of 5/5/26, 7:00 PM",25,432,Data unavailable.,,89,"As of 5/5/26, 7:00 PM",96,300,"As of 5/5/26, 7:00 PM",73,330
2026-05-06T01:03:54.530977Z,"As of 5/5/26, 8:00 PM",25,432,Data unavailable.,,89,"As of 5/5/26, 8:00 PM",97,300,"As of 5/5/26, 8:00 PM",71,330
2026-05-06T01:53:27.567290Z,"As of 5/5/26, 8:50 PM",26,432,Data unavailable.,,89,"As of 5/5/26, 8:50 PM",96,300,"As of 5/5/26, 8:50 PM",73,330
2026-05-06T02:59:42.913283Z,"As of 5/5/26, 9:55 PM",26,432,Data unavailable.,,89,"As of 5/5/26, 9:55 PM",96,300,"As of 5/5/26, 9:55 PM",74,330
2026-05-06T04:22:24.744167Z,"As of 5/5/26, 11:20 PM",27,432,Data unavailable.,,89,"As of 5/5/26, 11:20 PM",94,300,"As of 5/5/26, 11:20 PM",72,330
2026-05-06T05:37:22.499442Z,"As of 5/6/26, 12:35 AM",27,432,Data unavailable.,,89,"As of 5/6/26, 12:35 AM",95,300,"As of 5/6/26, 12:35 AM",105,330
2026-05-06T06:35:42.129295Z,"As of 5/6/26, 1:35 AM",25,432,Data unavailable.,,89,"As of 5/6/26, 1:35 AM",95,300,"As of 5/6/26, 1:35 AM",114,330
2026-05-06T07:36:19.635729Z,"As of 5/6/26, 2:35 AM",24,432,Data unavailable.,,89,"As of 5/6/26, 2:35 AM",97,300,"As of 5/6/26, 2:35 AM",112,330
2026-05-06T09:33:45.707471Z,"As of 5/6/26, 4:30 AM",21,432,Data unavailable.,,89,"As of 5/6/26, 4:30 AM",92,300,"As of 5/6/26, 4:30 AM",106,330
2026-05-06T10:28:10.703954Z,"As of 5/6/26, 5:25 AM",19,432,Data unavailable.,,89,"As of 5/6/26, 5:25 AM",91,300,"As of 5/6/26, 5:25 AM",108,330
2026-05-06T11:15:02.986992Z,"As of 5/6/26, 6:15 AM",17,432,Data unavailable.,,89,"As of 5/6/26, 6:10 AM",88,300,"As of 5/6/26, 6:15 AM",111,330
2026-05-06T11:57:12.816855Z,"As of 5/6/26, 6:55 AM",16,432,Data unavailable.,,89,"As of 5/6/26, 6:55 AM",87,300,"As of 5/6/26, 6:55 AM",111,330
2026-05-06T12:40:54.655699Z,"As of 5/6/26, 7:40 AM",15,432,Data unavailable.,,89,"As of 5/6/26, 7:40 AM",85,300,"As of 5/6/26, 7:40 AM",120,330
2026-05-06T13:19:11.233236Z,"As of 5/6/26, 8:15 AM",13,432,Data unavailable.,,89,"As of 5/6/26, 8:15 AM",84,300,"As of 5/6/26, 8:15 AM",122,330
2026-05-06T14:14:30.375406Z,"As of 5/6/26, 9:10 AM",12,432,Data unavailable.,,89,"As of 5/6/26, 9:10 AM",83,300,"As of 5/6/26, 9:10 AM",114,330
2026-05-06T15:12:15.662246Z,"As of 5/6/26, 10:10 AM",12,432,Data unavailable.,,89,"As of 5/6/26, 10:10 AM",67,300,"As of 5/6/26, 10:10 AM",72,330
2026-05-06T15:56:57.730612Z,"As of 5/6/26, 10:55 AM",12,432,Data unavailable.,,89,"As of 5/6/26, 10:55 AM",73,300,"As of 5/6/26, 10:55 AM",73,330
2026-05-06T16:33:41.774686Z,"As of 5/6/26, 11:30 AM",13,432,Data unavailable.,,89,"As of 5/6/26, 11:30 AM",74,300,"As of 5/6/26, 11:30 AM",74,330
2026-05-06T17:14:16.879300Z,"As of 5/6/26, 12:10 PM",13,432,Data unavailable.,,89,"As of 5/6/26, 12:10 PM",77,300,"As of 5/6/26, 12:10 PM",75,330
2026-05-06T17:51:35.782566Z,"As of 5/6/26, 12:50 PM",13,432,Data unavailable.,,89,"As of 5/6/26, 12:50 PM",78,300,"As of 5/6/26, 12:50 PM",75,330
2026-05-06T18:27:37.212814Z,"As of 5/6/26, 1:25 PM",13,432,Data unavailable.,,89,"As of 5/6/26, 1:25 PM",80,300,"As of 5/6/26, 1:25 PM",73,330
2026-05-06T19:06:10.336270Z,"As of 5/6/26, 2:05 PM",14,432,Data unavailable.,,89,"As of 5/6/26, 2:05 PM",81,300,"As of 5/6/26, 2:05 PM",74,330
2026-05-06T19:51:19.538186Z,"As of 5/6/26, 2:50 PM",14,432,Data unavailable.,,89,"As of 5/6/26, 2:50 PM",83,300,"As of 5/6/26, 2:50 PM",75,330
2026-05-06T20:28:52.881899Z,"As of 5/6/26, 3:25 PM",14,432,Data unavailable.,,89,"As of 5/6/26, 3:25 PM",84,300,"As of 5/6/26, 3:25 PM",74,330
2026-05-06T20:57:38.624195Z,"As of 5/6/26, 3:55 PM",14,432,Data unavailable.,,89,"As of 5/6/26, 3:55 PM",86,300,"As of 5/6/26, 3:55 PM",74,330
2026-05-06T21:27:23.437189Z,"As of 5/6/26, 4:25 PM",15,432,Data unavailable.,,89,"As of 5/6/26, 4:25 PM",85,300,"As of 5/6/26, 4:25 PM",73,330
2026-05-06T21:49:29.987956Z,"As of 5/6/26, 4:45 PM",15,432,Data unavailable.,,89,"As of 5/6/26, 4:45 PM",87,300,"As of 5/6/26, 4:45 PM",71,330
2026-05-06T22:14:26.953750Z,"As of 5/6/26, 5:10 PM",15,432,Data unavailable.,,89,"As of 5/6/26, 5:10 PM",87,300,"As of 5/6/26, 5:10 PM",74,330
2026-05-06T22:33:29.737273Z,"As of 5/6/26, 5:30 PM",15,432,Data unavailable.,,89,"As of 5/6/26, 5:30 PM",86,300,"As of 5/6/26, 5:30 PM",71,330
2026-05-06T23:02:39.525328Z,"As of 5/6/26, 6:00 PM",15,432,Data unavailable.,,89,"As of 5/6/26, 6:00 PM",88,300,"As of 5/6/26, 6:00 PM",74,330
2026-05-06T23:31:50.005127Z,"As of 5/6/26, 6:30 PM",15,432,Data unavailable.,,89,"As of 5/6/26, 6:30 PM",85,300,"As of 5/6/26, 6:30 PM",73,330
2026-05-07T00:01:36.851138Z,"As of 5/6/26, 7:00 PM",15,432,Data unavailable.,,89,"As of 5/6/26, 7:00 PM",87,300,"As of 5/6/26, 7:00 PM",72,330
2026-05-07T01:08:31.490577Z,"As of 5/6/26, 8:05 PM",16,432,Data unavailable.,,89,"As of 5/6/26, 8:05 PM",91,300,"As of 5/6/26, 8:05 PM",75,330
2026-05-07T01:53:41.149998Z,"As of 5/6/26, 8:50 PM",16,432,Data unavailable.,,89,"As of 5/6/26, 8:50 PM",88,300,"As of 5/6/26, 8:50 PM",74,330
2026-05-07T02:59:56.238375Z,"As of 5/6/26, 9:55 PM",16,432,Data unavailable.,,89,"As of 5/6/26, 9:55 PM",90,300,"As of 5/6/26, 9:55 PM",76,330
2026-05-07T04:22:52.102471Z,"As of 5/6/26, 11:20 PM",17,432,Data unavailable.,,89,"As of 5/6/26, 11:20 PM",88,300,"As of 5/6/26, 11:20 PM",72,330
2026-05-07T05:39:20.922891Z,"As of 5/7/26, 12:35 AM",17,432,Data unavailable.,,89,"As of 5/7/26, 12:35 AM",90,300,"As of 5/7/26, 12:35 AM",108,330
2026-05-07T06:36:39.680806Z,"As of 5/7/26, 1:35 AM",16,432,Data unavailable.,,89,"As of 5/7/26, 1:35 AM",92,300,"As of 5/7/26, 1:35 AM",113,330
2026-05-07T07:38:19.302352Z,"As of 5/7/26, 2:35 AM",14,432,Data unavailable.,,89,"As of 5/7/26, 2:35 AM",95,300,"As of 5/7/26, 2:35 AM",110,330
2026-05-07T08:36:25.977646Z,"As of 5/7/26, 3:35 AM",12,432,Data unavailable.,,89,"As of 5/7/26, 3:35 AM",93,300,"As of 5/7/26, 3:35 AM",110,330
2026-05-07T09:36:14.886106Z,"As of 5/7/26, 4:35 AM",11,432,Data unavailable.,,89,"As of 5/7/26, 4:35 AM",91,300,"As of 5/7/26, 4:35 AM",106,330
2026-05-07T10:33:08.610827Z,"As of 5/7/26, 5:30 AM",9,432,Data unavailable.,,89,"As of 5/7/26, 5:30 AM",89,300,"As of 5/7/26, 5:30 AM",106,330
2026-05-07T11:23:49.131959Z,"As of 5/7/26, 6:20 AM",7,432,Data unavailable.,,89,"As of 5/7/26, 6:20 AM",89,300,"As of 5/7/26, 6:20 AM",105,330
2026-05-07T12:06:45.373249Z,"As of 5/7/26, 7:05 AM",5,432,Data unavailable.,,89,"As of 5/7/26, 7:05 AM",83,300,"As of 5/7/26, 7:05 AM",100,330
2026-05-07T12:55:03.214388Z,"As of 5/7/26, 7:50 AM",6,432,Data unavailable.,,89,"As of 5/7/26, 7:50 AM",83,300,"As of 5/7/26, 7:50 AM",63,330
2026-05-07T13:31:42.308030Z,"As of 5/7/26, 8:30 AM",7,432,Data unavailable.,,89,"As of 5/7/26, 8:30 AM",81,300,"As of 5/7/26, 8:30 AM",68,330
2026-05-07T14:36:27.419420Z,"As of 5/7/26, 9:35 AM",7,432,Data unavailable.,,89,"As of 5/7/26, 9:35 AM",83,300,"As of 5/7/26, 9:35 AM",71,330
2026-05-07T15:32:40.477549Z,"As of 5/7/26, 10:30 AM",8,432,Data unavailable.,,89,"As of 5/7/26, 10:30 AM",79,300,"As of 5/7/26, 10:30 AM",74,330
2026-05-07T16:22:00.477148Z,"As of 5/7/26, 11:20 AM",8,432,Data unavailable.,,89,"As of 5/7/26, 11:20 AM",82,300,"As of 5/7/26, 11:20 AM",73,330
2026-05-07T17:05:50.954728Z,"As of 5/7/26, 12:05 PM",8,432,Data unavailable.,,89,"As of 5/7/26, 12:05 PM",83,300,"As of 5/7/26, 12:05 PM",73,330
2026-05-07T17:51:15.887872Z,"As of 5/7/26, 12:50 PM",0,432,Data unavailable.,,89,"As of 5/7/26, 12:50 PM",81,300,"As of 5/7/26, 12:50 PM",75,330
2026-05-07T18:29:21.973518Z,"As of 5/7/26, 1:25 PM",9,432,Data unavailable.,,89,"As of 5/7/26, 1:25 PM",83,300,"As of 5/7/26, 1:25 PM",77,330
2026-05-07T19:08:48.824027Z,"As of 5/7/26, 2:05 PM",10,432,Data unavailable.,,89,"As of 5/7/26, 2:05 PM",81,300,"As of 5/7/26, 2:05 PM",77,330
2026-05-07T19:50:23.610141Z,"As of 5/7/26, 2:50 PM",10,432,Data unavailable.,,89,"As of 5/7/26, 2:50 PM",85,300,"As of 5/7/26, 2:50 PM",76,330
2026-05-07T20:25:20.602909Z,"As of 5/7/26, 3:25 PM",10,432,Data unavailable.,,89,"As of 5/7/26, 3:25 PM",86,300,"As of 5/7/26, 3:25 PM",74,330
2026-05-07T20:51:02.519070Z,"As of 5/7/26, 3:50 PM",10,432,Data unavailable.,,89,"As of 5/7/26, 3:50 PM",87,300,"As of 5/7/26, 3:50 PM",74,330
2026-05-07T21:18:28.132488Z,"As of 5/7/26, 4:15 PM",10,432,Data unavailable.,,89,"As of 5/7/26, 4:15 PM",87,300,"As of 5/7/26, 4:15 PM",73,330
2026-05-07T21:45:53.833892Z,"As of 5/7/26, 4:45 PM",11,432,Data unavailable.,,89,"As of 5/7/26, 4:45 PM",86,300,"As of 5/7/26, 4:45 PM",74,330
2026-05-07T22:19:30.323141Z,"As of 5/7/26, 5:15 PM",11,432,Data unavailable.,,89,"As of 5/7/26, 5:15 PM",85,300,"As of 5/7/26, 5:15 PM",71,330
2026-05-07T22:46:39.323102Z,"As of 5/7/26, 5:45 PM",11,432,Data unavailable.,,89,"As of 5/7/26, 5:45 PM",87,300,"As of 5/7/26, 5:45 PM",73,330
2026-05-07T23:16:26.629832Z,"As of 5/7/26, 6:15 PM",11,432,Data unavailable.,,89,"As of 5/7/26, 6:15 PM",85,300,"As of 5/7/26, 6:15 PM",75,330
2026-05-07T23:45:54.789321Z,"As of 5/7/26, 6:45 PM",11,432,Data unavailable.,,89,"As of 5/7/26, 6:45 PM",87,300,"As of 5/7/26, 6:45 PM",74,330
2026-05-08T00:17:24.155621Z,"As of 5/7/26, 7:15 PM",12,432,Data unavailable.,,89,"As of 5/7/26, 7:15 PM",86,300,"As of 5/7/26, 7:15 PM",73,330
2026-05-08T01:13:38.478222Z,"As of 5/7/26, 8:10 PM",12,432,Data unavailable.,,89,"As of 5/7/26, 8:10 PM",86,300,"As of 5/7/26, 8:10 PM",73,330
2026-05-08T01:58:38.925731Z,"As of 5/7/26, 8:55 PM",12,432,Data unavailable.,,89,"As of 5/7/26, 8:55 PM",86,300,"As of 5/7/26, 8:55 PM",74,330
2026-05-08T03:13:43.449357Z,"As of 5/7/26, 10:10 PM",13,432,Data unavailable.,,89,"As of 5/7/26, 10:10 PM",88,300,"As of 5/7/26, 10:10 PM",77,330
2026-05-08T04:22:44.713863Z,"As of 5/7/26, 11:20 PM",12,432,Data unavailable.,,89,"As of 5/7/26, 11:20 PM",90,300,"As of 5/7/26, 11:20 PM",124,330
2026-05-08T05:18:38.370571Z,"As of 5/8/26, 12:15 AM",11,432,Data unavailable.,,89,"As of 5/8/26, 12:15 AM",88,300,"As of 5/8/26, 12:15 AM",124,330
2026-05-08T06:08:04.690453Z,"As of 5/8/26, 1:05 AM",10,432,Data unavailable.,,89,"As of 5/8/26, 1:05 AM",93,300,"As of 5/8/26, 1:05 AM",120,330
2026-05-08T06:51:41.063554Z,"As of 5/8/26, 1:50 AM",9,432,Data unavailable.,,89,"As of 5/8/26, 1:50 AM",90,300,"As of 5/8/26, 1:50 AM",118,330
2026-05-08T07:29:38.903818Z,"As of 5/8/26, 2:25 AM",9,432,Data unavailable.,,89,"As of 5/8/26, 2:25 AM",88,300,"As of 5/8/26, 2:25 AM",114,330
2026-05-08T08:06:44.255502Z,"As of 5/8/26, 3:05 AM",8,432,Data unavailable.,,89,"As of 5/8/26, 3:05 AM",90,300,"As of 5/8/26, 3:05 AM",111,330
2026-05-08T08:46:53.261008Z,"As of 5/8/26, 3:45 AM",8,432,Data unavailable.,,89,"As of 5/8/26, 3:45 AM",85,300,"As of 5/8/26, 3:45 AM",107,330
2026-05-08T09:28:55.483562Z,"As of 5/8/26, 4:25 AM",7,432,Data unavailable.,,89,"As of 5/8/26, 4:25 AM",1,300,"As of 5/8/26, 4:25 AM",101,330
2026-05-08T10:04:18.272378Z,"As of 5/8/26, 5:00 AM",6,432,Data unavailable.,,89,"As of 5/8/26, 5:00 AM",1,300,"As of 5/8/26, 5:00 AM",99,330
2026-05-08T10:46:54.739412Z,"As of 5/8/26, 5:45 AM",6,432,Data unavailable.,,89,"As of 5/8/26, 5:15 AM",1,300,"As of 5/8/26, 5:45 AM",98,330
2026-05-08T11:27:55.083298Z,"As of 5/8/26, 6:25 AM",8,432,Data unavailable.,,89,"As of 5/8/26, 6:25 AM",4,300,"As of 5/8/26, 6:25 AM",56,330
2026-05-08T11:57:52.552607Z,"As of 5/8/26, 6:55 AM",9,432,Data unavailable.,,89,"As of 5/8/26, 6:55 AM",4,300,"As of 5/8/26, 6:55 AM",57,330
2026-05-08T12:36:22.965066Z,"As of 5/8/26, 7:35 AM",10,432,Data unavailable.,,89,"As of 5/8/26, 7:35 AM",4,300,"As of 5/8/26, 7:35 AM",63,330
2026-05-08T13:08:39.315627Z,"As of 5/8/26, 8:05 AM",10,432,Data unavailable.,,89,"As of 5/8/26, 8:05 AM",4,300,"As of 5/8/26, 8:05 AM",64,330
2026-05-08T13:51:41.413876Z,"As of 5/8/26, 8:50 AM",11,432,Data unavailable.,,89,"As of 5/8/26, 8:50 AM",4,300,"As of 5/8/26, 8:50 AM",69,330
2026-05-08T14:32:44.991105Z,"As of 5/8/26, 9:30 AM",12,432,Data unavailable.,,89,"As of 5/8/26, 9:30 AM",4,300,"As of 5/8/26, 9:30 AM",73,330
2026-05-08T15:11:14.823812Z,"As of 5/8/26, 10:10 AM",13,432,Data unavailable.,,89,"As of 5/8/26, 10:10 AM",4,300,"As of 5/8/26, 10:10 AM",73,330
2026-05-08T15:48:38.149814Z,"As of 5/8/26, 10:45 AM",14,432,Data unavailable.,,89,"As of 5/8/26, 10:45 AM",4,300,"As of 5/8/26, 10:45 AM",74,330
2026-05-08T16:26:57.156028Z,"As of 5/8/26, 11:25 AM",15,432,Data unavailable.,,89,"As of 5/8/26, 11:25 AM",4,300,"As of 5/8/26, 11:25 AM",76,330
2026-05-08T16:55:52.261612Z,"As of 5/8/26, 11:55 AM",15,432,Data unavailable.,,89,"As of 5/8/26, 11:55 AM",36,300,"As of 5/8/26, 11:55 AM",74,330
2026-05-08T17:29:38.807111Z,"As of 5/8/26, 12:25 PM",16,432,Data unavailable.,,89,"As of 5/8/26, 12:25 PM",46,300,"As of 5/8/26, 12:25 PM",74,330
2026-05-08T17:58:18.859480Z,"As of 5/8/26, 12:55 PM",17,432,Data unavailable.,,89,"As of 5/8/26, 12:55 PM",66,300,"As of 5/8/26, 12:55 PM",76,330
2026-05-08T18:37:51.560857Z,"As of 5/8/26, 1:35 PM",18,432,Data unavailable.,,89,"As of 5/8/26, 1:35 PM",78,300,"As of 5/8/26, 1:35 PM",77,330
2026-05-08T19:08:09.392705Z,"As of 5/8/26, 2:05 PM",18,432,Data unavailable.,,89,"As of 5/8/26, 2:05 PM",82,300,"As of 5/8/26, 2:05 PM",76,330
2026-05-08T19:44:51.442721Z,"As of 5/8/26, 2:40 PM",19,432,Data unavailable.,,89,"As of 5/8/26, 2:40 PM",89,300,"As of 5/8/26, 2:40 PM",74,330
2026-05-08T20:12:01.047930Z,"As of 5/8/26, 3:10 PM",20,432,Data unavailable.,,89,"As of 5/8/26, 3:10 PM",97,300,"As of 5/8/26, 3:10 PM",73,330
2026-05-08T20:36:30.834102Z,"As of 5/8/26, 3:35 PM",21,432,Data unavailable.,,89,"As of 5/8/26, 3:35 PM",102,300,"As of 5/8/26, 3:35 PM",73,330
2026-05-08T21:06:14.303552Z,"As of 5/8/26, 4:05 PM",21,432,Data unavailable.,,89,"As of 5/8/26, 4:05 PM",101,300,"As of 5/8/26, 4:05 PM",75,330
2026-05-08T21:35:04.178262Z,"As of 5/8/26, 4:35 PM",22,432,Data unavailable.,,89,"As of 5/8/26, 4:35 PM",107,300,"As of 5/8/26, 4:35 PM",71,330
2026-05-08T22:05:21.251060Z,"As of 5/8/26, 5:05 PM",22,432,Data unavailable.,,89,"As of 5/8/26, 5:05 PM",105,300,"As of 5/8/26, 5:05 PM",70,330
2026-05-08T22:33:04.646975Z,"As of 5/8/26, 5:30 PM",23,432,Data unavailable.,,89,"As of 5/8/26, 5:30 PM",114,300,"As of 5/8/26, 5:30 PM",71,330
2026-05-08T23:04:11.542056Z,"As of 5/8/26, 6:00 PM",24,432,Data unavailable.,,89,"As of 5/8/26, 6:00 PM",113,300,"As of 5/8/26, 6:00 PM",72,330
2026-05-08T23:33:00.040270Z,"As of 5/8/26, 6:30 PM",24,432,Data unavailable.,,89,"As of 5/8/26, 6:30 PM",110,300,"As of 5/8/26, 6:30 PM",72,330
2026-05-09T00:04:42.515032Z,"As of 5/8/26, 7:00 PM",25,432,Data unavailable.,,89,"As of 5/8/26, 7:00 PM",110,300,"As of 5/8/26, 7:00 PM",74,330
2026-05-09T01:07:49.076501Z,"As of 5/8/26, 8:05 PM",26,432,Data unavailable.,,89,"As of 5/8/26, 8:05 PM",109,300,"As of 5/8/26, 8:05 PM",74,330
2026-05-09T01:53:37.670439Z,"As of 5/8/26, 8:50 PM",27,432,Data unavailable.,,89,"As of 5/8/26, 8:50 PM",110,300,"As of 5/8/26, 8:50 PM",70,330
2026-05-09T02:59:49.290324Z,"As of 5/8/26, 9:55 PM",29,432,Data unavailable.,,89,"As of 5/8/26, 9:55 PM",109,300,"As of 5/8/26, 9:55 PM",71,330
2026-05-09T04:15:21.760436Z,"As of 5/8/26, 11:15 PM",28,432,Data unavailable.,,89,"As of 5/8/26, 11:15 PM",109,300,"As of 5/8/26, 11:15 PM",139,330
2026-05-09T05:31:36.371265Z,"As of 5/9/26, 12:30 AM",27,432,Data unavailable.,,89,"As of 5/9/26, 12:30 AM",110,300,"As of 5/9/26, 12:30 AM",134,330
2026-05-09T06:27:50.221677Z,"As of 5/9/26, 1:25 AM",25,432,Data unavailable.,,89,"As of 5/9/26, 1:25 AM",83,300,"As of 5/9/26, 1:25 AM",132,330
2026-05-09T07:16:14.864183Z,"As of 5/9/26, 2:15 AM",24,432,Data unavailable.,,89,"As of 5/9/26, 2:15 AM",81,300,"As of 5/9/26, 2:15 AM",128,330
2026-05-09T08:08:39.983544Z,"As of 5/9/26, 3:05 AM",23,432,Data unavailable.,,89,"As of 5/9/26, 3:05 AM",74,300,"As of 5/9/26, 3:05 AM",126,330
2026-05-09T08:48:01.016917Z,"As of 5/9/26, 3:45 AM",22,432,Data unavailable.,,89,"As of 5/9/26, 3:45 AM",72,300,"As of 5/9/26, 3:45 AM",123,330
2026-05-09T09:27:54.436669Z,"As of 5/9/26, 4:25 AM",21,432,Data unavailable.,,89,"As of 5/9/26, 4:25 AM",70,300,"As of 5/9/26, 4:25 AM",116,330
2026-05-09T09:55:47.100137Z,"As of 5/9/26, 4:55 AM",20,432,Data unavailable.,,89,"As of 5/9/26, 4:55 AM",71,300,"As of 5/9/26, 4:55 AM",109,330
2026-05-09T10:19:54.444531Z,"As of 5/9/26, 5:15 AM",19,432,Data unavailable.,,89,"As of 5/9/26, 5:15 AM",67,300,"As of 5/9/26, 5:15 AM",108,330
2026-05-09T10:45:50.928655Z,"As of 5/9/26, 5:45 AM",18,432,Data unavailable.,,89,"As of 5/9/26, 5:45 AM",68,300,"As of 5/9/26, 5:45 AM",109,330
2026-05-09T11:16:19.578531Z,"As of 5/9/26, 6:15 AM",17,432,Data unavailable.,,89,"As of 5/9/26, 6:15 AM",63,300,"As of 5/9/26, 6:15 AM",104,330
2026-05-09T11:44:59.573170Z,"As of 5/9/26, 6:40 AM",16,432,Data unavailable.,,89,"As of 5/9/26, 6:40 AM",62,300,"As of 5/9/26, 6:40 AM",99,330
2026-05-09T12:03:58.631380Z,"As of 5/9/26, 7:00 AM",16,432,Data unavailable.,,89,"As of 5/9/26, 7:00 AM",64,300,"As of 5/9/26, 7:00 AM",99,330
2026-05-09T12:34:31.384505Z,"As of 5/9/26, 7:30 AM",15,432,Data unavailable.,,89,"As of 5/9/26, 7:30 AM",61,300,"As of 5/9/26, 7:30 AM",98,330
2026-05-09T13:07:28.753150Z,"As of 5/9/26, 8:05 AM",14,432,Data unavailable.,,89,"As of 5/9/26, 8:05 AM",61,300,"As of 5/9/26, 8:05 AM",102,330
2026-05-09T13:47:30.322981Z,"As of 5/9/26, 8:45 AM",13,432,Data unavailable.,,89,"As of 5/9/26, 8:45 AM",63,300,"As of 5/9/26, 8:45 AM",102,330
2026-05-09T14:21:20.949044Z,"As of 5/9/26, 9:20 AM",12,432,Data unavailable.,,89,"As of 5/9/26, 9:20 AM",63,300,"As of 5/9/26, 9:20 AM",106,330
2026-05-09T14:45:04.319749Z,"As of 5/9/26, 9:45 AM",11,432,Data unavailable.,,89,"As of 5/9/26, 9:45 AM",61,300,"As of 5/9/26, 9:45 AM",107,330
2026-05-09T15:09:01.648045Z,"As of 5/9/26, 10:05 AM",11,432,Data unavailable.,,89,"As of 5/9/26, 10:05 AM",65,300,"As of 5/9/26, 10:05 AM",105,330
2026-05-09T15:32:36.881862Z,"As of 5/9/26, 10:30 AM",10,432,Data unavailable.,,89,"As of 5/9/26, 10:30 AM",64,300,"As of 5/9/26, 10:30 AM",107,330
2026-05-09T16:03:17.929086Z,"As of 5/9/26, 11:00 AM",10,432,Data unavailable.,,89,"As of 5/9/26, 11:00 AM",64,300,"As of 5/9/26, 11:00 AM",109,330
2026-05-09T16:32:42.700485Z,"As of 5/9/26, 11:30 AM",9,432,Data unavailable.,,89,"As of 5/9/26, 11:30 AM",64,300,"As of 5/9/26, 11:30 AM",109,330
2026-05-09T17:04:43.406936Z,"As of 5/9/26, 12:00 PM",8,432,Data unavailable.,,89,"As of 5/9/26, 12:00 PM",68,300,"As of 5/9/26, 12:00 PM",111,330
2026-05-09T17:32:55.281844Z,"As of 5/9/26, 12:30 PM",7,432,Data unavailable.,,89,"As of 5/9/26, 12:30 PM",67,300,"As of 5/9/26, 12:30 PM",110,330
2026-05-09T18:01:23.279454Z,"As of 5/9/26, 1:00 PM",7,432,Data unavailable.,,89,"As of 5/9/26, 1:00 PM",70,300,"As of 5/9/26, 1:00 PM",110,330
2026-05-09T18:33:51.215241Z,"As of 5/9/26, 1:30 PM",6,432,Data unavailable.,,89,"As of 5/9/26, 1:30 PM",72,300,"As of 5/9/26, 1:30 PM",109,330
2026-05-09T19:06:05.840794Z,"As of 5/9/26, 2:05 PM",2,432,Data unavailable.,,89,"As of 5/9/26, 2:05 PM",76,300,"As of 5/9/26, 2:05 PM",108,330
2026-05-09T19:38:41.308349Z,"As of 5/9/26, 2:35 PM",5,432,Data unavailable.,,89,"As of 5/9/26, 2:35 PM",72,300,"As of 5/9/26, 2:35 PM",72,330
2026-05-09T20:01:00.189715Z,"As of 5/9/26, 3:00 PM",6,432,Data unavailable.,,89,"As of 5/9/26, 3:00 PM",74,300,"As of 5/9/26, 3:00 PM",73,330
2026-05-09T20:27:50.437070Z,"As of 5/9/26, 3:25 PM",6,432,Data unavailable.,,89,"As of 5/9/26, 3:25 PM",75,300,"As of 5/9/26, 3:25 PM",72,330
2026-05-09T20:47:25.232866Z,"As of 5/9/26, 3:45 PM",6,432,Data unavailable.,,89,"As of 5/9/26, 3:45 PM",79,300,"As of 5/9/26, 3:45 PM",71,330
2026-05-09T21:13:06.483331Z,"As of 5/9/26, 4:10 PM",6,432,Data unavailable.,,89,"As of 5/9/26, 4:10 PM",81,300,"As of 5/9/26, 4:10 PM",71,330
2026-05-09T21:30:02.437744Z,"As of 5/9/26, 4:25 PM",7,432,Data unavailable.,,89,"As of 5/9/26, 4:25 PM",81,300,"As of 5/9/26, 4:25 PM",72,330
2026-05-09T21:50:24.829345Z,"As of 5/9/26, 4:50 PM",7,432,Data unavailable.,,89,"As of 5/9/26, 4:50 PM",83,300,"As of 5/9/26, 4:50 PM",71,330
2026-05-09T22:12:12.572087Z,"As of 5/9/26, 5:10 PM",7,432,Data unavailable.,,89,"As of 5/9/26, 5:10 PM",85,300,"As of 5/9/26, 5:10 PM",69,330
2026-05-09T22:28:24.899582Z,"As of 5/9/26, 5:25 PM",7,432,Data unavailable.,,89,"As of 5/9/26, 5:25 PM",86,300,"As of 5/9/26, 5:25 PM",69,330
2026-05-09T22:48:22.101631Z,"As of 5/9/26, 5:45 PM",7,432,Data unavailable.,,89,"As of 5/9/26, 5:45 PM",84,300,"As of 5/9/26, 5:45 PM",70,330
2026-05-09T23:14:20.139665Z,"As of 5/9/26, 6:10 PM",7,432,Data unavailable.,,89,"As of 5/9/26, 6:10 PM",84,300,"As of 5/9/26, 6:10 PM",71,330
2026-05-09T23:32:23.978524Z,"As of 5/9/26, 6:30 PM",8,432,Data unavailable.,,89,"As of 5/9/26, 6:30 PM",91,300,"As of 5/9/26, 6:30 PM",69,330
2026-05-10T00:01:09.945295Z,"As of 5/9/26, 7:00 PM",8,432,Data unavailable.,,89,"As of 5/9/26, 7:00 PM",87,300,"As of 5/9/26, 7:00 PM",69,330
2026-05-10T01:14:48.187925Z,"As of 5/9/26, 8:10 PM",8,432,Data unavailable.,,89,"As of 5/9/26, 8:10 PM",89,300,"As of 5/9/26, 8:10 PM",68,330
2026-05-10T01:59:54.537585Z,"As of 5/9/26, 8:55 PM",8,432,Data unavailable.,,89,"As of 5/9/26, 8:55 PM",91,300,"As of 5/9/26, 8:55 PM",67,330
2026-05-10T03:19:20.568408Z,"As of 5/9/26, 10:15 PM",9,432,Data unavailable.,,89,"As of 5/9/26, 10:15 PM",89,300,"As of 5/9/26, 10:15 PM",66,330
2026-05-10T04:43:59.129041Z,"As of 5/9/26, 11:40 PM",9,432,Data unavailable.,,89,"As of 5/9/26, 11:40 PM",90,300,"As of 5/9/26, 11:40 PM",67,330
2026-05-10T05:51:53.945797Z,"As of 5/10/26, 12:50 AM",10,432,Data unavailable.,,89,"As of 5/10/26, 12:50 AM",88,300,"As of 5/10/26, 12:50 AM",63,330
2026-05-10T06:49:11.172534Z,"As of 5/10/26, 1:45 AM",10,432,Data unavailable.,,89,"As of 5/10/26, 1:45 AM",89,300,"As of 5/10/26, 1:45 AM",60,330
2026-05-10T07:41:10.887148Z,"As of 5/10/26, 2:40 AM",10,432,Data unavailable.,,89,"As of 5/10/26, 2:40 AM",86,300,"As of 5/10/26, 2:40 AM",58,330
2026-05-10T08:24:33.704493Z,"As of 5/10/26, 3:20 AM",10,432,Data unavailable.,,89,"As of 5/10/26, 3:20 AM",85,300,"As of 5/10/26, 3:20 AM",54,330
2026-05-10T09:04:32.930286Z,"As of 5/10/26, 4:00 AM",11,432,Data unavailable.,,89,"As of 5/10/26, 4:00 AM",85,300,"As of 5/10/26, 4:00 AM",53,330
2026-05-10T09:46:55.406247Z,"As of 5/10/26, 4:45 AM",11,432,Data unavailable.,,89,"As of 5/10/26, 4:45 AM",83,300,"As of 5/10/26, 4:45 AM",51,330
2026-05-10T10:24:15.448099Z,"As of 5/10/26, 5:20 AM",11,432,Data unavailable.,,89,"As of 5/10/26, 5:20 AM",79,300,"As of 5/10/26, 5:20 AM",50,330
2026-05-10T10:48:59.848664Z,"As of 5/10/26, 5:45 AM",11,432,Data unavailable.,,89,"As of 5/10/26, 5:45 AM",79,300,"As of 5/10/26, 5:45 AM",49,330
2026-05-10T11:17:59.940848Z,"As of 5/10/26, 6:15 AM",11,432,Data unavailable.,,89,"As of 5/10/26, 6:15 AM",77,300,"As of 5/10/26, 6:15 AM",50,330
2026-05-10T11:45:12.032291Z,"As of 5/10/26, 6:45 AM",11,432,Data unavailable.,,89,"As of 5/10/26, 6:45 AM",77,300,"As of 5/10/26, 6:45 AM",51,330
2026-05-10T12:04:51.994666Z,"As of 5/10/26, 7:00 AM",12,432,Data unavailable.,,89,"As of 5/10/26, 7:00 AM",76,300,"As of 5/10/26, 7:00 AM",51,330
2026-05-10T12:34:43.044409Z,"As of 5/10/26, 7:30 AM",12,432,Data unavailable.,,89,"As of 5/10/26, 7:30 AM",75,300,"As of 5/10/26, 7:30 AM",52,330
2026-05-10T13:07:29.873679Z,"As of 5/10/26, 8:05 AM",12,432,Data unavailable.,,89,"As of 5/10/26, 8:05 AM",74,300,"As of 5/10/26, 8:05 AM",52,330
2026-05-10T13:49:12.132672Z,"As of 5/10/26, 8:45 AM",12,432,Data unavailable.,,89,"As of 5/10/26, 8:45 AM",72,300,"As of 5/10/26, 8:45 AM",54,330
2026-05-10T14:23:01.494883Z,"As of 5/10/26, 9:20 AM",12,432,Data unavailable.,,89,"As of 5/10/26, 9:20 AM",81,300,"As of 5/10/26, 9:20 AM",59,330
2026-05-10T14:45:15.727214Z,"As of 5/10/26, 9:45 AM",12,432,Data unavailable.,,89,"As of 5/10/26, 9:45 AM",78,300,"As of 5/10/26, 9:45 AM",61,330
2026-05-10T15:09:27.325774Z,"As of 5/10/26, 10:05 AM",12,432,Data unavailable.,,89,"As of 5/10/26, 10:05 AM",74,300,"As of 5/10/26, 10:05 AM",63,330
2026-05-10T15:33:27.215851Z,"As of 5/10/26, 10:30 AM",13,432,Data unavailable.,,89,"As of 5/10/26, 10:30 AM",74,300,"As of 5/10/26, 10:30 AM",65,330
2026-05-10T16:03:38.096834Z,"As of 5/10/26, 11:00 AM",13,432,Data unavailable.,,89,"As of 5/10/26, 11:00 AM",76,300,"As of 5/10/26, 11:00 AM",66,330
2026-05-10T16:32:18.438335Z,"As of 5/10/26, 11:30 AM",13,432,Data unavailable.,,89,"As of 5/10/26, 11:30 AM",75,300,"As of 5/10/26, 11:30 AM",68,330
2026-05-10T17:04:59.121805Z,"As of 5/10/26, 12:00 PM",13,432,Data unavailable.,,89,"As of 5/10/26, 12:00 PM",74,300,"As of 5/10/26, 12:00 PM",69,330
2026-05-10T17:32:58.326809Z,"As of 5/10/26, 12:30 PM",13,432,Data unavailable.,,89,"As of 5/10/26, 12:30 PM",75,300,"As of 5/10/26, 12:30 PM",70,330
2026-05-10T18:02:03.301900Z,"As of 5/10/26, 1:00 PM",13,432,Data unavailable.,,89,"As of 5/10/26, 1:00 PM",73,300,"As of 5/10/26, 1:00 PM",70,330
2026-05-10T18:33:59.116476Z,"As of 5/10/26, 1:30 PM",13,432,Data unavailable.,,89,"As of 5/10/26, 1:30 PM",74,300,"As of 5/10/26, 1:30 PM",72,330
2026-05-10T19:06:33.973133Z,"As of 5/10/26, 2:05 PM",14,432,Data unavailable.,,89,"As of 5/10/26, 2:05 PM",74,300,"As of 5/10/26, 2:05 PM",70,330
2026-05-10T19:38:23.768067Z,"As of 5/10/26, 2:35 PM",14,432,Data unavailable.,,89,"As of 5/10/26, 2:35 PM",77,300,"As of 5/10/26, 2:35 PM",69,330
2026-05-10T20:02:44.794452Z,"As of 5/10/26, 3:00 PM",14,432,Data unavailable.,,89,"As of 5/10/26, 3:00 PM",78,300,"As of 5/10/26, 3:00 PM",70,330
2026-05-10T20:29:04.887705Z,"As of 5/10/26, 3:25 PM",14,432,Data unavailable.,,89,"As of 5/10/26, 3:25 PM",78,300,"As of 5/10/26, 3:25 PM",70,330
2026-05-10T20:49:28.799299Z,"As of 5/10/26, 3:45 PM",14,432,Data unavailable.,,89,"As of 5/10/26, 3:45 PM",78,300,"As of 5/10/26, 3:45 PM",71,330
2026-05-10T21:14:13.015821Z,"As of 5/10/26, 4:10 PM",14,432,Data unavailable.,,89,"As of 5/10/26, 4:10 PM",78,300,"As of 5/10/26, 4:10 PM",70,330
2026-05-10T21:34:08.563763Z,"As of 5/10/26, 4:30 PM",14,432,Data unavailable.,,89,"As of 5/10/26, 4:30 PM",80,300,"As of 5/10/26, 4:30 PM",69,330
2026-05-10T22:01:26.341885Z,"As of 5/10/26, 5:00 PM",15,432,Data unavailable.,,89,"As of 5/10/26, 5:00 PM",80,300,"As of 5/10/26, 5:00 PM",68,330
2026-05-10T22:29:13.268259Z,"As of 5/10/26, 5:25 PM",15,432,Data unavailable.,,89,"As of 5/10/26, 5:25 PM",80,300,"As of 5/10/26, 5:25 PM",67,330
2026-05-10T22:49:50.389888Z,"As of 5/10/26, 5:45 PM",15,432,Data unavailable.,,89,"As of 5/10/26, 5:45 PM",81,300,"As of 5/10/26, 5:45 PM",67,330
2026-05-10T23:15:06.109729Z,"As of 5/10/26, 6:15 PM",15,432,Data unavailable.,,89,"As of 5/10/26, 6:15 PM",81,300,"As of 5/10/26, 6:15 PM",66,330
2026-05-10T23:35:38.772252Z,"As of 5/10/26, 6:35 PM",15,432,Data unavailable.,,89,"As of 5/10/26, 6:35 PM",82,300,"As of 5/10/26, 6:35 PM",66,330
2026-05-11T00:03:11.644157Z,"As of 5/10/26, 7:00 PM",15,432,Data unavailable.,,89,"As of 5/10/26, 7:00 PM",82,300,"As of 5/10/26, 7:00 PM",67,330
2026-05-11T01:14:34.795939Z,"As of 5/10/26, 8:10 PM",16,432,Data unavailable.,,89,"As of 5/10/26, 8:10 PM",84,300,"As of 5/10/26, 8:10 PM",66,330
2026-05-11T01:59:59.388649Z,"As of 5/10/26, 8:55 PM",16,432,Data unavailable.,,89,"As of 5/10/26, 8:55 PM",82,300,"As of 5/10/26, 8:55 PM",67,330
2026-05-11T03:21:56.000543Z,"As of 5/10/26, 10:20 PM",16,432,Data unavailable.,,89,"As of 5/10/26, 10:20 PM",85,300,"As of 5/10/26, 10:20 PM",68,330
2026-05-11T04:49:01.250811Z,"As of 5/10/26, 11:45 PM",17,432,Data unavailable.,,89,"As of 5/10/26, 11:45 PM",88,300,"As of 5/10/26, 11:45 PM",66,330
2026-05-11T06:14:25.332481Z,"As of 5/11/26, 1:10 AM",15,432,Data unavailable.,,89,"As of 5/11/26, 1:10 AM",86,300,"As of 5/11/26, 1:10 AM",110,330
2026-05-11T07:34:41.088133Z,"As of 5/11/26, 2:30 AM",13,432,Data unavailable.,,89,"As of 5/11/26, 2:30 AM",85,300,"As of 5/11/26, 2:30 AM",102,330
2026-05-11T08:45:49.748824Z,"As of 5/11/26, 3:45 AM",11,432,Data unavailable.,,89,"As of 5/11/26, 3:45 AM",84,300,"As of 5/11/26, 3:45 AM",102,330
2026-05-11T10:10:19.619472Z,"As of 5/11/26, 5:10 AM",8,432,Data unavailable.,,89,"As of 5/11/26, 5:10 AM",85,300,"As of 5/11/26, 5:10 AM",96,330
2026-05-11T11:22:00.683077Z,"As of 5/11/26, 6:20 AM",6,432,Data unavailable.,,89,"As of 5/11/26, 6:20 AM",82,300,"As of 5/11/26, 6:20 AM",93,330
2026-05-11T12:28:25.642890Z,"As of 5/11/26, 7:25 AM",5,432,Data unavailable.,,89,"As of 5/11/26, 7:25 AM",82,300,"As of 5/11/26, 7:25 AM",53,330
2026-05-11T13:30:52.663567Z,"As of 5/11/26, 8:30 AM",6,432,Data unavailable.,,89,"As of 5/11/26, 8:30 AM",81,300,"As of 5/11/26, 8:30 AM",61,330
2026-05-11T14:38:07.283213Z,"As of 5/11/26, 9:35 AM",7,432,Data unavailable.,,89,"As of 5/11/26, 9:35 AM",77,300,"As of 5/11/26, 9:35 AM",66,330
2026-05-11T15:46:49.850117Z,"As of 5/11/26, 10:45 AM",7,432,Data unavailable.,,89,"As of 5/11/26, 10:45 AM",77,300,"As of 5/11/26, 10:45 AM",68,330
2026-05-11T16:50:16.793898Z,"As of 5/11/26, 11:50 AM",8,432,Data unavailable.,,89,"As of 5/11/26, 11:50 AM",78,300,"As of 5/11/26, 11:50 AM",70,330
2026-05-11T17:37:16.141448Z,"As of 5/11/26, 12:35 PM",8,432,Data unavailable.,,89,"As of 5/11/26, 12:35 PM",76,300,"As of 5/11/26, 12:35 PM",70,330
2026-05-11T18:20:04.824632Z,"As of 5/11/26, 1:20 PM",8,432,Data unavailable.,,89,"As of 5/11/26, 1:20 PM",78,300,"As of 5/11/26, 1:20 PM",71,330
2026-05-11T19:07:54.146079Z,"As of 5/11/26, 2:05 PM",8,432,Data unavailable.,,89,"As of 5/11/26, 2:05 PM",78,300,"As of 5/11/26, 2:05 PM",69,330
2026-05-11T19:51:22.763856Z,"As of 5/11/26, 2:50 PM",9,432,Data unavailable.,,89,"As of 5/11/26, 2:50 PM",77,300,"As of 5/11/26, 2:50 PM",68,330
2026-05-11T20:30:44.747638Z,"As of 5/11/26, 3:30 PM",9,432,Data unavailable.,,89,"As of 5/11/26, 3:30 PM",79,300,"As of 5/11/26, 3:30 PM",67,330
2026-05-11T21:08:54.153449Z,"As of 5/11/26, 4:05 PM",9,432,Data unavailable.,,89,"As of 5/11/26, 4:05 PM",79,300,"As of 5/11/26, 4:05 PM",67,330
2026-05-11T21:42:56.895493Z,"As of 5/11/26, 4:40 PM",9,432,Data unavailable.,,89,"As of 5/11/26, 4:40 PM",81,300,"As of 5/11/26, 4:40 PM",67,330
2026-05-11T22:09:53.951529Z,"As of 5/11/26, 5:05 PM",10,432,Data unavailable.,,89,"As of 5/11/26, 5:05 PM",81,300,"As of 5/11/26, 5:05 PM",68,330
2026-05-11T22:34:18.029735Z,"As of 5/11/26, 5:30 PM",10,432,Data unavailable.,,89,"As of 5/11/26, 5:30 PM",82,300,"As of 5/11/26, 5:30 PM",67,330
2026-05-11T23:04:13.613307Z,"As of 5/11/26, 6:00 PM",10,432,Data unavailable.,,89,"As of 5/11/26, 6:00 PM",81,300,"As of 5/11/26, 6:00 PM",67,330
2026-05-11T23:33:41.445511Z,"As of 5/11/26, 6:30 PM",10,432,Data unavailable.,,89,"As of 5/11/26, 6:30 PM",83,300,"As of 5/11/26, 6:30 PM",67,330
2026-05-12T00:05:06.109655Z,"As of 5/11/26, 7:05 PM",10,432,Data unavailable.,,89,"As of 5/11/26, 7:05 PM",83,300,"As of 5/11/26, 7:05 PM",69,330
2026-05-12T01:07:11.182166Z,"As of 5/11/26, 8:05 PM",10,432,Data unavailable.,,89,"As of 5/11/26, 8:05 PM",84,300,"As of 5/11/26, 8:05 PM",70,330
2026-05-12T01:53:40.367406Z,"As of 5/11/26, 8:50 PM",11,432,Data unavailable.,,89,"As of 5/11/26, 8:50 PM",85,300,"As of 5/11/26, 8:50 PM",69,330
2026-05-12T02:59:50.835424Z,"As of 5/11/26, 9:55 PM",11,432,Data unavailable.,,89,"As of 5/11/26, 9:55 PM",83,300,"As of 5/11/26, 9:55 PM",69,330
2026-05-12T04:22:52.759689Z,"As of 5/11/26, 11:20 PM",12,432,Data unavailable.,,89,"As of 5/11/26, 11:20 PM",84,300,"As of 5/11/26, 11:20 PM",69,330
2026-05-12T05:43:22.355414Z,"As of 5/12/26, 12:40 AM",12,432,Data unavailable.,,89,"As of 5/12/26, 12:40 AM",86,300,"As of 5/12/26, 12:40 AM",63,330
2026-05-12T06:40:20.673353Z,"As of 5/12/26, 1:40 AM",12,432,Data unavailable.,,89,"As of 5/12/26, 1:40 AM",84,300,"As of 5/12/26, 1:40 AM",59,330
2026-05-12T07:38:28.038424Z,"As of 5/12/26, 2:35 AM",13,432,Data unavailable.,,89,"As of 5/12/26, 2:35 AM",88,300,"As of 5/12/26, 2:35 AM",56,330
2026-05-12T08:37:29.684142Z,"As of 5/12/26, 3:35 AM",13,432,Data unavailable.,,89,"As of 5/12/26, 3:35 AM",87,300,"As of 5/12/26, 3:35 AM",54,330
2026-05-12T09:37:14.818056Z,"As of 5/12/26, 4:35 AM",13,432,Data unavailable.,,89,"As of 5/12/26, 4:35 AM",83,300,"As of 5/12/26, 4:35 AM",51,330
2026-05-12T10:36:07.049226Z,"As of 5/12/26, 5:35 AM",14,432,Data unavailable.,,89,"As of 5/12/26, 5:35 AM",82,300,"As of 5/12/26, 5:35 AM",50,330
2026-05-12T11:27:46.195302Z,"As of 5/12/26, 6:25 AM",14,432,Data unavailable.,,89,"As of 5/12/26, 6:25 AM",80,300,"As of 5/12/26, 6:25 AM",51,330
2026-05-12T12:12:35.546178Z,"As of 5/12/26, 7:10 AM",14,432,Data unavailable.,,89,"As of 5/12/26, 7:10 AM",81,300,"As of 5/12/26, 7:10 AM",54,330
2026-05-12T12:58:44.155029Z,"As of 5/12/26, 7:55 AM",14,432,Data unavailable.,,89,"As of 5/12/26, 7:55 AM",77,300,"As of 5/12/26, 7:55 AM",59,330
2026-05-12T13:44:12.108472Z,"As of 5/12/26, 8:40 AM",15,432,Data unavailable.,,89,"As of 5/12/26, 8:40 AM",78,300,"As of 5/12/26, 8:40 AM",62,330
2026-05-12T14:41:34.921061Z,"As of 5/12/26, 9:40 AM",15,432,Data unavailable.,,89,"As of 5/12/26, 9:40 AM",75,300,"As of 5/12/26, 9:40 AM",67,330
2026-05-12T15:39:08.044785Z,"As of 5/12/26, 10:35 AM",15,432,Data unavailable.,,89,"As of 5/12/26, 10:35 AM",74,300,"As of 5/12/26, 10:35 AM",67,330
2026-05-12T16:31:38.238751Z,"As of 5/12/26, 11:30 AM",15,432,Data unavailable.,,89,"As of 5/12/26, 11:30 AM",73,300,"As of 5/12/26, 11:30 AM",68,330
2026-05-12T17:26:16.710588Z,"As of 5/12/26, 12:25 PM",16,432,Data unavailable.,,89,"As of 5/12/26, 12:25 PM",76,300,"As of 5/12/26, 12:25 PM",69,330
2026-05-12T18:11:54.933092Z,"As of 5/12/26, 1:10 PM",16,432,Data unavailable.,,89,"As of 5/12/26, 1:10 PM",74,300,"As of 5/12/26, 1:10 PM",70,330
2026-05-12T18:54:41.124193Z,"As of 5/12/26, 1:50 PM",16,432,Data unavailable.,,89,"As of 5/12/26, 1:50 PM",76,300,"As of 5/12/26, 1:50 PM",71,330
2026-05-12T19:31:12.070251Z,"As of 5/12/26, 2:30 PM",17,432,Data unavailable.,,89,"As of 5/12/26, 2:30 PM",79,300,"As of 5/12/26, 2:30 PM",72,330
2026-05-12T20:18:00.078539Z,"As of 5/12/26, 3:15 PM",17,432,Data unavailable.,,89,"As of 5/12/26, 3:15 PM",76,300,"As of 5/12/26, 3:15 PM",71,330
2026-05-12T20:59:03.610924Z,"As of 5/12/26, 3:55 PM",17,432,Data unavailable.,,89,"As of 5/12/26, 3:55 PM",79,300,"As of 5/12/26, 3:55 PM",70,330
2026-05-12T21:34:44.943817Z,"As of 5/12/26, 4:30 PM",17,432,Data unavailable.,,89,"As of 5/12/26, 4:30 PM",78,300,"As of 5/12/26, 4:30 PM",70,330
2026-05-12T22:07:50.904883Z,"As of 5/12/26, 5:05 PM",17,432,Data unavailable.,,89,"As of 5/12/26, 5:05 PM",77,300,"As of 5/12/26, 5:05 PM",69,330
2026-05-12T22:38:39.474741Z,"As of 5/12/26, 5:35 PM",18,432,Data unavailable.,,89,"As of 5/12/26, 5:35 PM",81,300,"As of 5/12/26, 5:35 PM",68,330
2026-05-12T23:05:50.397227Z,"As of 5/12/26, 6:05 PM",18,432,Data unavailable.,,89,"As of 5/12/26, 6:05 PM",81,300,"As of 5/12/26, 6:05 PM",68,330
2026-05-12T23:36:24.134110Z,"As of 5/12/26, 6:35 PM",18,432,Data unavailable.,,89,"As of 5/12/26, 6:35 PM",79,300,"As of 5/12/26, 6:35 PM",68,330
2026-05-13T00:05:40.222209Z,"As of 5/12/26, 7:05 PM",18,432,Data unavailable.,,89,"As of 5/12/26, 7:05 PM",84,300,"As of 5/12/26, 7:05 PM",70,330
2026-05-13T01:12:52.634948Z,"As of 5/12/26, 8:10 PM",19,432,Data unavailable.,,89,"As of 5/12/26, 8:10 PM",84,300,"As of 5/12/26, 8:10 PM",70,330
2026-05-13T01:57:04.342497Z,"As of 5/12/26, 8:55 PM",19,432,Data unavailable.,,89,"As of 5/12/26, 8:55 PM",84,300,"As of 5/12/26, 8:55 PM",71,330
2026-05-13T03:08:53.726445Z,"As of 5/12/26, 10:05 PM",19,432,Data unavailable.,,89,"As of 5/12/26, 10:05 PM",81,300,"As of 5/12/26, 10:05 PM",70,330
2026-05-13T04:32:35.776283Z,"As of 5/12/26, 11:30 PM",20,432,Data unavailable.,,89,"As of 5/12/26, 11:30 PM",84,300,"As of 5/12/26, 11:30 PM",70,330
2026-05-13T05:57:56.158915Z,"As of 5/13/26, 12:55 AM",20,432,Data unavailable.,,89,"As of 5/13/26, 12:55 AM",87,300,"As of 5/13/26, 12:55 AM",63,330
2026-05-13T07:11:09.238783Z,"As of 5/13/26, 2:10 AM",21,432,Data unavailable.,,89,"As of 5/13/26, 2:10 AM",84,300,"As of 5/13/26, 2:10 AM",59,330
2026-05-13T08:13:27.827995Z,"As of 5/13/26, 3:10 AM",21,432,Data unavailable.,,89,"As of 5/13/26, 3:10 AM",90,300,"As of 5/13/26, 3:10 AM",57,330
2026-05-13T09:19:26.915174Z,"As of 5/13/26, 4:15 AM",22,432,Data unavailable.,,89,"As of 5/13/26, 4:15 AM",84,300,"As of 5/13/26, 4:15 AM",53,330
2026-05-13T10:15:44.635956Z,"As of 5/13/26, 5:15 AM",22,432,Data unavailable.,,89,"As of 5/13/26, 5:15 AM",84,300,"As of 5/13/26, 5:15 AM",51,330
2026-05-13T11:17:19.166366Z,"As of 5/13/26, 6:15 AM",23,432,Data unavailable.,,89,"As of 5/13/26, 6:15 AM",81,300,"As of 5/13/26, 6:15 AM",50,330
2026-05-13T12:12:15.136977Z,"As of 5/13/26, 7:10 AM",23,432,Data unavailable.,,89,"As of 5/13/26, 7:10 AM",80,300,"As of 5/13/26, 7:10 AM",57,330
2026-05-13T13:02:35.261050Z,"As of 5/13/26, 8:00 AM",23,432,Data unavailable.,,89,"As of 5/13/26, 8:00 AM",80,300,"As of 5/13/26, 8:00 AM",61,330
2026-05-13T13:55:00.795200Z,"As of 5/13/26, 8:50 AM",23,432,Data unavailable.,,89,"As of 5/13/26, 8:50 AM",73,300,"As of 5/13/26, 8:50 AM",64,330
2026-05-13T14:56:47.247387Z,"As of 5/13/26, 9:55 AM",24,432,Data unavailable.,,89,"As of 5/13/26, 9:55 AM",71,300,"As of 5/13/26, 9:55 AM",66,330
2026-05-13T15:53:39.442096Z,"As of 5/13/26, 10:50 AM",24,432,Data unavailable.,,89,"As of 5/13/26, 10:50 AM",73,300,"As of 5/13/26, 10:50 AM",66,330
2026-05-13T16:43:10.651747Z,"As of 5/13/26, 11:40 AM",24,432,Data unavailable.,,89,"As of 5/13/26, 11:40 AM",75,300,"As of 5/13/26, 11:40 AM",71,330
2026-05-13T17:29:02.657664Z,"As of 5/13/26, 12:25 PM",25,432,Data unavailable.,,89,"As of 5/13/26, 12:25 PM",73,300,"As of 5/13/26, 12:25 PM",70,330
2026-05-13T18:13:27.755898Z,"As of 5/13/26, 1:10 PM",25,432,Data unavailable.,,89,"As of 5/13/26, 1:10 PM",76,300,"As of 5/13/26, 1:10 PM",71,330
2026-05-13T18:56:28.287846Z,"As of 5/13/26, 1:55 PM",25,432,Data unavailable.,,89,"As of 5/13/26, 1:55 PM",74,300,"As of 5/13/26, 1:55 PM",71,330
2026-05-13T19:33:31.367624Z,"As of 5/13/26, 2:30 PM",25,432,Data unavailable.,,89,"As of 5/13/26, 2:30 PM",74,300,"As of 5/13/26, 2:30 PM",70,330
2026-05-13T20:20:29.517508Z,"As of 5/13/26, 3:20 PM",26,432,Data unavailable.,,89,"As of 5/13/26, 3:20 PM",81,300,"As of 5/13/26, 3:20 PM",68,330
2026-05-13T21:01:31.813280Z,"As of 5/13/26, 4:00 PM",26,432,Data unavailable.,,89,"As of 5/13/26, 4:00 PM",79,300,"As of 5/13/26, 4:00 PM",69,330
2026-05-13T21:44:07.295688Z,"As of 5/13/26, 4:40 PM",26,432,Data unavailable.,,89,"As of 5/13/26, 4:40 PM",81,300,"As of 5/13/26, 4:40 PM",67,330
2026-05-13T22:12:18.427229Z,"As of 5/13/26, 5:10 PM",26,432,Data unavailable.,,89,"As of 5/13/26, 5:10 PM",79,300,"As of 5/13/26, 5:10 PM",66,330
2026-05-13T22:42:15.344227Z,"As of 5/13/26, 5:40 PM",26,432,Data unavailable.,,89,"As of 5/13/26, 5:40 PM",82,300,"As of 5/13/26, 5:40 PM",65,330
2026-05-13T23:08:28.280938Z,"As of 5/13/26, 6:05 PM",27,432,Data unavailable.,,89,"As of 5/13/26, 6:05 PM",80,300,"As of 5/13/26, 6:05 PM",66,330
2026-05-13T23:36:42.011726Z,"As of 5/13/26, 6:35 PM",27,432,Data unavailable.,,89,"As of 5/13/26, 6:35 PM",82,300,"As of 5/13/26, 6:35 PM",67,330
2026-05-14T00:05:45.055442Z,"As of 5/13/26, 7:05 PM",27,432,Data unavailable.,,89,"As of 5/13/26, 7:05 PM",81,300,"As of 5/13/26, 7:05 PM",71,330
2026-05-14T01:13:50.469928Z,"As of 5/13/26, 8:10 PM",28,432,Data unavailable.,,89,"As of 5/13/26, 8:10 PM",84,300,"As of 5/13/26, 8:10 PM",70,330
2026-05-14T01:58:56.932082Z,"As of 5/13/26, 8:55 PM",28,432,Data unavailable.,,89,"As of 5/13/26, 8:55 PM",85,300,"As of 5/13/26, 8:55 PM",68,330
2026-05-14T03:17:20.752594Z,"As of 5/13/26, 10:15 PM",28,432,Data unavailable.,,89,"As of 5/13/26, 10:15 PM",81,300,"As of 5/13/26, 10:15 PM",68,330
2026-05-14T04:43:43.055123Z,"As of 5/13/26, 11:40 PM",29,432,Data unavailable.,,89,"As of 5/13/26, 11:40 PM",85,300,"As of 5/13/26, 11:40 PM",68,330
2026-05-14T05:59:26.189806Z,"As of 5/14/26, 12:55 AM",29,432,Data unavailable.,,89,"As of 5/14/26, 12:55 AM",83,300,"As of 5/14/26, 12:55 AM",62,330
2026-05-14T07:15:10.251651Z,"As of 5/14/26, 2:15 AM",29,432,Data unavailable.,,89,"As of 5/14/26, 2:15 AM",90,300,"As of 5/14/26, 2:15 AM",57,330
2026-05-14T08:11:18.782827Z,"As of 5/14/26, 3:10 AM",30,432,Data unavailable.,,89,"As of 5/14/26, 3:10 AM",82,300,"As of 5/14/26, 3:10 AM",53,330
2026-05-14T09:11:54.118237Z,"As of 5/14/26, 4:10 AM",30,432,Data unavailable.,,89,"As of 5/14/26, 4:10 AM",84,300,"As of 5/14/26, 4:10 AM",52,330
2026-05-14T10:00:19.574017Z,"As of 5/14/26, 5:00 AM",30,432,Data unavailable.,,89,"As of 5/14/26, 5:00 AM",82,300,"As of 5/14/26, 5:00 AM",51,330
2026-05-14T10:55:31.833034Z,"As of 5/14/26, 5:55 AM",30,432,Data unavailable.,,89,"As of 5/14/26, 5:55 AM",80,300,"As of 5/14/26, 5:55 AM",51,330
2026-05-14T11:32:01.219586Z,"As of 5/14/26, 6:30 AM",30,432,Data unavailable.,,89,"As of 5/14/26, 6:30 AM",78,300,"As of 5/14/26, 6:30 AM",52,330
2026-05-14T12:15:58.754928Z,"As of 5/14/26, 7:15 AM",31,432,Data unavailable.,,89,"As of 5/14/26, 7:15 AM",76,300,"As of 5/14/26, 7:15 AM",55,330
2026-05-14T13:06:03.557708Z,"As of 5/14/26, 8:05 AM",31,432,Data unavailable.,,89,"As of 5/14/26, 8:05 AM",76,300,"As of 5/14/26, 8:05 AM",60,330
2026-05-14T13:53:04.703264Z,"As of 5/14/26, 8:50 AM",31,432,Data unavailable.,,89,"As of 5/14/26, 8:50 AM",77,300,"As of 5/14/26, 8:50 AM",64,330
2026-05-14T14:48:32.428738Z,"As of 5/14/26, 9:45 AM",31,432,Data unavailable.,,89,"As of 5/14/26, 9:45 AM",73,300,"As of 5/14/26, 9:45 AM",68,330
2026-05-14T15:43:46.175446Z,"As of 5/14/26, 10:40 AM",32,432,Data unavailable.,,89,"As of 5/14/26, 10:40 AM",74,300,"As of 5/14/26, 10:40 AM",68,330
2026-05-14T16:27:39.155116Z,"As of 5/14/26, 11:25 AM",32,432,Data unavailable.,,89,"As of 5/14/26, 11:25 AM",73,300,"As of 5/14/26, 11:25 AM",65,330
2026-05-14T17:11:06.697595Z,"As of 5/14/26, 12:10 PM",32,432,Data unavailable.,,89,"As of 5/14/26, 12:10 PM",72,300,"As of 5/14/26, 12:10 PM",67,330
2026-05-14T17:52:31.788012Z,"As of 5/14/26, 12:50 PM",33,432,Data unavailable.,,89,"As of 5/14/26, 12:50 PM",74,300,"As of 5/14/26, 12:50 PM",68,330
2026-05-14T18:32:33.350965Z,"As of 5/14/26, 1:30 PM",33,432,Data unavailable.,,89,"As of 5/14/26, 1:30 PM",72,300,"As of 5/14/26, 1:30 PM",70,330
2026-05-14T19:20:34.161043Z,"As of 5/14/26, 2:20 PM",33,432,Data unavailable.,,89,"As of 5/14/26, 2:20 PM",75,300,"As of 5/14/26, 2:20 PM",70,330
2026-05-14T20:04:52.377074Z,"As of 5/14/26, 3:00 PM",33,432,Data unavailable.,,89,"As of 5/14/26, 3:00 PM",75,300,"As of 5/14/26, 3:00 PM",70,330
2026-05-14T20:44:47.407997Z,"As of 5/14/26, 3:40 PM",34,432,Data unavailable.,,89,"As of 5/14/26, 3:40 PM",77,300,"As of 5/14/26, 3:40 PM",66,330
2026-05-14T21:12:52.937796Z,"As of 5/14/26, 4:10 PM",34,432,Data unavailable.,,89,"As of 5/14/26, 4:10 PM",76,300,"As of 5/14/26, 4:10 PM",65,330
2026-05-14T21:41:47.077309Z,"As of 5/14/26, 4:40 PM",34,432,Data unavailable.,,89,"As of 5/14/26, 4:40 PM",77,300,"As of 5/14/26, 4:40 PM",67,330
2026-05-14T22:09:20.573801Z,"As of 5/14/26, 5:05 PM",34,432,Data unavailable.,,89,"As of 5/14/26, 5:05 PM",77,300,"As of 5/14/26, 5:05 PM",68,330
2026-05-14T22:36:39.672331Z,"As of 5/14/26, 5:35 PM",34,432,Data unavailable.,,89,"As of 5/14/26, 5:35 PM",81,300,"As of 5/14/26, 5:35 PM",66,330
2026-05-14T23:04:47.658013Z,"As of 5/14/26, 6:00 PM",34,432,Data unavailable.,,89,"As of 5/14/26, 6:00 PM",80,300,"As of 5/14/26, 6:00 PM",67,330
2026-05-14T23:33:15.068600Z,"As of 5/14/26, 6:30 PM",35,432,Data unavailable.,,89,"As of 5/14/26, 6:30 PM",79,300,"As of 5/14/26, 6:30 PM",68,330
2026-05-15T00:04:31.462126Z,"As of 5/14/26, 7:00 PM",35,432,Data unavailable.,,89,"As of 5/14/26, 7:00 PM",80,300,"As of 5/14/26, 7:00 PM",65,330
2026-05-15T01:11:29.940569Z,"As of 5/14/26, 8:10 PM",35,432,Data unavailable.,,89,"As of 5/14/26, 8:10 PM",79,300,"As of 5/14/26, 8:10 PM",69,330
2026-05-15T01:55:21.928233Z,"As of 5/14/26, 8:55 PM",35,432,Data unavailable.,,89,"As of 5/14/26, 8:55 PM",81,300,"As of 5/14/26, 8:55 PM",67,330
2026-05-15T03:01:10.102859Z,"As of 5/14/26, 10:00 PM",36,432,Data unavailable.,,89,"As of 5/14/26, 10:00 PM",81,300,"As of 5/14/26, 10:00 PM",70,330
2026-05-15T04:29:21.526759Z,"As of 5/14/26, 11:25 PM",36,432,Data unavailable.,,89,"As of 5/14/26, 11:25 PM",86,300,"As of 5/14/26, 11:25 PM",67,330
2026-05-15T05:51:04.022027Z,"As of 5/15/26, 12:50 AM",36,432,Data unavailable.,,89,"As of 5/15/26, 12:50 AM",85,300,"As of 5/15/26, 12:50 AM",99,330
2026-05-15T06:59:29.342567Z,"As of 5/15/26, 1:55 AM",35,432,Data unavailable.,,89,"As of 5/15/26, 1:55 AM",84,300,"As of 5/15/26, 1:55 AM",104,330
2026-05-15T08:06:12.220057Z,"As of 5/15/26, 3:05 AM",32,432,Data unavailable.,,89,"As of 5/15/26, 3:05 AM",83,300,"As of 5/15/26, 3:05 AM",102,330
2026-05-15T09:20:35.075169Z,"As of 5/15/26, 4:20 AM",30,432,Data unavailable.,,89,"As of 5/15/26, 4:20 AM",80,300,"As of 5/15/26, 4:20 AM",97,330
2026-05-15T10:15:35.785669Z,"As of 5/15/26, 5:15 AM",29,432,Data unavailable.,,89,"As of 5/15/26, 5:15 AM",79,300,"As of 5/15/26, 5:15 AM",100,330
2026-05-15T11:15:23.089698Z,"As of 5/15/26, 6:15 AM",27,432,Data unavailable.,,89,"As of 5/15/26, 6:15 AM",80,300,"As of 5/15/26, 6:15 AM",98,330
2026-05-15T12:07:26.676298Z,"As of 5/15/26, 7:05 AM",26,432,Data unavailable.,,89,"As of 5/15/26, 7:05 AM",78,300,"As of 5/15/26, 7:05 AM",99,330
2026-05-15T12:51:59.585985Z,"As of 5/15/26, 7:50 AM",26,432,Data unavailable.,,89,"As of 5/15/26, 7:50 AM",74,300,"As of 5/15/26, 7:50 AM",76,330
2026-05-15T13:31:12.701807Z,"As of 5/15/26, 8:30 AM",24,432,Data unavailable.,,89,"As of 5/15/26, 8:30 AM",73,300,"As of 5/15/26, 8:30 AM",119,330
2026-05-15T14:31:32.001570Z,"As of 5/15/26, 9:30 AM",23,432,Data unavailable.,,89,"As of 5/15/26, 9:30 AM",72,300,"As of 5/15/26, 9:30 AM",65,330
2026-05-15T15:29:14.073851Z,"As of 5/15/26, 10:25 AM",24,432,Data unavailable.,,89,"As of 5/15/26, 10:25 AM",73,300,"As of 5/15/26, 10:25 AM",69,330
2026-05-15T16:14:50.670841Z,"As of 5/15/26, 11:10 AM",24,432,Data unavailable.,,89,"As of 5/15/26, 11:10 AM",71,300,"As of 5/15/26, 11:10 AM",71,330
2026-05-15T16:56:35.778907Z,"As of 5/15/26, 11:55 AM",24,432,Data unavailable.,,89,"As of 5/15/26, 11:55 AM",74,300,"As of 5/15/26, 11:55 AM",71,330
2026-05-15T17:32:01.304832Z,"As of 5/15/26, 12:30 PM",24,432,Data unavailable.,,89,"As of 5/15/26, 12:30 PM",72,300,"As of 5/15/26, 12:30 PM",71,330
2026-05-15T18:12:59.369508Z,"As of 5/15/26, 1:10 PM",24,432,Data unavailable.,,89,"As of 5/15/26, 1:10 PM",76,300,"As of 5/15/26, 1:10 PM",72,330
2026-05-15T18:50:08.615935Z,"As of 5/15/26, 1:50 PM",25,432,Data unavailable.,,89,"As of 5/15/26, 1:50 PM",76,300,"As of 5/15/26, 1:50 PM",72,330
2026-05-15T19:29:26.288106Z,"As of 5/15/26, 2:25 PM",25,432,Data unavailable.,,89,"As of 5/15/26, 2:25 PM",75,300,"As of 5/15/26, 2:25 PM",70,330
2026-05-15T20:04:10.814903Z,"As of 5/15/26, 3:00 PM",25,432,Data unavailable.,,89,"As of 5/15/26, 3:00 PM",75,300,"As of 5/15/26, 3:00 PM",69,330
2026-05-15T20:38:06.409689Z,"As of 5/15/26, 3:35 PM",25,432,Data unavailable.,,89,"As of 5/15/26, 3:35 PM",75,300,"As of 5/15/26, 3:35 PM",68,330
2026-05-15T21:06:13.081874Z,"As of 5/15/26, 4:05 PM",25,432,Data unavailable.,,89,"As of 5/15/26, 4:05 PM",75,300,"As of 5/15/26, 4:05 PM",70,330
2026-05-15T21:35:08.535571Z,"As of 5/15/26, 4:35 PM",25,432,Data unavailable.,,89,"As of 5/15/26, 4:35 PM",75,300,"As of 5/15/26, 4:35 PM",69,330
2026-05-15T22:04:57.313473Z,"As of 5/15/26, 5:00 PM",26,432,Data unavailable.,,89,"As of 5/15/26, 5:00 PM",78,300,"As of 5/15/26, 5:00 PM",66,330
2026-05-15T22:33:04.110677Z,"As of 5/15/26, 5:30 PM",26,432,Data unavailable.,,89,"As of 5/15/26, 5:30 PM",83,300,"As of 5/15/26, 5:30 PM",66,330
2026-05-15T23:04:19.707899Z,"As of 5/15/26, 6:00 PM",26,432,Data unavailable.,,89,"As of 5/15/26, 6:00 PM",83,300,"As of 5/15/26, 6:00 PM",69,330
2026-05-15T23:32:17.791660Z,"As of 5/15/26, 6:30 PM",26,432,Data unavailable.,,89,"As of 5/15/26, 6:30 PM",79,300,"As of 5/15/26, 6:30 PM",67,330
2026-05-16T00:03:04.809931Z,"As of 5/15/26, 7:00 PM",26,432,Data unavailable.,,89,"As of 5/15/26, 7:00 PM",78,300,"As of 5/15/26, 7:00 PM",64,330
2026-05-16T01:06:59.867387Z,"As of 5/15/26, 8:05 PM",27,432,Data unavailable.,,89,"As of 5/15/26, 8:05 PM",83,300,"As of 5/15/26, 8:05 PM",64,330
2026-05-16T01:53:24.958960Z,"As of 5/15/26, 8:50 PM",27,432,Data unavailable.,,89,"As of 5/15/26, 8:50 PM",82,300,"As of 5/15/26, 8:50 PM",65,330
2026-05-16T02:59:36.742902Z,"As of 5/15/26, 9:55 PM",27,432,Data unavailable.,,89,"As of 5/15/26, 9:55 PM",84,300,"As of 5/15/26, 9:55 PM",64,330
2026-05-16T04:19:30.189502Z,"As of 5/15/26, 11:15 PM",26,432,Data unavailable.,,89,"As of 5/15/26, 11:15 PM",85,300,"As of 5/15/26, 11:15 PM",130,330
2026-05-16T05:35:34.209722Z,"As of 5/16/26, 12:35 AM",23,432,Data unavailable.,,89,"As of 5/16/26, 12:35 AM",82,300,"As of 5/16/26, 12:35 AM",128,330
2026-05-16T06:31:53.347965Z,"As of 5/16/26, 1:30 AM",21,432,Data unavailable.,,89,"As of 5/16/26, 1:30 AM",83,300,"As of 5/16/26, 1:30 AM",126,330
2026-05-16T07:26:46.482326Z,"As of 5/16/26, 2:25 AM",19,432,Data unavailable.,,89,"As of 5/16/26, 2:25 AM",82,300,"As of 5/16/26, 2:25 AM",148,330
2026-05-16T08:14:40.656759Z,"As of 5/16/26, 3:10 AM",20,432,Data unavailable.,,89,"As of 5/16/26, 3:10 AM",83,300,"As of 5/16/26, 3:10 AM",197,330
2026-05-16T08:55:25.676624Z,"As of 5/16/26, 3:55 AM",21,432,Data unavailable.,,89,"As of 5/16/26, 3:55 AM",82,300,"As of 5/16/26, 3:55 AM",199,330
2026-05-16T09:29:38.362071Z,"As of 5/16/26, 4:25 AM",20,432,Data unavailable.,,89,"As of 5/16/26, 4:25 AM",80,300,"As of 5/16/26, 4:25 AM",182,330
2026-05-16T10:02:41.942404Z,"As of 5/16/26, 5:00 AM",19,432,Data unavailable.,,89,"As of 5/16/26, 5:00 AM",80,300,"As of 5/16/26, 5:00 AM",149,330
2026-05-16T10:40:31.238837Z,"As of 5/16/26, 5:40 AM",17,432,Data unavailable.,,89,"As of 5/16/26, 5:40 AM",79,300,"As of 5/16/26, 5:40 AM",135,330
2026-05-16T11:05:51.669690Z,"As of 5/16/26, 6:05 AM",16,432,Data unavailable.,,89,"As of 5/16/26, 6:05 AM",79,300,"As of 5/16/26, 6:05 AM",125,330
2026-05-16T11:33:21.293932Z,"As of 5/16/26, 6:30 AM",15,432,Data unavailable.,,89,"As of 5/16/26, 6:30 AM",78,300,"As of 5/16/26, 6:30 AM",113,330
2026-05-16T12:01:52.009853Z,"As of 5/16/26, 7:00 AM",15,432,Data unavailable.,,89,"As of 5/16/26, 7:00 AM",72,300,"As of 5/16/26, 7:00 AM",111,330
2026-05-16T12:36:28.057834Z,"As of 5/16/26, 7:35 AM",14,432,Data unavailable.,,89,"As of 5/16/26, 7:35 AM",74,300,"As of 5/16/26, 7:35 AM",109,330
2026-05-16T13:07:54.423371Z,"As of 5/16/26, 8:05 AM",13,432,Data unavailable.,,89,"As of 5/16/26, 8:05 AM",74,300,"As of 5/16/26, 8:05 AM",113,330
2026-05-16T13:50:00.649140Z,"As of 5/16/26, 8:45 AM",12,432,Data unavailable.,,89,"As of 5/16/26, 8:45 AM",75,300,"As of 5/16/26, 8:45 AM",102,330
2026-05-16T14:25:41.207691Z,"As of 5/16/26, 9:25 AM",11,432,Data unavailable.,,89,"As of 5/16/26, 9:25 AM",75,300,"As of 5/16/26, 9:25 AM",104,330
2026-05-16T14:46:32.500232Z,"As of 5/16/26, 9:45 AM",11,432,Data unavailable.,,89,"As of 5/16/26, 9:45 AM",73,300,"As of 5/16/26, 9:45 AM",107,330
2026-05-16T15:19:37.817787Z,"As of 5/16/26, 10:15 AM",10,432,Data unavailable.,,89,"As of 5/16/26, 10:15 AM",74,300,"As of 5/16/26, 10:15 AM",107,330
2026-05-16T15:46:02.346129Z,"As of 5/16/26, 10:45 AM",9,432,Data unavailable.,,89,"As of 5/16/26, 10:45 AM",71,300,"As of 5/16/26, 10:45 AM",105,330
2026-05-16T16:16:00.721959Z,"As of 5/16/26, 11:15 AM",9,432,Data unavailable.,,89,"As of 5/16/26, 11:15 AM",71,300,"As of 5/16/26, 11:15 AM",108,330
2026-05-16T16:45:44.498541Z,"As of 5/16/26, 11:45 AM",8,432,Data unavailable.,,89,"As of 5/16/26, 11:45 AM",71,300,"As of 5/16/26, 11:45 AM",109,330
2026-05-16T17:19:11.118082Z,"As of 5/16/26, 12:15 PM",7,432,Data unavailable.,,89,"As of 5/16/26, 12:15 PM",71,300,"As of 5/16/26, 12:15 PM",109,330
2026-05-16T17:45:50.564776Z,"As of 5/16/26, 12:45 PM",7,432,Data unavailable.,,89,"As of 5/16/26, 12:45 PM",74,300,"As of 5/16/26, 12:45 PM",109,330
2026-05-16T18:14:50.708773Z,"As of 5/16/26, 1:10 PM",6,432,Data unavailable.,,89,"As of 5/16/26, 1:10 PM",75,300,"As of 5/16/26, 1:10 PM",110,330
2026-05-16T18:38:09.984333Z,"As of 5/16/26, 1:35 PM",5,432,Data unavailable.,,89,"As of 5/16/26, 1:35 PM",74,300,"As of 5/16/26, 1:35 PM",108,330
2026-05-16T19:06:22.617817Z,"As of 5/16/26, 2:05 PM",6,432,Data unavailable.,,89,"As of 5/16/26, 2:05 PM",74,300,"As of 5/16/26, 2:05 PM",71,330
2026-05-16T19:37:38.743976Z,"As of 5/16/26, 2:35 PM",6,432,Data unavailable.,,89,"As of 5/16/26, 2:35 PM",78,300,"As of 5/16/26, 2:35 PM",72,330
2026-05-16T20:04:57.542955Z,"As of 5/16/26, 3:00 PM",6,432,Data unavailable.,,89,"As of 5/16/26, 3:00 PM",76,300,"As of 5/16/26, 3:00 PM",71,330
2026-05-16T20:28:50.183362Z,"As of 5/16/26, 3:25 PM",7,432,Data unavailable.,,89,"As of 5/16/26, 3:25 PM",77,300,"As of 5/16/26, 3:25 PM",72,330
2026-05-16T20:49:04.398175Z,"As of 5/16/26, 3:45 PM",7,432,Data unavailable.,,89,"As of 5/16/26, 3:45 PM",75,300,"As of 5/16/26, 3:45 PM",71,330
2026-05-16T21:14:04.389419Z,"As of 5/16/26, 4:10 PM",7,432,Data unavailable.,,89,"As of 5/16/26, 4:10 PM",80,300,"As of 5/16/26, 4:10 PM",69,330
2026-05-16T21:34:15.034691Z,"As of 5/16/26, 4:30 PM",7,432,Data unavailable.,,89,"As of 5/16/26, 4:30 PM",79,300,"As of 5/16/26, 4:30 PM",71,330
2026-05-16T22:01:32.652892Z,"As of 5/16/26, 5:00 PM",7,432,Data unavailable.,,89,"As of 5/16/26, 5:00 PM",77,300,"As of 5/16/26, 5:00 PM",69,330
2026-05-16T22:29:10.726466Z,"As of 5/16/26, 5:25 PM",8,432,Data unavailable.,,89,"As of 5/16/26, 5:25 PM",81,300,"As of 5/16/26, 5:25 PM",71,330
2026-05-16T22:49:22.537035Z,"As of 5/16/26, 5:45 PM",8,432,Data unavailable.,,89,"As of 5/16/26, 5:45 PM",83,300,"As of 5/16/26, 5:45 PM",67,330
2026-05-16T23:14:51.460650Z,"As of 5/16/26, 6:10 PM",8,432,Data unavailable.,,89,"As of 5/16/26, 6:10 PM",88,300,"As of 5/16/26, 6:10 PM",69,330
2026-05-16T23:35:16.000268Z,"As of 5/16/26, 6:35 PM",8,432,Data unavailable.,,89,"As of 5/16/26, 6:35 PM",83,300,"As of 5/16/26, 6:35 PM",67,330
2026-05-17T00:02:54.023147Z,"As of 5/16/26, 7:00 PM",8,432,Data unavailable.,,89,"As of 5/16/26, 7:00 PM",89,300,"As of 5/16/26, 7:00 PM",68,330
2026-05-17T01:15:33.423975Z,"As of 5/16/26, 8:15 PM",9,432,Data unavailable.,,89,"As of 5/16/26, 8:15 PM",84,300,"As of 5/16/26, 8:15 PM",64,330
2026-05-17T02:16:22.917145Z,"As of 5/16/26, 9:15 PM",9,432,Data unavailable.,,89,"As of 5/16/26, 9:15 PM",85,300,"As of 5/16/26, 9:15 PM",65,330
2026-05-17T03:43:34.357311Z,"As of 5/16/26, 10:40 PM",10,432,Data unavailable.,,89,"As of 5/16/26, 10:40 PM",90,300,"As of 5/16/26, 10:40 PM",65,330
2026-05-17T05:01:37.552010Z,"As of 5/17/26, 12:00 AM",10,432,Data unavailable.,,89,"As of 5/17/26, 12:00 AM",85,300,"As of 5/17/26, 12:00 AM",63,330
2026-05-17T06:21:52.200876Z,"As of 5/17/26, 1:20 AM",11,432,Data unavailable.,,89,"As of 5/17/26, 1:20 AM",86,300,"As of 5/17/26, 1:20 AM",59,330
2026-05-17T07:23:58.701308Z,"As of 5/17/26, 2:20 AM",11,432,Data unavailable.,,89,"As of 5/17/26, 2:20 AM",82,300,"As of 5/17/26, 2:20 AM",56,330
2026-05-17T08:15:05.346641Z,"As of 5/17/26, 3:15 AM",11,432,Data unavailable.,,89,"As of 5/17/26, 3:15 AM",82,300,"As of 5/17/26, 3:15 AM",55,330
2026-05-17T08:59:49.839192Z,"As of 5/17/26, 3:55 AM",12,432,Data unavailable.,,89,"As of 5/17/26, 3:55 AM",81,300,"As of 5/17/26, 3:55 AM",48,330
2026-05-17T09:41:30.635642Z,"As of 5/17/26, 4:40 AM",12,432,Data unavailable.,,89,"As of 5/17/26, 4:40 AM",83,300,"As of 5/17/26, 4:40 AM",52,330
2026-05-17T10:13:25.024057Z,"As of 5/17/26, 5:10 AM",12,432,Data unavailable.,,89,"As of 5/17/26, 5:10 AM",83,300,"As of 5/17/26, 5:10 AM",49,330
2026-05-17T10:44:36.130732Z,"As of 5/17/26, 5:40 AM",12,432,Data unavailable.,,89,"As of 5/17/26, 5:40 AM",82,300,"As of 5/17/26, 5:40 AM",48,330
2026-05-17T11:12:10.518370Z,"As of 5/17/26, 6:10 AM",12,432,Data unavailable.,,89,"As of 5/17/26, 6:10 AM",81,300,"As of 5/17/26, 6:10 AM",48,330
2026-05-17T11:38:50.218865Z,"As of 5/17/26, 6:35 AM",12,432,Data unavailable.,,89,"As of 5/17/26, 6:35 AM",79,300,"As of 5/17/26, 6:35 AM",49,330
2026-05-17T12:03:26.903468Z,"As of 5/17/26, 7:00 AM",13,432,Data unavailable.,,89,"As of 5/17/26, 7:00 AM",79,300,"As of 5/17/26, 7:00 AM",49,330
2026-05-17T12:35:47.667896Z,"As of 5/17/26, 7:35 AM",13,432,Data unavailable.,,89,"As of 5/17/26, 7:35 AM",78,300,"As of 5/17/26, 7:35 AM",49,330
2026-05-17T13:07:33.582921Z,"As of 5/17/26, 8:05 AM",13,432,Data unavailable.,,89,"As of 5/17/26, 8:05 AM",76,300,"As of 5/17/26, 8:05 AM",51,330
2026-05-17T13:50:08.388887Z,"As of 5/17/26, 8:50 AM",13,432,Data unavailable.,,89,"As of 5/17/26, 8:50 AM",74,300,"As of 5/17/26, 8:50 AM",54,330
2026-05-17T14:27:58.345729Z,"As of 5/17/26, 9:25 AM",13,432,Data unavailable.,,89,"As of 5/17/26, 9:25 AM",73,300,"As of 5/17/26, 9:25 AM",56,330
2026-05-17T14:49:29.546863Z,"As of 5/17/26, 9:45 AM",13,432,Data unavailable.,,89,"As of 5/17/26, 9:45 AM",73,300,"As of 5/17/26, 9:45 AM",60,330
2026-05-17T15:20:23.136794Z,"As of 5/17/26, 10:20 AM",14,432,Data unavailable.,,89,"As of 5/17/26, 10:20 AM",70,300,"As of 5/17/26, 10:20 AM",61,330
2026-05-17T15:46:23.780681Z,"As of 5/17/26, 10:45 AM",14,432,Data unavailable.,,89,"As of 5/17/26, 10:45 AM",70,300,"As of 5/17/26, 10:45 AM",62,330
2026-05-17T16:17:30.124189Z,"As of 5/17/26, 11:15 AM",14,432,Data unavailable.,,89,"As of 5/17/26, 11:15 AM",70,300,"As of 5/17/26, 11:15 AM",66,330
2026-05-17T16:45:59.574184Z,"As of 5/17/26, 11:45 AM",14,432,Data unavailable.,,89,"As of 5/17/26, 11:45 AM",69,300,"As of 5/17/26, 11:45 AM",67,330
2026-05-17T17:19:48.149476Z,"As of 5/17/26, 12:15 PM",14,432,Data unavailable.,,89,"As of 5/17/26, 12:15 PM",70,300,"As of 5/17/26, 12:15 PM",68,330
2026-05-17T17:46:04.512778Z,"As of 5/17/26, 12:45 PM",14,432,Data unavailable.,,89,"As of 5/17/26, 12:45 PM",69,300,"As of 5/17/26, 12:45 PM",69,330
2026-05-17T18:17:11.147819Z,"As of 5/17/26, 1:15 PM",15,432,Data unavailable.,,89,"As of 5/17/26, 1:15 PM",68,300,"As of 5/17/26, 1:15 PM",70,330
2026-05-17T18:46:29.158147Z,"As of 5/17/26, 1:45 PM",15,432,Data unavailable.,,89,"As of 5/17/26, 1:45 PM",69,300,"As of 5/17/26, 1:45 PM",75,330
2026-05-17T19:24:33.840496Z,"As of 5/17/26, 2:20 PM",15,432,Data unavailable.,,89,"As of 5/17/26, 2:20 PM",71,300,"As of 5/17/26, 2:20 PM",70,330
2026-05-17T19:50:43.584705Z,"As of 5/17/26, 2:50 PM",15,432,Data unavailable.,,89,"As of 5/17/26, 2:50 PM",71,300,"As of 5/17/26, 2:50 PM",70,330
2026-05-17T20:14:00.874093Z,"As of 5/17/26, 3:10 PM",15,432,Data unavailable.,,89,"As of 5/17/26, 3:10 PM",72,300,"As of 5/17/26, 3:10 PM",71,330
2026-05-17T20:33:36.435917Z,"As of 5/17/26, 3:30 PM",15,432,Data unavailable.,,89,"As of 5/17/26, 3:30 PM",72,300,"As of 5/17/26, 3:30 PM",70,330
2026-05-17T21:04:19.023233Z,"As of 5/17/26, 4:00 PM",16,432,Data unavailable.,,89,"As of 5/17/26, 4:00 PM",75,300,"As of 5/17/26, 4:00 PM",70,330
2026-05-17T21:32:02.890406Z,"As of 5/17/26, 4:30 PM",16,432,Data unavailable.,,89,"As of 5/17/26, 4:30 PM",74,300,"As of 5/17/26, 4:30 PM",67,330
2026-05-17T22:03:11.716139Z,"As of 5/17/26, 5:00 PM",16,432,Data unavailable.,,89,"As of 5/17/26, 5:00 PM",75,300,"As of 5/17/26, 5:00 PM",66,330
2026-05-17T22:31:13.347586Z,"As of 5/17/26, 5:30 PM",16,432,Data unavailable.,,89,"As of 5/17/26, 5:30 PM",76,300,"As of 5/17/26, 5:30 PM",67,330
2026-05-17T23:03:56.108897Z,"As of 5/17/26, 6:00 PM",16,432,Data unavailable.,,89,"As of 5/17/26, 6:00 PM",77,300,"As of 5/17/26, 6:00 PM",67,330
2026-05-17T23:33:58.555577Z,"As of 5/17/26, 6:30 PM",17,432,Data unavailable.,,89,"As of 5/17/26, 6:30 PM",78,300,"As of 5/17/26, 6:30 PM",67,330
2026-05-18T00:04:20.380440Z,"As of 5/17/26, 7:00 PM",17,432,Data unavailable.,,89,"As of 5/17/26, 7:00 PM",78,300,"As of 5/17/26, 7:00 PM",67,330
2026-05-18T01:17:07.909112Z,"As of 5/17/26, 8:15 PM",17,432,Data unavailable.,,89,"As of 5/17/26, 8:15 PM",80,300,"As of 5/17/26, 8:15 PM",66,330
2026-05-18T02:16:18.085013Z,"As of 5/17/26, 9:15 PM",18,432,Data unavailable.,,89,"As of 5/17/26, 9:15 PM",80,300,"As of 5/17/26, 9:15 PM",68,330
2026-05-18T03:43:59.421538Z,"As of 5/17/26, 10:40 PM",18,432,Data unavailable.,,89,"As of 5/17/26, 10:40 PM",82,300,"As of 5/17/26, 10:40 PM",68,330
2026-05-18T05:11:04.599324Z,"As of 5/18/26, 12:10 AM",19,432,Data unavailable.,,89,"As of 5/18/26, 12:10 AM",83,300,"As of 5/18/26, 12:10 AM",103,330
2026-05-18T06:37:24.019558Z,"As of 5/18/26, 1:35 AM",16,432,Data unavailable.,,89,"As of 5/18/26, 1:35 AM",84,300,"As of 5/18/26, 1:35 AM",123,330
2026-05-18T08:06:29.777654Z,"As of 5/18/26, 3:05 AM",12,432,Data unavailable.,,89,"As of 5/18/26, 3:05 AM",83,300,"As of 5/18/26, 3:05 AM",119,330
2026-05-18T09:29:32.372042Z,"As of 5/18/26, 4:25 AM",9,432,Data unavailable.,,89,"As of 5/18/26, 4:25 AM",84,300,"As of 5/18/26, 4:25 AM",116,330
2026-05-18T10:52:48.604841Z,"As of 5/18/26, 5:50 AM",5,432,Data unavailable.,,89,"As of 5/18/26, 5:50 AM",79,300,"As of 5/18/26, 5:50 AM",50,330
2026-05-18T12:07:45.256409Z,"As of 5/18/26, 7:05 AM",7,432,Data unavailable.,,89,"As of 5/18/26, 7:05 AM",77,300,"As of 5/18/26, 7:05 AM",52,330
2026-05-18T13:34:14.717837Z,"As of 5/18/26, 8:30 AM",8,432,Data unavailable.,,89,"As of 5/18/26, 8:30 AM",74,300,"As of 5/18/26, 8:30 AM",61,330
2026-05-18T14:45:00.909093Z,"As of 5/18/26, 9:40 AM",8,432,Data unavailable.,,89,"As of 5/18/26, 9:40 AM",71,300,"As of 5/18/26, 9:40 AM",67,330
2026-05-18T16:00:42.741329Z,"As of 5/18/26, 11:00 AM",9,432,Data unavailable.,,89,"As of 5/18/26, 11:00 AM",71,300,"As of 5/18/26, 11:00 AM",69,330
2026-05-18T17:12:25.574380Z,"As of 5/18/26, 12:10 PM",9,432,Data unavailable.,,89,"As of 5/18/26, 12:10 PM",70,300,"As of 5/18/26, 12:10 PM",68,330
2026-05-18T17:55:41.400041Z,"As of 5/18/26, 12:55 PM",9,432,Data unavailable.,,89,"As of 5/18/26, 12:55 PM",69,300,"As of 5/18/26, 12:55 PM",68,330
2026-05-18T18:32:27.763286Z,"As of 5/18/26, 1:30 PM",10,432,Data unavailable.,,89,"As of 5/18/26, 1:30 PM",71,300,"As of 5/18/26, 1:30 PM",68,330
2026-05-18T19:15:24.492844Z,"As of 5/18/26, 2:15 PM",10,432,Data unavailable.,,89,"As of 5/18/26, 2:15 PM",72,300,"As of 5/18/26, 2:15 PM",68,330
2026-05-18T20:00:31.939403Z,"As of 5/18/26, 3:00 PM",10,432,Data unavailable.,,89,"As of 5/18/26, 3:00 PM",73,300,"As of 5/18/26, 3:00 PM",68,330
2026-05-18T20:44:28.671100Z,"As of 5/18/26, 3:40 PM",10,432,Data unavailable.,,89,"As of 5/18/26, 3:40 PM",76,300,"As of 5/18/26, 3:40 PM",68,330
2026-05-18T21:12:55.779784Z,"As of 5/18/26, 4:10 PM",10,432,Data unavailable.,,89,"As of 5/18/26, 4:10 PM",76,300,"As of 5/18/26, 4:10 PM",69,330
2026-05-18T21:42:52.328424Z,"As of 5/18/26, 4:40 PM",11,432,Data unavailable.,,89,"As of 5/18/26, 4:40 PM",76,300,"As of 5/18/26, 4:40 PM",68,330
2026-05-18T22:08:44.505672Z,"As of 5/18/26, 5:05 PM",11,432,Data unavailable.,,89,"As of 5/18/26, 5:05 PM",76,300,"As of 5/18/26, 5:05 PM",68,330
2026-05-18T22:33:52.054998Z,"As of 5/18/26, 5:30 PM",11,432,Data unavailable.,,89,"As of 5/18/26, 5:30 PM",79,300,"As of 5/18/26, 5:30 PM",67,330
2026-05-18T23:06:12.570691Z,"As of 5/18/26, 6:05 PM",11,432,Data unavailable.,,89,"As of 5/18/26, 6:05 PM",78,300,"As of 5/18/26, 6:05 PM",67,330
2026-05-18T23:36:00.191605Z,"As of 5/18/26, 6:35 PM",11,432,Data unavailable.,,89,"As of 5/18/26, 6:35 PM",80,300,"As of 5/18/26, 6:35 PM",67,330
2026-05-19T00:06:35.590573Z,"As of 5/18/26, 7:05 PM",12,432,Data unavailable.,,89,"As of 5/18/26, 7:05 PM",80,300,"As of 5/18/26, 7:05 PM",67,330
2026-05-19T01:17:09.163040Z,"As of 5/18/26, 8:15 PM",12,432,Data unavailable.,,89,"As of 5/18/26, 8:15 PM",81,300,"As of 5/18/26, 8:15 PM",67,330
2026-05-19T02:16:27.203338Z,"As of 5/18/26, 9:15 PM",12,432,Data unavailable.,,89,"As of 5/18/26, 9:15 PM",80,300,"As of 5/18/26, 9:15 PM",69,330
2026-05-19T03:43:54.801959Z,"As of 5/18/26, 10:40 PM",13,432,Data unavailable.,,89,"As of 5/18/26, 10:40 PM",82,300,"As of 5/18/26, 10:40 PM",68,330
2026-05-19T05:09:39.741291Z,"As of 5/19/26, 12:05 AM",11,432,Data unavailable.,,89,"As of 5/19/26, 12:05 AM",84,300,"As of 5/19/26, 12:05 AM",105,330
2026-05-19T06:34:01.069310Z,"As of 5/19/26, 1:30 AM",9,432,Data unavailable.,,89,"As of 5/19/26, 1:30 AM",82,300,"As of 5/19/26, 1:30 AM",101,330
2026-05-19T07:58:02.348145Z,"As of 5/19/26, 2:55 AM",7,432,Data unavailable.,,89,"As of 5/19/26, 2:55 AM",84,300,"As of 5/19/26, 2:55 AM",89,330
2026-05-19T09:18:11.195817Z,"As of 5/19/26, 4:15 AM",4,432,Data unavailable.,,89,"As of 5/19/26, 4:15 AM",83,300,"As of 5/19/26, 4:15 AM",83,330
2026-05-19T10:40:45.861922Z,"As of 5/19/26, 5:40 AM",6,432,Data unavailable.,,89,"As of 5/19/26, 5:40 AM",80,300,"As of 5/19/26, 5:40 AM",48,330
2026-05-19T11:44:45.676725Z,"As of 5/19/26, 6:40 AM",6,432,Data unavailable.,,89,"As of 5/19/26, 6:40 AM",80,300,"As of 5/19/26, 6:40 AM",52,330
2026-05-19T12:43:04.013067Z,"As of 5/19/26, 7:40 AM",7,432,Data unavailable.,,89,"As of 5/19/26, 7:40 AM",74,300,"As of 5/19/26, 7:40 AM",55,330
2026-05-19T13:45:19.247013Z,"As of 5/19/26, 8:45 AM",7,432,Data unavailable.,,89,"As of 5/19/26, 8:45 AM",73,300,"As of 5/19/26, 8:45 AM",63,330
2026-05-19T14:46:20.226683Z,"As of 5/19/26, 9:45 AM",8,432,Data unavailable.,,89,"As of 5/19/26, 9:45 AM",72,300,"As of 5/19/26, 9:45 AM",65,330
2026-05-19T16:04:52.013142Z,"As of 5/19/26, 11:00 AM",8,432,Data unavailable.,,89,"As of 5/19/26, 11:00 AM",72,300,"As of 5/19/26, 11:00 AM",66,330
2026-05-19T17:14:29.991813Z,"As of 5/19/26, 12:10 PM",8,432,Data unavailable.,,89,"As of 5/19/26, 12:10 PM",71,300,"As of 5/19/26, 12:10 PM",68,330
2026-05-19T17:59:19.057448Z,"As of 5/19/26, 12:55 PM",9,432,Data unavailable.,,89,"As of 5/19/26, 12:55 PM",73,300,"As of 5/19/26, 12:55 PM",67,330
2026-05-19T18:49:01.180404Z,"As of 5/19/26, 1:45 PM",9,432,Data unavailable.,,89,"As of 5/19/26, 1:45 PM",75,300,"As of 5/19/26, 1:45 PM",67,330
2026-05-19T19:31:45.037538Z,"As of 5/19/26, 2:30 PM",9,432,Data unavailable.,,89,"As of 5/19/26, 2:30 PM",73,300,"As of 5/19/26, 2:30 PM",68,330
2026-05-19T20:17:32.999074Z,"As of 5/19/26, 3:15 PM",10,432,Data unavailable.,,89,"As of 5/19/26, 3:15 PM",74,300,"As of 5/19/26, 3:15 PM",68,330
2026-05-19T20:59:43.750115Z,"As of 5/19/26, 3:55 PM",10,432,Data unavailable.,,89,"As of 5/19/26, 3:55 PM",74,300,"As of 5/19/26, 3:55 PM",67,330
2026-05-19T21:38:35.500383Z,"As of 5/19/26, 4:35 PM",10,432,Data unavailable.,,89,"As of 5/19/26, 4:35 PM",75,300,"As of 5/19/26, 4:35 PM",66,330
2026-05-19T22:08:03.565884Z,"As of 5/19/26, 5:05 PM",10,432,Data unavailable.,,89,"As of 5/19/26, 5:05 PM",78,300,"As of 5/19/26, 5:05 PM",66,330
2026-05-19T22:40:43.003351Z,"As of 5/19/26, 5:40 PM",10,432,Data unavailable.,,89,"As of 5/19/26, 5:40 PM",78,300,"As of 5/19/26, 5:40 PM",65,330
2026-05-19T23:06:28.825302Z,"As of 5/19/26, 6:05 PM",10,432,Data unavailable.,,89,"As of 5/19/26, 6:05 PM",79,300,"As of 5/19/26, 6:05 PM",66,330
2026-05-19T23:38:04.540316Z,"As of 5/19/26, 6:35 PM",11,432,Data unavailable.,,89,"As of 5/19/26, 6:35 PM",78,300,"As of 5/19/26, 6:35 PM",66,330
2026-05-20T00:06:38.118905Z,"As of 5/19/26, 7:05 PM",11,432,Data unavailable.,,89,"As of 5/19/26, 7:05 PM",78,300,"As of 5/19/26, 7:05 PM",66,330
2026-05-20T01:18:22.065431Z,"As of 5/19/26, 8:15 PM",11,432,Data unavailable.,,89,"As of 5/19/26, 8:15 PM",79,300,"As of 5/19/26, 8:15 PM",67,330
2026-05-20T02:16:51.419885Z,"As of 5/19/26, 9:15 PM",11,432,Data unavailable.,,89,"As of 5/19/26, 9:15 PM",81,300,"As of 5/19/26, 9:15 PM",67,330
2026-05-20T03:43:45.544400Z,"As of 5/19/26, 10:40 PM",12,432,Data unavailable.,,89,"As of 5/19/26, 10:40 PM",81,300,"As of 5/19/26, 10:40 PM",68,330
2026-05-20T05:10:40.626646Z,"As of 5/20/26, 12:10 AM",13,432,Data unavailable.,,89,"As of 5/20/26, 12:10 AM",82,300,"As of 5/20/26, 12:10 AM",64,330
2026-05-20T06:33:59.225503Z,"As of 5/20/26, 1:30 AM",13,432,Data unavailable.,,89,"As of 5/20/26, 1:30 AM",79,300,"As of 5/20/26, 1:30 AM",58,330
2026-05-20T07:57:10.479412Z,"As of 5/20/26, 2:55 AM",13,432,Data unavailable.,,89,"As of 5/20/26, 2:55 AM",82,300,"As of 5/20/26, 2:55 AM",54,330
2026-05-20T09:10:23.548701Z,"As of 5/20/26, 4:10 AM",14,432,Data unavailable.,,89,"As of 5/20/26, 4:10 AM",79,300,"As of 5/20/26, 4:10 AM",49,330
2026-05-20T10:22:34.784217Z,"As of 5/20/26, 5:20 AM",14,432,Data unavailable.,,89,"As of 5/20/26, 5:20 AM",76,300,"As of 5/20/26, 5:20 AM",51,330
2026-05-20T11:28:39.188506Z,"As of 5/20/26, 6:25 AM",14,432,Data unavailable.,,89,"As of 5/20/26, 6:25 AM",75,300,"As of 5/20/26, 6:25 AM",52,330
2026-05-20T12:20:13.121604Z,"As of 5/20/26, 7:20 AM",15,432,Data unavailable.,,89,"As of 5/20/26, 7:20 AM",70,300,"As of 5/20/26, 7:20 AM",54,330
2026-05-20T13:23:13.346480Z,"As of 5/20/26, 8:20 AM",15,432,Data unavailable.,,89,"As of 5/20/26, 8:20 AM",72,300,"As of 5/20/26, 8:20 AM",60,330
2026-05-20T14:19:54.132476Z,"As of 5/20/26, 9:15 AM",15,432,Data unavailable.,,89,"As of 5/20/26, 9:15 AM",69,300,"As of 5/20/26, 9:15 AM",65,330
2026-05-20T15:43:23.558091Z,"As of 5/20/26, 10:40 AM",16,432,Data unavailable.,,89,"As of 5/20/26, 10:40 AM",68,300,"As of 5/20/26, 10:40 AM",66,330
2026-05-20T16:44:25.394540Z,"As of 5/20/26, 11:40 AM",16,432,Data unavailable.,,89,"As of 5/20/26, 11:40 AM",70,300,"As of 5/20/26, 11:40 AM",66,330
2026-05-20T17:46:28.323291Z,"As of 5/20/26, 12:45 PM",16,432,Data unavailable.,,89,"As of 5/20/26, 12:45 PM",70,300,"As of 5/20/26, 12:45 PM",67,330
2026-05-20T18:42:28.701483Z,"As of 5/20/26, 1:40 PM",16,432,Data unavailable.,,89,"As of 5/20/26, 1:40 PM",73,300,"As of 5/20/26, 1:40 PM",65,330
2026-05-20T19:33:11.712204Z,"As of 5/20/26, 2:30 PM",17,432,Data unavailable.,,89,"As of 5/20/26, 2:30 PM",73,300,"As of 5/20/26, 2:30 PM",66,330
2026-05-20T20:29:50.594475Z,"As of 5/20/26, 3:25 PM",17,432,Data unavailable.,,89,"As of 5/20/26, 3:25 PM",72,300,"As of 5/20/26, 3:25 PM",65,330
2026-05-20T21:13:24.657974Z,"As of 5/20/26, 4:10 PM",17,432,Data unavailable.,,89,"As of 5/20/26, 4:10 PM",74,300,"As of 5/20/26, 4:10 PM",67,330
2026-05-20T21:55:52.897753Z,"As of 5/20/26, 4:55 PM",18,432,Data unavailable.,,89,"As of 5/20/26, 4:55 PM",75,300,"As of 5/20/26, 4:55 PM",65,330
2026-05-20T22:29:04.848657Z,"As of 5/20/26, 5:25 PM",18,432,Data unavailable.,,89,"As of 5/20/26, 5:25 PM",75,300,"As of 5/20/26, 5:25 PM",64,330
2026-05-20T22:58:51.052931Z,"As of 5/20/26, 5:55 PM",18,432,Data unavailable.,,89,"As of 5/20/26, 5:55 PM",77,300,"As of 5/20/26, 5:55 PM",63,330
2026-05-20T23:34:23.299153Z,"As of 5/20/26, 6:30 PM",18,432,Data unavailable.,,89,"As of 5/20/26, 6:30 PM",78,300,"As of 5/20/26, 6:30 PM",65,330
2026-05-21T00:06:51.298628Z,"As of 5/20/26, 7:05 PM",19,432,Data unavailable.,,89,"As of 5/20/26, 7:05 PM",77,300,"As of 5/20/26, 7:05 PM",64,330
2026-05-21T01:18:44.871875Z,"As of 5/20/26, 8:15 PM",19,432,Data unavailable.,,89,"As of 5/20/26, 8:15 PM",76,300,"As of 5/20/26, 8:15 PM",65,330
2026-05-21T02:16:16.625985Z,"As of 5/20/26, 9:15 PM",19,432,Data unavailable.,,89,"As of 5/20/26, 9:15 PM",78,300,"As of 5/20/26, 9:15 PM",65,330
2026-05-21T03:43:56.366660Z,"As of 5/20/26, 10:40 PM",20,432,Data unavailable.,,89,"As of 5/20/26, 10:40 PM",80,300,"As of 5/20/26, 10:40 PM",66,330
2026-05-21T05:11:22.923763Z,"As of 5/21/26, 12:10 AM",21,432,Data unavailable.,,89,"As of 5/21/26, 12:10 AM",80,300,"As of 5/21/26, 12:10 AM",66,330
2026-05-21T06:35:43.805656Z,"As of 5/21/26, 1:35 AM",19,432,Data unavailable.,,89,"As of 5/21/26, 1:35 AM",85,300,"As of 5/21/26, 1:35 AM",66,330
2026-05-21T08:02:10.572610Z,"As of 5/21/26, 3:00 AM",16,432,Data unavailable.,,89,"As of 5/21/26, 3:00 AM",82,300,"As of 5/21/26, 3:00 AM",66,330
2026-05-21T09:24:13.941182Z,"As of 5/21/26, 4:20 AM",14,432,Data unavailable.,,89,"As of 5/21/26, 4:20 AM",79,300,"As of 5/21/26, 4:20 AM",66,330
2026-05-21T10:43:14.559090Z,"As of 5/21/26, 5:40 AM",12,432,Data unavailable.,,89,"As of 5/21/26, 5:40 AM",76,300,"As of 5/21/26, 5:40 AM",66,330
2026-05-21T11:51:03.205102Z,"As of 5/21/26, 6:50 AM",10,432,Data unavailable.,,89,"As of 5/21/26, 6:50 AM",74,300,"As of 5/21/26, 6:50 AM",66,330
2026-05-21T12:56:21.680712Z,"As of 5/21/26, 7:55 AM",8,432,Data unavailable.,,89,"As of 5/21/26, 7:55 AM",70,300,"As of 5/21/26, 7:55 AM",66,330
2026-05-21T14:04:56.654345Z,"As of 5/21/26, 9:00 AM",4,432,Data unavailable.,,89,"As of 5/21/26, 9:00 AM",69,300,"As of 5/21/26, 9:00 AM",102,330
2026-05-21T15:22:25.054890Z,"As of 5/21/26, 10:20 AM",6,432,Data unavailable.,,89,"As of 5/21/26, 10:20 AM",72,300,"As of 5/21/26, 10:20 AM",66,330
2026-05-21T16:25:48.207794Z,"As of 5/21/26, 11:25 AM",7,432,Data unavailable.,,89,"As of 5/21/26, 11:25 AM",67,300,"As of 5/21/26, 11:20 AM",66,330
2026-05-21T17:21:20.491398Z,"As of 5/21/26, 12:20 PM",7,432,Data unavailable.,,89,"As of 5/21/26, 12:20 PM",68,300,"As of 5/21/26, 12:20 PM",66,330
2026-05-21T18:08:47.088491Z,"As of 5/21/26, 1:05 PM",7,432,Data unavailable.,,89,"As of 5/21/26, 1:05 PM",68,300,"As of 5/21/26, 1:05 PM",66,330
2026-05-21T18:53:30.833848Z,"As of 5/21/26, 1:50 PM",8,432,Data unavailable.,,89,"As of 5/21/26, 1:50 PM",70,300,"As of 5/21/26, 1:50 PM",66,330
2026-05-21T19:32:25.893126Z,"As of 5/21/26, 2:30 PM",8,432,Data unavailable.,,89,"As of 5/21/26, 2:30 PM",74,300,"As of 5/21/26, 2:30 PM",67,330
2026-05-21T20:20:52.395560Z,"As of 5/21/26, 3:20 PM",8,432,Data unavailable.,,89,"As of 5/21/26, 3:20 PM",75,300,"As of 5/21/26, 3:20 PM",65,330
2026-05-21T21:02:38.064646Z,"As of 5/21/26, 4:00 PM",8,432,Data unavailable.,,89,"As of 5/21/26, 4:00 PM",73,300,"As of 5/21/26, 4:00 PM",64,330
2026-05-21T21:46:17.569571Z,"As of 5/21/26, 4:45 PM",9,432,Data unavailable.,,89,"As of 5/21/26, 4:45 PM",75,300,"As of 5/21/26, 4:45 PM",64,330
2026-05-21T22:26:19.409329Z,"As of 5/21/26, 5:25 PM",9,432,Data unavailable.,,89,"As of 5/21/26, 5:25 PM",76,300,"As of 5/21/26, 5:25 PM",65,330
2026-05-21T22:52:30.675194Z,"As of 5/21/26, 5:50 PM",9,432,Data unavailable.,,89,"As of 5/21/26, 5:50 PM",75,300,"As of 5/21/26, 5:50 PM",65,330
2026-05-21T23:19:16.980567Z,"As of 5/21/26, 6:15 PM",9,432,Data unavailable.,,89,"As of 5/21/26, 6:15 PM",77,300,"As of 5/21/26, 6:15 PM",65,330
2026-05-21T23:46:32.664017Z,"As of 5/21/26, 6:45 PM",9,432,Data unavailable.,,89,"As of 5/21/26, 6:45 PM",74,300,"As of 5/21/26, 6:45 PM",64,330
2026-05-22T00:21:34.000196Z,"As of 5/21/26, 7:20 PM",10,432,Data unavailable.,,89,"As of 5/21/26, 7:20 PM",75,300,"As of 5/21/26, 7:20 PM",65,330
2026-05-22T01:22:23.992861Z,"As of 5/21/26, 8:20 PM",10,432,Data unavailable.,,89,"As of 5/21/26, 8:20 PM",77,300,"As of 5/21/26, 8:20 PM",66,330
2026-05-22T02:16:35.176260Z,"As of 5/21/26, 9:15 PM",10,432,Data unavailable.,,89,"As of 5/21/26, 9:15 PM",78,300,"As of 5/21/26, 9:15 PM",65,330
2026-05-22T03:44:03.330881Z,"As of 5/21/26, 10:40 PM",11,432,Data unavailable.,,89,"As of 5/21/26, 10:40 PM",78,300,"As of 5/21/26, 10:40 PM",66,330
2026-05-22T05:09:44.356174Z,"As of 5/22/26, 12:05 AM",11,432,Data unavailable.,,89,"As of 5/22/26, 12:05 AM",79,300,"As of 5/22/26, 12:05 AM",62,330
2026-05-22T06:33:00.193373Z,"As of 5/22/26, 1:30 AM",12,432,Data unavailable.,,89,"As of 5/22/26, 1:30 AM",79,300,"As of 5/22/26, 1:30 AM",56,330
2026-05-22T07:55:24.632176Z,"As of 5/22/26, 2:55 AM",12,432,Data unavailable.,,89,"As of 5/22/26, 2:55 AM",77,300,"As of 5/22/26, 2:55 AM",51,330
2026-05-22T09:00:32.631280Z,"As of 5/22/26, 4:00 AM",13,432,Data unavailable.,,89,"As of 5/22/26, 4:00 AM",80,300,"As of 5/22/26, 4:00 AM",51,330
2026-05-22T10:22:15.439558Z,"As of 5/22/26, 5:20 AM",13,432,Data unavailable.,,89,"As of 5/22/26, 5:20 AM",72,300,"As of 5/22/26, 5:20 AM",48,330
2026-05-22T11:26:01.279678Z,"As of 5/22/26, 6:25 AM",14,432,Data unavailable.,,89,"As of 5/22/26, 6:25 AM",72,300,"As of 5/22/26, 6:25 AM",48,330
2026-05-22T12:15:59.459597Z,"As of 5/22/26, 7:15 AM",14,432,Data unavailable.,,89,"As of 5/22/26, 7:15 AM",69,300,"As of 5/22/26, 7:15 AM",54,330
2026-05-22T13:17:27.662976Z,"As of 5/22/26, 8:15 AM",14,432,Data unavailable.,,89,"As of 5/22/26, 8:15 AM",68,300,"As of 5/22/26, 8:15 AM",57,330
2026-05-22T14:16:01.611140Z,"As of 5/22/26, 9:15 AM",15,432,Data unavailable.,,89,"As of 5/22/26, 9:15 AM",68,300,"As of 5/22/26, 9:15 AM",62,330
2026-05-22T15:29:30.385154Z,"As of 5/22/26, 10:25 AM",15,432,Data unavailable.,,89,"As of 5/22/26, 10:25 AM",65,300,"As of 5/22/26, 10:25 AM",65,330
2026-05-22T16:21:32.961175Z,"As of 5/22/26, 11:20 AM",15,432,Data unavailable.,,89,"As of 5/22/26, 11:20 AM",67,300,"As of 5/22/26, 11:20 AM",64,330
2026-05-22T17:12:59.955020Z,"As of 5/22/26, 12:10 PM",16,432,Data unavailable.,,89,"As of 5/22/26, 12:10 PM",68,300,"As of 5/22/26, 12:10 PM",65,330
2026-05-22T17:55:03.126335Z,"As of 5/22/26, 12:50 PM",16,432,Data unavailable.,,89,"As of 5/22/26, 12:50 PM",67,300,"As of 5/22/26, 12:50 PM",66,330
2026-05-22T18:31:01.895056Z,"As of 5/22/26, 1:30 PM",16,432,Data unavailable.,,89,"As of 5/22/26, 1:30 PM",66,300,"As of 5/22/26, 1:30 PM",66,330
2026-05-22T19:16:03.672190Z,"As of 5/22/26, 2:15 PM",16,432,Data unavailable.,,89,"As of 5/22/26, 2:15 PM",69,300,"As of 5/22/26, 2:15 PM",65,330
2026-05-22T20:07:49.570313Z,"As of 5/22/26, 3:05 PM",17,432,Data unavailable.,,89,"As of 5/22/26, 3:05 PM",70,300,"As of 5/22/26, 3:05 PM",65,330
2026-05-22T20:46:02.016033Z,"As of 5/22/26, 3:45 PM",17,432,Data unavailable.,,89,"As of 5/22/26, 3:45 PM",69,300,"As of 5/22/26, 3:45 PM",65,330
2026-05-22T21:23:24.641353Z,"As of 5/22/26, 4:20 PM",17,432,Data unavailable.,,89,"As of 5/22/26, 4:20 PM",72,300,"As of 5/22/26, 4:20 PM",64,330
2026-05-22T21:49:51.573354Z,"As of 5/22/26, 4:45 PM",17,432,Data unavailable.,,89,"As of 5/22/26, 4:45 PM",73,300,"As of 5/22/26, 4:45 PM",65,330
2026-05-22T22:19:09.473225Z,"As of 5/22/26, 5:15 PM",18,432,Data unavailable.,,89,"As of 5/22/26, 5:15 PM",71,300,"As of 5/22/26, 5:15 PM",64,330
2026-05-22T22:46:17.312632Z,"As of 5/22/26, 5:45 PM",18,432,Data unavailable.,,89,"As of 5/22/26, 5:45 PM",75,300,"As of 5/22/26, 5:45 PM",63,330
2026-05-22T23:20:56.966381Z,"As of 5/22/26, 6:20 PM",18,432,Data unavailable.,,89,"As of 5/22/26, 6:20 PM",73,300,"As of 5/22/26, 6:20 PM",63,330
2026-05-22T23:49:43.723669Z,"As of 5/22/26, 6:45 PM",18,432,Data unavailable.,,89,"As of 5/22/26, 6:45 PM",74,300,"As of 5/22/26, 6:45 PM",64,330
2026-05-23T00:20:56.692855Z,"As of 5/22/26, 7:20 PM",19,432,Data unavailable.,,89,"As of 5/22/26, 7:20 PM",72,300,"As of 5/22/26, 7:20 PM",64,330
2026-05-23T01:17:31.863474Z,"As of 5/22/26, 8:15 PM",19,432,Data unavailable.,,89,"As of 5/22/26, 8:15 PM",77,300,"As of 5/22/26, 8:15 PM",64,330
2026-05-23T02:15:59.154481Z,"As of 5/22/26, 9:15 PM",20,432,Data unavailable.,,89,"As of 5/22/26, 9:15 PM",76,300,"As of 5/22/26, 9:15 PM",64,330
2026-05-23T03:43:20.366591Z,"As of 5/22/26, 10:40 PM",20,432,Data unavailable.,,89,"As of 5/22/26, 10:40 PM",75,300,"As of 5/22/26, 10:40 PM",63,330
2026-05-23T04:57:23.102949Z,"As of 5/22/26, 11:55 PM",21,432,Data unavailable.,,89,"As of 5/22/26, 11:55 PM",74,300,"As of 5/22/26, 11:55 PM",61,330
2026-05-23T06:04:23.306815Z,"As of 5/23/26, 1:00 AM",21,432,Data unavailable.,,89,"As of 5/23/26, 1:00 AM",75,300,"As of 5/23/26, 1:00 AM",57,330
2026-05-23T07:09:56.950488Z,"As of 5/23/26, 2:05 AM",22,432,Data unavailable.,,89,"As of 5/23/26, 2:05 AM",78,300,"As of 5/23/26, 2:05 AM",53,330
2026-05-23T07:57:31.046902Z,"As of 5/23/26, 2:55 AM",22,432,Data unavailable.,,89,"As of 5/23/26, 2:55 AM",78,300,"As of 5/23/26, 2:55 AM",52,330
2026-05-23T08:45:42.023850Z,"As of 5/23/26, 3:45 AM",22,432,Data unavailable.,,89,"As of 5/23/26, 3:45 AM",77,300,"As of 5/23/26, 3:45 AM",50,330
2026-05-23T09:31:36.044845Z,"As of 5/23/26, 4:30 AM",22,432,Data unavailable.,,89,"As of 5/23/26, 4:30 AM",72,300,"As of 5/23/26, 4:30 AM",49,330
2026-05-23T10:14:53.311616Z,"As of 5/23/26, 5:10 AM",23,432,Data unavailable.,,89,"As of 5/23/26, 5:10 AM",72,300,"As of 5/23/26, 5:10 AM",48,330
2026-05-23T10:46:41.207023Z,"As of 5/23/26, 5:45 AM",23,432,Data unavailable.,,89,"As of 5/23/26, 5:45 AM",71,300,"As of 5/23/26, 5:45 AM",46,330
2026-05-23T11:24:29.495017Z,"As of 5/23/26, 6:20 AM",23,432,Data unavailable.,,89,"As of 5/23/26, 6:20 AM",70,300,"As of 5/23/26, 6:20 AM",46,330
2026-05-23T11:48:33.409505Z,"As of 5/23/26, 6:45 AM",23,432,Data unavailable.,,89,"As of 5/23/26, 6:45 AM",71,300,"As of 5/23/26, 6:45 AM",48,330
2026-05-23T12:13:44.801033Z,"As of 5/23/26, 7:10 AM",23,432,Data unavailable.,,89,"As of 5/23/26, 7:10 AM",68,300,"As of 5/23/26, 7:10 AM",82,330
2026-05-23T12:38:33.059298Z,"As of 5/23/26, 7:35 AM",23,432,Data unavailable.,,89,"As of 5/23/26, 7:35 AM",68,300,"As of 5/23/26, 7:35 AM",83,330
2026-05-23T13:07:53.828132Z,"As of 5/23/26, 8:05 AM",22,432,Data unavailable.,,89,"As of 5/23/26, 8:05 AM",67,300,"As of 5/23/26, 8:05 AM",85,330
2026-05-23T13:50:18.413966Z,"As of 5/23/26, 8:50 AM",21,432,Data unavailable.,,89,"As of 5/23/26, 8:50 AM",66,300,"As of 5/23/26, 8:50 AM",87,330
2026-05-23T14:29:12.065224Z,"As of 5/23/26, 9:25 AM",21,432,Data unavailable.,,89,"As of 5/23/26, 9:25 AM",66,300,"As of 5/23/26, 9:25 AM",89,330
2026-05-23T14:52:14.544889Z,"As of 5/23/26, 9:50 AM",20,432,Data unavailable.,,89,"As of 5/23/26, 9:50 AM",65,300,"As of 5/23/26, 9:50 AM",91,330
2026-05-23T15:21:17.396643Z,"As of 5/23/26, 10:20 AM",19,432,Data unavailable.,,89,"As of 5/23/26, 10:20 AM",61,300,"As of 5/23/26, 10:20 AM",94,330
2026-05-23T15:49:13.897767Z,"As of 5/23/26, 10:45 AM",19,432,Data unavailable.,,89,"As of 5/23/26, 10:45 AM",63,300,"As of 5/23/26, 10:45 AM",96,330
2026-05-23T16:17:49.194343Z,"As of 5/23/26, 11:15 AM",18,432,Data unavailable.,,89,"As of 5/23/26, 11:15 AM",62,300,"As of 5/23/26, 11:15 AM",99,330
2026-05-23T16:46:23.687898Z,"As of 5/23/26, 11:45 AM",17,432,Data unavailable.,,89,"As of 5/23/26, 11:45 AM",62,300,"As of 5/23/26, 11:45 AM",98,330
2026-05-23T17:20:01.992833Z,"As of 5/23/26, 12:15 PM",17,432,Data unavailable.,,89,"As of 5/23/26, 12:15 PM",62,300,"As of 5/23/26, 12:15 PM",100,330
2026-05-23T17:47:47.133215Z,"As of 5/23/26, 12:45 PM",16,432,Data unavailable.,,89,"As of 5/23/26, 12:45 PM",64,300,"As of 5/23/26, 12:45 PM",102,330
2026-05-23T18:16:04.253005Z,"As of 5/23/26, 1:15 PM",16,432,Data unavailable.,,89,"As of 5/23/26, 1:15 PM",63,300,"As of 5/23/26, 1:15 PM",101,330
2026-05-23T18:46:55.284167Z,"As of 5/23/26, 1:45 PM",15,432,Data unavailable.,,89,"As of 5/23/26, 1:45 PM",64,300,"As of 5/23/26, 1:45 PM",101,330
2026-05-23T19:25:22.568434Z,"As of 5/23/26, 2:25 PM",0,432,Data unavailable.,,89,"As of 5/23/26, 2:25 PM",65,300,"As of 5/23/26, 2:25 PM",102,330
2026-05-23T19:51:05.493188Z,"As of 5/23/26, 2:50 PM",14,432,Data unavailable.,,89,"As of 5/23/26, 2:50 PM",66,300,"As of 5/23/26, 2:50 PM",101,330
2026-05-23T20:14:51.971793Z,"As of 5/23/26, 3:10 PM",14,432,Data unavailable.,,89,"As of 5/23/26, 3:10 PM",65,300,"As of 5/23/26, 3:10 PM",102,330
2026-05-23T20:33:31.970361Z,"As of 5/23/26, 3:30 PM",13,432,Data unavailable.,,89,"As of 5/23/26, 3:30 PM",67,300,"As of 5/23/26, 3:30 PM",101,330
2026-05-23T21:03:52.178228Z,"As of 5/23/26, 4:00 PM",13,432,Data unavailable.,,89,"As of 5/23/26, 4:00 PM",67,300,"As of 5/23/26, 4:00 PM",100,330
2026-05-23T21:32:33.832896Z,"As of 5/23/26, 4:30 PM",12,432,Data unavailable.,,89,"As of 5/23/26, 4:30 PM",70,300,"As of 5/23/26, 4:30 PM",99,330
2026-05-23T22:03:13.355448Z,"As of 5/23/26, 5:00 PM",12,432,Data unavailable.,,89,"As of 5/23/26, 5:00 PM",68,300,"As of 5/23/26, 5:00 PM",101,330
2026-05-23T22:31:52.757224Z,"As of 5/23/26, 5:30 PM",11,432,Data unavailable.,,89,"As of 5/23/26, 5:30 PM",71,300,"As of 5/23/26, 5:30 PM",102,330
2026-05-23T23:03:29.716446Z,"As of 5/23/26, 6:00 PM",10,432,Data unavailable.,,89,"As of 5/23/26, 6:00 PM",70,300,"As of 5/23/26, 6:00 PM",102,330
2026-05-23T23:33:57.280424Z,"As of 5/23/26, 6:30 PM",10,432,Data unavailable.,,89,"As of 5/23/26, 6:30 PM",71,300,"As of 5/23/26, 6:30 PM",101,330
2026-05-24T00:04:24.263625Z,"As of 5/23/26, 7:00 PM",9,432,Data unavailable.,,89,"As of 5/23/26, 7:00 PM",74,300,"As of 5/23/26, 7:00 PM",100,330
2026-05-24T01:18:25.014374Z,"As of 5/23/26, 8:15 PM",8,432,Data unavailable.,,89,"As of 5/23/26, 8:15 PM",75,300,"As of 5/23/26, 8:15 PM",100,330
2026-05-24T02:16:12.175804Z,"As of 5/23/26, 9:15 PM",6,432,Data unavailable.,,89,"As of 5/23/26, 9:15 PM",74,300,"As of 5/23/26, 9:15 PM",98,330
2026-05-24T03:43:55.559410Z,"As of 5/23/26, 10:40 PM",6,432,Data unavailable.,,89,"As of 5/23/26, 10:40 PM",74,300,"As of 5/23/26, 10:40 PM",62,330
2026-05-24T05:09:22.195412Z,"As of 5/24/26, 12:05 AM",7,432,Data unavailable.,,89,"As of 5/24/26, 12:05 AM",73,300,"As of 5/24/26, 12:05 AM",59,330
2026-05-24T06:24:16.282237Z,"As of 5/24/26, 1:20 AM",8,432,Data unavailable.,,89,"As of 5/24/26, 1:20 AM",74,300,"As of 5/24/26, 1:20 AM",56,330
2026-05-24T07:32:15.116756Z,"As of 5/24/26, 2:30 AM",8,432,Data unavailable.,,89,"As of 5/24/26, 2:30 AM",76,300,"As of 5/24/26, 2:30 AM",52,330
2026-05-24T08:35:39.667734Z,"As of 5/24/26, 3:35 AM",9,432,Data unavailable.,,89,"As of 5/24/26, 3:35 AM",74,300,"As of 5/24/26, 3:35 AM",50,330
2026-05-24T09:26:25.354699Z,"As of 5/24/26, 4:25 AM",9,432,Data unavailable.,,89,"As of 5/24/26, 4:25 AM",73,300,"As of 5/24/26, 4:25 AM",49,330
2026-05-24T10:08:42.340944Z,"As of 5/24/26, 5:05 AM",9,432,Data unavailable.,,89,"As of 5/24/26, 5:05 AM",70,300,"As of 5/24/26, 5:05 AM",48,330
2026-05-24T10:48:10.581957Z,"As of 5/24/26, 5:45 AM",10,432,Data unavailable.,,89,"As of 5/24/26, 5:45 AM",67,300,"As of 5/24/26, 5:45 AM",47,330
2026-05-24T11:26:11.957663Z,"As of 5/24/26, 6:25 AM",10,432,Data unavailable.,,89,"As of 5/24/26, 6:25 AM",72,300,"As of 5/24/26, 6:25 AM",45,330
2026-05-24T11:52:38.922527Z,"As of 5/24/26, 6:50 AM",10,432,Data unavailable.,,89,"As of 5/24/26, 6:50 AM",71,300,"As of 5/24/26, 6:50 AM",45,330
2026-05-24T12:16:44.715766Z,"As of 5/24/26, 7:15 AM",10,432,Data unavailable.,,89,"As of 5/24/26, 7:15 AM",69,300,"As of 5/24/26, 7:15 AM",47,330
2026-05-24T12:48:47.155628Z,"As of 5/24/26, 7:45 AM",10,432,Data unavailable.,,89,"As of 5/24/26, 7:45 AM",67,300,"As of 5/24/26, 7:45 AM",46,330
2026-05-24T13:28:51.834712Z,"As of 5/24/26, 8:25 AM",11,432,Data unavailable.,,89,"As of 5/24/26, 8:25 AM",64,300,"As of 5/24/26, 8:25 AM",110,330
2026-05-24T14:06:05.862673Z,"As of 5/24/26, 9:05 AM",15,432,Data unavailable.,,89,"As of 5/24/26, 9:05 AM",64,300,"As of 5/24/26, 9:05 AM",160,330
2026-05-24T14:43:32.409215Z,"As of 5/24/26, 9:40 AM",18,432,Data unavailable.,,89,"As of 5/24/26, 9:40 AM",60,300,"As of 5/24/26, 9:40 AM",166,330
2026-05-24T15:10:16.205441Z,"As of 5/24/26, 10:10 AM",19,432,Data unavailable.,,89,"As of 5/24/26, 10:10 AM",62,300,"As of 5/24/26, 10:10 AM",139,330
2026-05-24T15:39:25.367362Z,"As of 5/24/26, 10:35 AM",20,432,Data unavailable.,,89,"As of 5/24/26, 10:35 AM",62,300,"As of 5/24/26, 10:35 AM",121,330
2026-05-24T16:05:23.522383Z,"As of 5/24/26, 11:05 AM",20,432,Data unavailable.,,89,"As of 5/24/26, 11:05 AM",62,300,"As of 5/24/26, 11:05 AM",104,330
2026-05-24T16:34:50.714176Z,"As of 5/24/26, 11:30 AM",21,432,Data unavailable.,,89,"As of 5/24/26, 11:30 AM",62,300,"As of 5/24/26, 11:30 AM",93,330
2026-05-24T17:06:01.456934Z,"As of 5/24/26, 12:05 PM",21,432,Data unavailable.,,89,"As of 5/24/26, 12:05 PM",63,300,"As of 5/24/26, 12:05 PM",109,330
2026-05-24T17:34:00.744095Z,"As of 5/24/26, 12:30 PM",20,432,Data unavailable.,,89,"As of 5/24/26, 12:30 PM",63,300,"As of 5/24/26, 12:30 PM",110,330
2026-05-24T18:04:53.044648Z,"As of 5/24/26, 1:00 PM",20,432,Data unavailable.,,89,"As of 5/24/26, 1:00 PM",62,300,"As of 5/24/26, 1:00 PM",111,330
2026-05-24T18:36:46.401477Z,"As of 5/24/26, 1:35 PM",19,432,Data unavailable.,,89,"As of 5/24/26, 1:35 PM",61,300,"As of 5/24/26, 1:35 PM",110,330
2026-05-24T19:07:42.566553Z,"As of 5/24/26, 2:05 PM",18,432,Data unavailable.,,89,"As of 5/24/26, 2:05 PM",61,300,"As of 5/24/26, 2:05 PM",109,330
2026-05-24T19:42:11.355822Z,"As of 5/24/26, 2:40 PM",17,432,Data unavailable.,,89,"As of 5/24/26, 2:40 PM",63,300,"As of 5/24/26, 2:40 PM",108,330
2026-05-24T20:08:33.662404Z,"As of 5/24/26, 3:05 PM",17,432,Data unavailable.,,89,"As of 5/24/26, 3:05 PM",63,300,"As of 5/24/26, 3:05 PM",107,330
2026-05-24T20:32:50.165682Z,"As of 5/24/26, 3:30 PM",16,432,Data unavailable.,,89,"As of 5/24/26, 3:30 PM",65,300,"As of 5/24/26, 3:30 PM",107,330
2026-05-24T21:05:13.848256Z,"As of 5/24/26, 4:05 PM",15,432,Data unavailable.,,89,"As of 5/24/26, 4:05 PM",73,300,"As of 5/24/26, 4:05 PM",108,330
2026-05-24T21:33:10.188168Z,"As of 5/24/26, 4:30 PM",15,432,Data unavailable.,,89,"As of 5/24/26, 4:30 PM",73,300,"As of 5/24/26, 4:30 PM",108,330
2026-05-24T22:04:16.838805Z,"As of 5/24/26, 5:00 PM",14,432,Data unavailable.,,89,"As of 5/24/26, 5:00 PM",74,300,"As of 5/24/26, 5:00 PM",107,330
2026-05-24T22:34:09.812476Z,"As of 5/24/26, 5:30 PM",14,432,Data unavailable.,,89,"As of 5/24/26, 5:30 PM",74,300,"As of 5/24/26, 5:30 PM",103,330
2026-05-24T23:04:40.412805Z,"As of 5/24/26, 6:00 PM",13,432,Data unavailable.,,89,"As of 5/24/26, 6:00 PM",74,300,"As of 5/24/26, 6:00 PM",105,330
2026-05-24T23:34:57.325419Z,"As of 5/24/26, 6:30 PM",12,432,Data unavailable.,,89,"As of 5/24/26, 6:30 PM",73,300,"As of 5/24/26, 6:30 PM",103,330
2026-05-25T00:05:28.096198Z,"As of 5/24/26, 7:05 PM",12,432,Data unavailable.,,89,"As of 5/24/26, 7:05 PM",75,300,"As of 5/24/26, 7:05 PM",102,330
2026-05-25T01:19:51.457488Z,"As of 5/24/26, 8:15 PM",10,432,Data unavailable.,,89,"As of 5/24/26, 8:15 PM",75,300,"As of 5/24/26, 8:15 PM",101,330
2026-05-25T02:16:51.300306Z,"As of 5/24/26, 9:15 PM",9,432,Data unavailable.,,89,"As of 5/24/26, 9:15 PM",76,300,"As of 5/24/26, 9:15 PM",96,330
2026-05-25T03:44:19.208007Z,"As of 5/24/26, 10:40 PM",7,432,Data unavailable.,,89,"As of 5/24/26, 10:40 PM",76,300,"As of 5/24/26, 10:40 PM",95,330
2026-05-25T05:14:32.308592Z,"As of 5/25/26, 12:10 AM",5,432,Data unavailable.,,89,"As of 5/25/26, 12:10 AM",78,300,"As of 5/25/26, 12:10 AM",87,330
2026-05-25T06:48:41.689788Z,"As of 5/25/26, 1:45 AM",6,432,Data unavailable.,,89,"As of 5/25/26, 1:45 AM",81,300,"As of 5/25/26, 1:45 AM",53,330
2026-05-25T08:28:01.180074Z,"As of 5/25/26, 3:25 AM",7,432,Data unavailable.,,89,"As of 5/25/26, 3:25 AM",73,300,"As of 5/25/26, 3:25 AM",49,330
2026-05-25T09:49:57.775118Z,"As of 5/25/26, 4:45 AM",7,432,Data unavailable.,,89,"As of 5/25/26, 4:45 AM",72,300,"As of 5/25/26, 4:45 AM",46,330
2026-05-25T11:18:49.073861Z,"As of 5/25/26, 6:15 AM",8,432,Data unavailable.,,89,"As of 5/25/26, 6:15 AM",71,300,"As of 5/25/26, 6:15 AM",46,330
2026-05-25T12:40:59.512486Z,"As of 5/25/26, 7:40 AM",8,432,Data unavailable.,,89,"As of 5/25/26, 7:40 AM",68,300,"As of 5/25/26, 7:40 AM",49,330
2026-05-25T13:47:44.900143Z,"As of 5/25/26, 8:45 AM",9,432,Data unavailable.,,89,"As of 5/25/26, 8:45 AM",66,300,"As of 5/25/26, 8:45 AM",49,330
2026-05-25T14:58:30.580610Z,"As of 5/25/26, 9:55 AM",9,432,Data unavailable.,,89,"As of 5/25/26, 9:55 AM",63,300,"As of 5/25/26, 9:55 AM",56,330
2026-05-25T16:00:09.794541Z,"As of 5/25/26, 11:00 AM",9,432,Data unavailable.,,89,"As of 5/25/26, 11:00 AM",62,300,"As of 5/25/26, 11:00 AM",60,330
2026-05-25T16:51:45.243614Z,"As of 5/25/26, 11:50 AM",9,432,Data unavailable.,,89,"As of 5/25/26, 11:50 AM",63,300,"As of 5/25/26, 11:50 AM",64,330
2026-05-25T17:30:15.655953Z,"As of 5/25/26, 12:30 PM",10,432,Data unavailable.,,89,"As of 5/25/26, 12:30 PM",62,300,"As of 5/25/26, 12:30 PM",65,330
2026-05-25T18:07:23.366281Z,"As of 5/25/26, 1:05 PM",10,432,Data unavailable.,,89,"As of 5/25/26, 1:05 PM",62,300,"As of 5/25/26, 1:05 PM",66,330
2026-05-25T18:49:13.936416Z,"As of 5/25/26, 1:45 PM",10,432,Data unavailable.,,89,"As of 5/25/26, 1:45 PM",62,300,"As of 5/25/26, 1:45 PM",66,330
2026-05-25T19:29:26.658090Z,"As of 5/25/26, 2:25 PM",10,432,Data unavailable.,,89,"As of 5/25/26, 2:25 PM",63,300,"As of 5/25/26, 2:25 PM",66,330
2026-05-25T20:07:07.571348Z,"As of 5/25/26, 3:05 PM",10,432,Data unavailable.,,89,"As of 5/25/26, 3:05 PM",65,300,"As of 5/25/26, 3:05 PM",67,330
2026-05-25T20:43:54.971688Z,"As of 5/25/26, 3:40 PM",11,432,Data unavailable.,,89,"As of 5/25/26, 3:40 PM",64,300,"As of 5/25/26, 3:40 PM",66,330
2026-05-25T21:11:45.881677Z,"As of 5/25/26, 4:10 PM",11,432,Data unavailable.,,89,"As of 5/25/26, 4:10 PM",66,300,"As of 5/25/26, 4:10 PM",65,330
2026-05-25T21:40:01.496682Z,"As of 5/25/26, 4:35 PM",11,432,Data unavailable.,,89,"As of 5/25/26, 4:35 PM",67,300,"As of 5/25/26, 4:35 PM",65,330
2026-05-25T22:07:00.552265Z,"As of 5/25/26, 5:05 PM",11,432,Data unavailable.,,89,"As of 5/25/26, 5:05 PM",68,300,"As of 5/25/26, 5:05 PM",65,330
2026-05-25T22:35:34.077238Z,"As of 5/25/26, 5:35 PM",11,432,Data unavailable.,,89,"As of 5/25/26, 5:35 PM",69,300,"As of 5/25/26, 5:35 PM",64,330
2026-05-25T23:06:17.277144Z,"As of 5/25/26, 6:05 PM",12,432,Data unavailable.,,89,"As of 5/25/26, 6:05 PM",71,300,"As of 5/25/26, 6:05 PM",63,330
2026-05-25T23:37:19.719323Z,"As of 5/25/26, 6:35 PM",12,432,Data unavailable.,,89,"As of 5/25/26, 6:35 PM",73,300,"As of 5/25/26, 6:35 PM",63,330
2026-05-26T00:06:34.293283Z,"As of 5/25/26, 7:05 PM",12,432,Data unavailable.,,89,"As of 5/25/26, 7:05 PM",72,300,"As of 5/25/26, 7:05 PM",62,330
2026-05-26T01:14:56.530949Z,"As of 5/25/26, 8:10 PM",12,432,Data unavailable.,,89,"As of 5/25/26, 8:10 PM",74,300,"As of 5/25/26, 8:10 PM",62,330
2026-05-26T02:00:39.750336Z,"As of 5/25/26, 9:00 PM",12,432,Data unavailable.,,89,"As of 5/25/26, 9:00 PM",74,300,"As of 5/25/26, 9:00 PM",63,330
2026-05-26T03:24:00.385991Z,"As of 5/25/26, 10:20 PM",13,432,Data unavailable.,,89,"As of 5/25/26, 10:20 PM",75,300,"As of 5/25/26, 10:20 PM",64,330
2026-05-26T04:50:33.428628Z,"As of 5/25/26, 11:50 PM",13,432,Data unavailable.,,89,"As of 5/25/26, 11:50 PM",79,300,"As of 5/25/26, 11:50 PM",62,330
2026-05-26T06:20:05.220932Z,"As of 5/26/26, 1:20 AM",14,432,Data unavailable.,,89,"As of 5/26/26, 1:20 AM",80,300,"As of 5/26/26, 1:20 AM",55,330
2026-05-26T07:44:30.169423Z,"As of 5/26/26, 2:40 AM",14,432,Data unavailable.,,89,"As of 5/26/26, 2:40 AM",78,300,"As of 5/26/26, 2:40 AM",50,330
2026-05-26T08:52:49.569102Z,"As of 5/26/26, 3:50 AM",15,432,Data unavailable.,,89,"As of 5/26/26, 3:50 AM",82,300,"As of 5/26/26, 3:50 AM",48,330
2026-05-26T10:21:14.028037Z,"As of 5/26/26, 5:20 AM",15,432,Data unavailable.,,89,"As of 5/26/26, 5:20 AM",78,300,"As of 5/26/26, 5:20 AM",45,330
2026-05-26T13:42:04.969621Z,"As of 5/26/26, 8:40 AM",16,432,Data unavailable.,,89,"As of 5/26/26, 8:40 AM",67,300,"As of 5/26/26, 8:40 AM",60,330
2026-05-26T14:42:08.198531Z,"As of 5/26/26, 9:40 AM",16,432,Data unavailable.,,89,"As of 5/26/26, 9:40 AM",63,300,"As of 5/26/26, 9:40 AM",62,330
2026-05-26T16:05:16.976487Z,"As of 5/26/26, 11:05 AM",17,432,Data unavailable.,,89,"As of 5/26/26, 11:05 AM",67,300,"As of 5/26/26, 11:05 AM",64,330
2026-05-26T17:23:01.068892Z,"As of 5/26/26, 12:20 PM",18,432,Data unavailable.,,89,"As of 5/26/26, 12:20 PM",62,300,"As of 5/26/26, 12:20 PM",66,330
2026-05-26T18:16:28.315712Z,"As of 5/26/26, 1:15 PM",18,432,Data unavailable.,,89,"As of 5/26/26, 1:15 PM",65,300,"As of 5/26/26, 1:15 PM",66,330
2026-05-26T19:15:32.593828Z,"As of 5/26/26, 2:15 PM",18,432,Data unavailable.,,89,"As of 5/26/26, 2:15 PM",67,300,"As of 5/26/26, 2:15 PM",66,330
2026-05-26T20:13:40.927111Z,"As of 5/26/26, 3:10 PM",19,432,Data unavailable.,,89,"As of 5/26/26, 3:10 PM",67,300,"As of 5/26/26, 3:10 PM",65,330
2026-05-26T20:56:05.497314Z,"As of 5/26/26, 3:55 PM",19,432,Data unavailable.,,89,"As of 5/26/26, 3:55 PM",69,300,"As of 5/26/26, 3:55 PM",66,330
2026-05-26T21:32:04.811845Z,"As of 5/26/26, 4:30 PM",19,432,Data unavailable.,,89,"As of 5/26/26, 4:30 PM",70,300,"As of 5/26/26, 4:30 PM",65,330
2026-05-26T22:11:59.016471Z,"As of 5/26/26, 5:10 PM",19,432,Data unavailable.,,89,"As of 5/26/26, 5:10 PM",71,300,"As of 5/26/26, 5:10 PM",64,330
2026-05-26T22:42:47.956352Z,"As of 5/26/26, 5:40 PM",20,432,Data unavailable.,,89,"As of 5/26/26, 5:40 PM",75,300,"As of 5/26/26, 5:40 PM",63,330
2026-05-26T23:10:12.400757Z,"As of 5/26/26, 6:10 PM",20,432,Data unavailable.,,89,"As of 5/26/26, 6:10 PM",75,300,"As of 5/26/26, 6:10 PM",63,330
2026-05-26T23:37:37.358973Z,"As of 5/26/26, 6:35 PM",20,432,Data unavailable.,,89,"As of 5/26/26, 6:35 PM",79,300,"As of 5/26/26, 6:35 PM",64,330
2026-05-27T00:06:21.139583Z,"As of 5/26/26, 7:05 PM",20,432,Data unavailable.,,89,"As of 5/26/26, 7:05 PM",73,300,"As of 5/26/26, 7:05 PM",63,330
2026-05-27T01:19:00.668832Z,"As of 5/26/26, 8:15 PM",20,432,Data unavailable.,,89,"As of 5/26/26, 8:15 PM",76,300,"As of 5/26/26, 8:15 PM",64,330
2026-05-27T02:17:08.103584Z,"As of 5/26/26, 9:15 PM",21,432,Data unavailable.,,89,"As of 5/26/26, 9:15 PM",80,300,"As of 5/26/26, 9:15 PM",64,330
2026-05-27T03:44:10.807586Z,"As of 5/26/26, 10:40 PM",21,432,Data unavailable.,,89,"As of 5/26/26, 10:40 PM",77,300,"As of 5/26/26, 10:40 PM",65,330
2026-05-27T05:12:59.424946Z,"As of 5/27/26, 12:10 AM",22,432,Data unavailable.,,89,"As of 5/27/26, 12:10 AM",81,300,"As of 5/27/26, 12:10 AM",61,330
2026-05-27T06:42:51.015330Z,"As of 5/27/26, 1:40 AM",20,432,Data unavailable.,,89,"As of 5/27/26, 1:40 AM",78,300,"As of 5/27/26, 1:40 AM",107,330
2026-05-27T08:09:04.913434Z,"As of 5/27/26, 3:05 AM",17,432,Data unavailable.,,89,"As of 5/27/26, 3:05 AM",81,300,"As of 5/27/26, 3:05 AM",105,330
2026-05-27T09:26:44.444364Z,"As of 5/27/26, 4:25 AM",15,432,Data unavailable.,,89,"As of 5/27/26, 4:25 AM",76,300,"As of 5/27/26, 4:25 AM",98,330
2026-05-27T10:48:12.630137Z,"As of 5/27/26, 5:45 AM",12,432,Data unavailable.,,89,"As of 5/27/26, 5:45 AM",72,300,"As of 5/27/26, 5:45 AM",100,330
2026-05-27T12:03:54.327851Z,"As of 5/27/26, 7:00 AM",10,432,Data unavailable.,,89,"As of 5/27/26, 7:00 AM",70,300,"As of 5/27/26, 7:00 AM",100,330
2026-05-27T13:33:10.224373Z,"As of 5/27/26, 8:30 AM",7,432,Data unavailable.,,89,"As of 5/27/26, 8:30 AM",66,300,"As of 5/27/26, 8:30 AM",107,330
2026-05-27T14:43:59.779390Z,"As of 5/27/26, 9:40 AM",6,432,Data unavailable.,,89,"As of 5/27/26, 9:40 AM",66,300,"As of 5/27/26, 9:40 AM",63,330
2026-05-27T16:08:45.730348Z,"As of 5/27/26, 11:05 AM",7,432,Data unavailable.,,89,"As of 5/27/26, 11:05 AM",67,300,"As of 5/27/26, 11:05 AM",66,330
2026-05-27T17:21:18.484522Z,"As of 5/27/26, 12:20 PM",7,432,Data unavailable.,,89,"As of 5/27/26, 12:20 PM",70,300,"As of 5/27/26, 12:20 PM",66,330
2026-05-27T18:16:23.617805Z,"As of 5/27/26, 1:15 PM",8,432,Data unavailable.,,89,"As of 5/27/26, 1:15 PM",69,300,"As of 5/27/26, 1:15 PM",65,330
2026-05-27T19:15:39.801215Z,"As of 5/27/26, 2:15 PM",8,432,Data unavailable.,,89,"As of 5/27/26, 2:15 PM",69,300,"As of 5/27/26, 2:15 PM",63,330
2026-05-27T20:14:31.384990Z,"As of 5/27/26, 3:10 PM",8,432,Data unavailable.,,89,"As of 5/27/26, 3:10 PM",71,300,"As of 5/27/26, 3:10 PM",65,330
2026-05-27T20:58:29.334791Z,"As of 5/27/26, 3:55 PM",9,432,Data unavailable.,,89,"As of 5/27/26, 3:55 PM",72,300,"As of 5/27/26, 3:55 PM",64,330
2026-05-27T21:39:07.903128Z,"As of 5/27/26, 4:35 PM",9,432,Data unavailable.,,89,"As of 5/27/26, 4:35 PM",74,300,"As of 5/27/26, 4:35 PM",64,330
2026-05-27T22:19:19.930663Z,"As of 5/27/26, 5:15 PM",9,432,Data unavailable.,,89,"As of 5/27/26, 5:15 PM",72,300,"As of 5/27/26, 5:15 PM",65,330
2026-05-27T22:57:55.351821Z,"As of 5/27/26, 5:55 PM",9,432,Data unavailable.,,89,"As of 5/27/26, 5:55 PM",71,300,"As of 5/27/26, 5:55 PM",63,330
2026-05-27T23:31:34.909271Z,"As of 5/27/26, 6:30 PM",10,432,Data unavailable.,,89,"As of 5/27/26, 6:30 PM",72,300,"As of 5/27/26, 6:30 PM",63,330
2026-05-28T00:05:19.702935Z,"As of 5/27/26, 7:05 PM",10,432,Data unavailable.,,89,"As of 5/27/26, 7:05 PM",74,300,"As of 5/27/26, 7:05 PM",64,330
2026-05-28T01:10:33.188257Z,"As of 5/27/26, 8:10 PM",10,432,Data unavailable.,,89,"As of 5/27/26, 8:10 PM",71,300,"As of 5/27/26, 8:10 PM",64,330
2026-05-28T01:53:57.557707Z,"As of 5/27/26, 8:50 PM",10,432,Data unavailable.,,89,"As of 5/27/26, 8:50 PM",74,300,"As of 5/27/26, 8:50 PM",64,330
2026-05-28T03:00:25.206419Z,"As of 5/27/26, 10:00 PM",11,432,Data unavailable.,,89,"As of 5/27/26, 10:00 PM",78,300,"As of 5/27/26, 10:00 PM",65,330
2026-05-28T04:34:40.417903Z,"As of 5/27/26, 11:30 PM",11,432,Data unavailable.,,89,"As of 5/27/26, 11:30 PM",74,300,"As of 5/27/26, 11:30 PM",63,330
2026-05-28T06:07:53.216294Z,"As of 5/28/26, 1:05 AM",12,432,Data unavailable.,,89,"As of 5/28/26, 1:05 AM",76,300,"As of 5/28/26, 1:05 AM",57,330
2026-05-28T07:40:15.970101Z,"As of 5/28/26, 2:40 AM",12,432,Data unavailable.,,89,"As of 5/28/26, 2:40 AM",77,300,"As of 5/28/26, 2:40 AM",52,330
2026-05-28T08:55:23.497046Z,"As of 5/28/26, 3:55 AM",13,432,Data unavailable.,,89,"As of 5/28/26, 3:55 AM",75,300,"As of 5/28/26, 3:55 AM",50,330
2026-05-28T10:23:59.768935Z,"As of 5/28/26, 5:20 AM",13,432,Data unavailable.,,89,"As of 5/28/26, 5:20 AM",72,300,"As of 5/28/26, 5:20 AM",49,330
2026-05-28T11:43:32.428373Z,"As of 5/28/26, 6:40 AM",14,432,Data unavailable.,,89,"As of 5/28/26, 6:40 AM",72,300,"As of 5/28/26, 6:40 AM",50,330
2026-05-28T12:52:07.649929Z,"As of 5/28/26, 7:50 AM",14,432,Data unavailable.,,89,"As of 5/28/26, 7:50 AM",69,300,"As of 5/28/26, 7:50 AM",55,330
2026-05-28T14:12:39.313818Z,"As of 5/28/26, 9:10 AM",15,432,Data unavailable.,,89,"As of 5/28/26, 9:10 AM",65,300,"As of 5/28/26, 9:10 AM",61,330
2026-05-28T15:27:26.705181Z,"As of 5/28/26, 10:25 AM",15,432,Data unavailable.,,89,"As of 5/28/26, 10:25 AM",63,300,"As of 5/28/26, 10:25 AM",64,330
2026-05-28T16:48:30.438236Z,"As of 5/28/26, 11:45 AM",15,432,Data unavailable.,,89,"As of 5/28/26, 11:45 AM",64,300,"As of 5/28/26, 11:45 AM",64,330
2026-05-28T18:00:44.910589Z,"As of 5/28/26, 1:00 PM",16,432,Data unavailable.,,89,"As of 5/28/26, 1:00 PM",65,300,"As of 5/28/26, 1:00 PM",64,330
2026-05-28T19:07:56.473697Z,"As of 5/28/26, 2:05 PM",16,432,Data unavailable.,,89,"As of 5/28/26, 2:05 PM",67,300,"As of 5/28/26, 2:05 PM",64,330
2026-05-28T19:57:03.060691Z,"As of 5/28/26, 2:55 PM",16,432,Data unavailable.,,89,"As of 5/28/26, 2:55 PM",69,300,"As of 5/28/26, 2:55 PM",64,330
2026-05-28T20:49:24.998480Z,"As of 5/28/26, 3:45 PM",16,432,Data unavailable.,,89,"As of 5/28/26, 3:45 PM",70,300,"As of 5/28/26, 3:45 PM",63,330
2026-05-28T21:35:43.870683Z,"As of 5/28/26, 4:35 PM",17,432,Data unavailable.,,89,"As of 5/28/26, 4:35 PM",70,300,"As of 5/28/26, 4:35 PM",62,330
2026-05-28T22:18:42.605296Z,"As of 5/28/26, 5:15 PM",17,432,Data unavailable.,,89,"As of 5/28/26, 5:15 PM",70,300,"As of 5/28/26, 5:15 PM",62,330
2026-05-28T22:55:48.541919Z,"As of 5/28/26, 5:55 PM",17,432,Data unavailable.,,89,"As of 5/28/26, 5:55 PM",70,300,"As of 5/28/26, 5:55 PM",61,330
2026-05-28T23:27:40.215169Z,"As of 5/28/26, 6:25 PM",17,432,Data unavailable.,,89,"As of 5/28/26, 6:25 PM",70,300,"As of 5/28/26, 6:25 PM",62,330
2026-05-28T23:54:10.789855Z,"As of 5/28/26, 6:50 PM",18,432,Data unavailable.,,89,"As of 5/28/26, 6:50 PM",71,300,"As of 5/28/26, 6:50 PM",62,330
2026-05-29T00:24:11.536596Z,"As of 5/28/26, 7:20 PM",18,432,Data unavailable.,,89,"As of 5/28/26, 7:20 PM",73,300,"As of 5/28/26, 7:20 PM",60,330
2026-05-29T01:24:55.474106Z,"As of 5/28/26, 8:20 PM",18,432,Data unavailable.,,89,"As of 5/28/26, 8:20 PM",73,300,"As of 5/28/26, 8:20 PM",62,330
2026-05-29T02:16:30.519545Z,"As of 5/28/26, 9:15 PM",18,432,Data unavailable.,,89,"As of 5/28/26, 9:15 PM",74,300,"As of 5/28/26, 9:15 PM",63,330
2026-05-29T03:43:50.180994Z,"As of 5/28/26, 10:40 PM",19,432,Data unavailable.,,89,"As of 5/28/26, 10:40 PM",78,300,"As of 5/28/26, 10:40 PM",62,330
2026-05-29T05:12:24.211538Z,"As of 5/29/26, 12:10 AM",20,432,Data unavailable.,,89,"As of 5/29/26, 12:10 AM",74,300,"As of 5/29/26, 12:10 AM",60,330
2026-05-29T06:38:44.251557Z,"As of 5/29/26, 1:35 AM",19,432,Data unavailable.,,89,"As of 5/29/26, 1:35 AM",75,300,"As of 5/29/26, 1:35 AM",106,330
2026-05-29T08:04:35.008689Z,"As of 5/29/26, 3:00 AM",16,432,Data unavailable.,,89,"As of 5/29/26, 3:00 AM",80,300,"As of 5/29/26, 3:00 AM",103,330
2026-05-29T09:27:37.140593Z,"As of 5/29/26, 4:25 AM",13,432,Data unavailable.,,89,"As of 5/29/26, 4:25 AM",75,300,"As of 5/29/26, 4:25 AM",103,330
2026-05-29T10:47:14.077637Z,"As of 5/29/26, 5:45 AM",10,432,Data unavailable.,,89,"As of 5/29/26, 5:45 AM",71,300,"As of 5/29/26, 5:45 AM",100,330
2026-05-29T12:02:07.286404Z,"As of 5/29/26, 7:00 AM",7,432,Data unavailable.,,89,"As of 5/29/26, 7:00 AM",68,300,"As of 5/29/26, 7:00 AM",104,330
2026-05-29T13:27:42.435628Z,"As of 5/29/26, 8:25 AM",6,432,Data unavailable.,,89,"As of 5/29/26, 8:25 AM",67,300,"As of 5/29/26, 8:25 AM",55,330
2026-05-29T14:25:55.332617Z,"As of 5/29/26, 9:25 AM",6,432,Data unavailable.,,89,"As of 5/29/26, 9:25 AM",64,300,"As of 5/29/26, 9:25 AM",60,330
2026-05-29T15:44:44.363940Z,"As of 5/29/26, 10:40 AM",7,432,Data unavailable.,,89,"As of 5/29/26, 10:40 AM",63,300,"As of 5/29/26, 10:40 AM",60,330
2026-05-29T16:57:24.224107Z,"As of 5/29/26, 11:55 AM",7,432,Data unavailable.,,89,"As of 5/29/26, 11:55 AM",63,300,"As of 5/29/26, 11:55 AM",63,330
2026-05-29T18:04:54.739086Z,"As of 5/29/26, 1:00 PM",8,432,Data unavailable.,,89,"As of 5/29/26, 1:00 PM",66,300,"As of 5/29/26, 1:00 PM",64,330
2026-05-29T19:07:16.689893Z,"As of 5/29/26, 2:05 PM",8,432,Data unavailable.,,89,"As of 5/29/26, 2:05 PM",65,300,"As of 5/29/26, 2:05 PM",64,330
2026-05-29T19:57:43.612115Z,"As of 5/29/26, 2:55 PM",8,432,Data unavailable.,,89,"As of 5/29/26, 2:55 PM",67,300,"As of 5/29/26, 2:55 PM",63,330
2026-05-29T20:51:44.107760Z,"As of 5/29/26, 3:50 PM",8,432,Data unavailable.,,89,"As of 5/29/26, 3:50 PM",68,300,"As of 5/29/26, 3:50 PM",61,330
2026-05-29T21:32:13.137582Z,"As of 5/29/26, 4:30 PM",9,432,Data unavailable.,,89,"As of 5/29/26, 4:30 PM",68,300,"As of 5/29/26, 4:30 PM",61,330
2026-05-29T22:16:23.482010Z,"As of 5/29/26, 5:15 PM",9,432,Data unavailable.,,89,"As of 5/29/26, 5:15 PM",71,300,"As of 5/29/26, 5:15 PM",61,330
2026-05-29T22:54:43.049366Z,"As of 5/29/26, 5:50 PM",9,432,Data unavailable.,,89,"As of 5/29/26, 5:50 PM",73,300,"As of 5/29/26, 5:50 PM",61,330
2026-05-29T23:26:21.504987Z,"As of 5/29/26, 6:25 PM",9,432,Data unavailable.,,89,"As of 5/29/26, 6:25 PM",73,300,"As of 5/29/26, 6:25 PM",61,330
2026-05-29T23:53:37.720867Z,"As of 5/29/26, 6:50 PM",9,432,Data unavailable.,,89,"As of 5/29/26, 6:50 PM",73,300,"As of 5/29/26, 6:50 PM",61,330
2026-05-30T00:22:19.222199Z,"As of 5/29/26, 7:20 PM",10,432,Data unavailable.,,89,"As of 5/29/26, 7:20 PM",71,300,"As of 5/29/26, 7:20 PM",59,330
2026-05-30T01:19:43.904564Z,"As of 5/29/26, 8:15 PM",10,432,Data unavailable.,,89,"As of 5/29/26, 8:15 PM",77,300,"As of 5/29/26, 8:15 PM",61,330
2026-05-30T02:16:28.449702Z,"As of 5/29/26, 9:15 PM",10,432,Data unavailable.,,89,"As of 5/29/26, 9:15 PM",74,300,"As of 5/29/26, 9:15 PM",61,330
2026-05-30T03:43:27.434826Z,"As of 5/29/26, 10:40 PM",10,432,Data unavailable.,,89,"As of 5/29/26, 10:40 PM",71,300,"As of 5/29/26, 10:40 PM",62,330
2026-05-30T05:01:22.183500Z,"As of 5/30/26, 12:00 AM",11,432,Data unavailable.,,89,"As of 5/30/26, 12:00 AM",77,300,"As of 5/30/26, 12:00 AM",58,330
2026-05-30T06:21:54.155322Z,"As of 5/30/26, 1:20 AM",11,432,Data unavailable.,,89,"As of 5/30/26, 1:20 AM",72,300,"As of 5/30/26, 1:20 AM",53,330
2026-05-30T07:27:04.106354Z,"As of 5/30/26, 2:25 AM",12,432,Data unavailable.,,89,"As of 5/30/26, 2:25 AM",71,300,"As of 5/30/26, 2:25 AM",51,330
2026-05-30T08:18:20.019470Z,"As of 5/30/26, 3:15 AM",12,432,Data unavailable.,,89,"As of 5/30/26, 3:15 AM",73,300,"As of 5/30/26, 3:15 AM",50,330
2026-05-30T09:14:22.897941Z,"As of 5/30/26, 4:10 AM",12,432,Data unavailable.,,89,"As of 5/30/26, 4:10 AM",71,300,"As of 5/30/26, 4:10 AM",47,330
2026-05-30T09:58:01.110796Z,"As of 5/30/26, 4:55 AM",12,432,Data unavailable.,,89,"As of 5/30/26, 4:55 AM",70,300,"As of 5/30/26, 4:55 AM",46,330
2026-05-30T10:38:15.130233Z,"As of 5/30/26, 5:35 AM",13,432,Data unavailable.,,89,"As of 5/30/26, 5:35 AM",70,300,"As of 5/30/26, 5:35 AM",45,330
2026-05-30T11:08:56.258922Z,"As of 5/30/26, 6:05 AM",13,432,Data unavailable.,,89,"As of 5/30/26, 6:05 AM",68,300,"As of 5/30/26, 6:05 AM",44,330
2026-05-30T11:44:16.785737Z,"As of 5/30/26, 6:40 AM",13,432,Data unavailable.,,89,"As of 5/30/26, 6:40 AM",69,300,"As of 5/30/26, 6:40 AM",46,330
2026-05-30T12:10:19.858844Z,"As of 5/30/26, 7:10 AM",13,432,Data unavailable.,,89,"As of 5/30/26, 7:10 AM",64,300,"As of 5/30/26, 7:10 AM",46,330
2026-05-30T12:41:20.754057Z,"As of 5/30/26, 7:40 AM",13,432,Data unavailable.,,89,"As of 5/30/26, 7:40 AM",67,300,"As of 5/30/26, 7:40 AM",47,330
2026-05-30T13:09:18.427472Z,"As of 5/30/26, 8:05 AM",13,432,Data unavailable.,,89,"As of 5/30/26, 8:05 AM",65,300,"As of 5/30/26, 8:05 AM",48,330
2026-05-30T13:50:33.259301Z,"As of 5/30/26, 8:50 AM",14,432,Data unavailable.,,89,"As of 5/30/26, 8:50 AM",63,300,"As of 5/30/26, 8:50 AM",52,330
2026-05-30T14:29:12.622023Z,"As of 5/30/26, 9:25 AM",14,432,Data unavailable.,,89,"As of 5/30/26, 9:25 AM",59,300,"As of 5/30/26, 9:25 AM",51,330
2026-05-30T14:56:01.648754Z,"As of 5/30/26, 9:55 AM",14,432,Data unavailable.,,89,"As of 5/30/26, 9:55 AM",61,300,"As of 5/30/26, 9:55 AM",54,330
2026-05-30T15:25:26.772900Z,"As of 5/30/26, 10:25 AM",14,432,Data unavailable.,,89,"As of 5/30/26, 10:25 AM",60,300,"As of 5/30/26, 10:25 AM",55,330
2026-05-30T15:51:31.562032Z,"As of 5/30/26, 10:50 AM",14,432,Data unavailable.,,89,"As of 5/30/26, 10:50 AM",60,300,"As of 5/30/26, 10:50 AM",59,330
2026-05-30T16:19:04.966648Z,"As of 5/30/26, 11:15 AM",14,432,Data unavailable.,,89,"As of 5/30/26, 11:15 AM",59,300,"As of 5/30/26, 11:15 AM",59,330
2026-05-30T16:47:03.750486Z,"As of 5/30/26, 11:45 AM",14,432,Data unavailable.,,89,"As of 5/30/26, 11:45 AM",58,300,"As of 5/30/26, 11:45 AM",61,330
2026-05-30T17:21:33.704411Z,"As of 5/30/26, 12:20 PM",15,432,Data unavailable.,,89,"As of 5/30/26, 12:20 PM",58,300,"As of 5/30/26, 12:20 PM",62,330
2026-05-30T17:48:42.486875Z,"As of 5/30/26, 12:45 PM",15,432,Data unavailable.,,89,"As of 5/30/26, 12:45 PM",58,300,"As of 5/30/26, 12:45 PM",62,330
2026-05-30T18:18:16.008154Z,"As of 5/30/26, 1:15 PM",15,432,Data unavailable.,,89,"As of 5/30/26, 1:15 PM",60,300,"As of 5/30/26, 1:15 PM",63,330
2026-05-30T18:49:23.674291Z,"As of 5/30/26, 1:45 PM",15,432,Data unavailable.,,89,"As of 5/30/26, 1:45 PM",61,300,"As of 5/30/26, 1:45 PM",62,330
2026-05-30T19:28:13.348097Z,"As of 5/30/26, 2:25 PM",15,432,Data unavailable.,,89,"As of 5/30/26, 2:25 PM",60,300,"As of 5/30/26, 2:25 PM",62,330
2026-05-30T19:55:21.729053Z,"As of 5/30/26, 2:55 PM",15,432,Data unavailable.,,89,"As of 5/30/26, 2:55 PM",64,300,"As of 5/30/26, 2:55 PM",63,330
2026-05-30T20:19:27.685491Z,"As of 5/30/26, 3:15 PM",15,432,Data unavailable.,,89,"As of 5/30/26, 3:15 PM",62,300,"As of 5/30/26, 3:15 PM",63,330
2026-05-30T20:45:31.494827Z,"As of 5/30/26, 3:45 PM",16,432,Data unavailable.,,89,"As of 5/30/26, 3:45 PM",64,300,"As of 5/30/26, 3:45 PM",63,330
2026-05-30T21:18:22.428029Z,"As of 5/30/26, 4:15 PM",16,432,Data unavailable.,,89,"As of 5/30/26, 4:15 PM",66,300,"As of 5/30/26, 4:15 PM",62,330
2026-05-30T21:46:18.959922Z,"As of 5/30/26, 4:45 PM",16,432,Data unavailable.,,89,"As of 5/30/26, 4:45 PM",66,300,"As of 5/30/26, 4:45 PM",61,330
2026-05-30T22:17:49.183678Z,"As of 5/30/26, 5:15 PM",16,432,Data unavailable.,,89,"As of 5/30/26, 5:15 PM",69,300,"As of 5/30/26, 5:15 PM",61,330
2026-05-30T22:45:48.834414Z,"As of 5/30/26, 5:45 PM",16,432,Data unavailable.,,89,"As of 5/30/26, 5:45 PM",66,300,"As of 5/30/26, 5:45 PM",62,330
2026-05-30T23:19:03.257055Z,"As of 5/30/26, 6:15 PM",16,432,Data unavailable.,,89,"As of 5/30/26, 6:15 PM",69,300,"As of 5/30/26, 6:15 PM",62,330
2026-05-30T23:46:36.695920Z,"As of 5/30/26, 6:45 PM",17,432,Data unavailable.,,89,"As of 5/30/26, 6:45 PM",70,300,"As of 5/30/26, 6:45 PM",60,330
2026-05-31T00:22:13.989630Z,"As of 5/30/26, 7:20 PM",17,432,Data unavailable.,,89,"As of 5/30/26, 7:20 PM",76,300,"As of 5/30/26, 7:20 PM",61,330
2026-05-31T01:28:21.474562Z,"As of 5/30/26, 8:25 PM",17,432,Data unavailable.,,89,"As of 5/30/26, 8:25 PM",72,300,"As of 5/30/26, 8:25 PM",61,330
2026-05-31T02:24:18.678110Z,"As of 5/30/26, 9:20 PM",18,432,Data unavailable.,,89,"As of 5/30/26, 9:20 PM",73,300,"As of 5/30/26, 9:20 PM",57,330
2026-05-31T03:44:31.780922Z,"As of 5/30/26, 10:40 PM",18,432,Data unavailable.,,89,"As of 5/30/26, 10:40 PM",73,300,"As of 5/30/26, 10:40 PM",58,330
2026-05-31T05:14:09.668720Z,"As of 5/31/26, 12:10 AM",19,432,Data unavailable.,,89,"As of 5/31/26, 12:10 AM",72,300,"As of 5/31/26, 12:10 AM",56,330
2026-05-31T06:41:08.869244Z,"As of 5/31/26, 1:40 AM",19,432,Data unavailable.,,89,"As of 5/31/26, 1:40 AM",72,300,"As of 5/31/26, 1:40 AM",53,330
2026-05-31T07:55:10.351696Z,"As of 5/31/26, 2:55 AM",20,432,Data unavailable.,,89,"As of 5/31/26, 2:55 AM",69,300,"As of 5/31/26, 2:55 AM",51,330
2026-05-31T08:58:03.925113Z,"As of 5/31/26, 3:55 AM",20,432,Data unavailable.,,89,"As of 5/31/26, 3:55 AM",70,300,"As of 5/31/26, 3:55 AM",47,330
2026-05-31T09:55:38.371806Z,"As of 5/31/26, 4:55 AM",20,432,Data unavailable.,,89,"As of 5/31/26, 4:55 AM",68,300,"As of 5/31/26, 4:55 AM",46,330
2026-05-31T10:37:03.068790Z,"As of 5/31/26, 5:35 AM",21,432,Data unavailable.,,89,"As of 5/31/26, 5:35 AM",67,300,"As of 5/31/26, 5:35 AM",45,330
2026-05-31T11:18:14.430130Z,"As of 5/31/26, 6:15 AM",21,432,Data unavailable.,,89,"As of 5/31/26, 6:15 AM",66,300,"As of 5/31/26, 6:15 AM",44,330
2026-05-31T11:58:20.805936Z,"As of 5/31/26, 6:55 AM",21,432,Data unavailable.,,89,"As of 5/31/26, 6:55 AM",66,300,"As of 5/31/26, 6:55 AM",44,330
2026-05-31T12:38:53.184882Z,"As of 5/31/26, 7:35 AM",21,432,Data unavailable.,,89,"As of 5/31/26, 7:35 AM",65,300,"As of 5/31/26, 7:35 AM",47,330
2026-05-31T13:09:00.960621Z,"As of 5/31/26, 8:05 AM",21,432,Data unavailable.,,89,"As of 5/31/26, 8:05 AM",62,300,"As of 5/31/26, 8:05 AM",80,330
2026-05-31T13:50:55.524869Z,"As of 5/31/26, 8:50 AM",20,432,Data unavailable.,,89,"As of 5/31/26, 8:50 AM",62,300,"As of 5/31/26, 8:50 AM",87,330
2026-05-31T14:29:34.219715Z,"As of 5/31/26, 9:25 AM",20,432,Data unavailable.,,89,"As of 5/31/26, 9:25 AM",60,300,"As of 5/31/26, 9:25 AM",91,330
2026-05-31T15:03:26.627711Z,"As of 5/31/26, 10:00 AM",19,432,Data unavailable.,,89,"As of 5/31/26, 10:00 AM",59,300,"As of 5/31/26, 10:00 AM",95,330
2026-05-31T15:41:51.755555Z,"As of 5/31/26, 10:40 AM",18,432,Data unavailable.,,89,"As of 5/31/26, 10:40 AM",59,300,"As of 5/31/26, 10:40 AM",96,330
2026-05-31T16:08:46.320678Z,"As of 5/31/26, 11:05 AM",17,432,Data unavailable.,,89,"As of 5/31/26, 11:05 AM",53,300,"As of 5/31/26, 11:05 AM",98,330
2026-05-31T16:39:03.325417Z,"As of 5/31/26, 11:35 AM",16,432,Data unavailable.,,89,"As of 5/31/26, 11:35 AM",58,300,"As of 5/31/26, 11:35 AM",101,330
2026-05-31T17:06:25.892623Z,"As of 5/31/26, 12:05 PM",16,432,Data unavailable.,,89,"As of 5/31/26, 12:05 PM",59,300,"As of 5/31/26, 12:05 PM",101,330
2026-05-31T17:36:59.970581Z,"As of 5/31/26, 12:35 PM",15,432,Data unavailable.,,89,"As of 5/31/26, 12:35 PM",61,300,"As of 5/31/26, 12:35 PM",104,330
2026-05-31T18:05:55.275674Z,"As of 5/31/26, 1:05 PM",14,432,Data unavailable.,,89,"As of 5/31/26, 1:05 PM",60,300,"As of 5/31/26, 1:05 PM",106,330
2026-05-31T18:39:04.292551Z,"As of 5/31/26, 1:35 PM",14,432,Data unavailable.,,89,"As of 5/31/26, 1:35 PM",61,300,"As of 5/31/26, 1:35 PM",104,330
2026-05-31T19:11:13.678679Z,"As of 5/31/26, 2:10 PM",13,432,Data unavailable.,,89,"As of 5/31/26, 2:10 PM",66,300,"As of 5/31/26, 2:10 PM",105,330
2026-05-31T19:42:53.012478Z,"As of 5/31/26, 2:40 PM",12,432,Data unavailable.,,89,"As of 5/31/26, 2:40 PM",64,300,"As of 5/31/26, 2:40 PM",105,330
2026-05-31T20:09:58.903377Z,"As of 5/31/26, 3:05 PM",12,432,Data unavailable.,,89,"As of 5/31/26, 3:05 PM",65,300,"As of 5/31/26, 3:05 PM",104,330
2026-05-31T20:36:54.072564Z,"As of 5/31/26, 3:35 PM",11,432,Data unavailable.,,89,"As of 5/31/26, 3:35 PM",64,300,"As of 5/31/26, 3:35 PM",103,330
2026-05-31T21:05:40.981564Z,"As of 5/31/26, 4:05 PM",10,432,Data unavailable.,,89,"As of 5/31/26, 4:05 PM",67,300,"As of 5/31/26, 4:05 PM",103,330
2026-05-31T21:34:55.854116Z,"As of 5/31/26, 4:30 PM",10,432,Data unavailable.,,89,"As of 5/31/26, 4:30 PM",67,300,"As of 5/31/26, 4:30 PM",103,330
2026-05-31T22:05:15.615998Z,"As of 5/31/26, 5:05 PM",9,432,Data unavailable.,,89,"As of 5/31/26, 5:05 PM",67,300,"As of 5/31/26, 5:05 PM",103,330
2026-05-31T22:34:53.692598Z,"As of 5/31/26, 5:30 PM",8,432,Data unavailable.,,89,"As of 5/31/26, 5:30 PM",68,300,"As of 5/31/26, 5:30 PM",103,330
2026-05-31T23:05:40.839690Z,"As of 5/31/26, 6:05 PM",7,432,Data unavailable.,,89,"As of 5/31/26, 6:05 PM",68,300,"As of 5/31/26, 6:05 PM",103,330
2026-05-31T23:37:10.954040Z,"As of 5/31/26, 6:35 PM",6,432,Data unavailable.,,89,"As of 5/31/26, 6:35 PM",70,300,"As of 5/31/26, 6:35 PM",97,330
2026-06-01T00:06:05.792267Z,"As of 5/31/26, 7:05 PM",5,432,Data unavailable.,,89,"As of 5/31/26, 7:05 PM",69,300,"As of 5/31/26, 7:05 PM",97,330
2026-06-01T01:26:32.499927Z,"As of 5/31/26, 8:25 PM",6,432,Data unavailable.,,89,"As of 5/31/26, 8:25 PM",72,300,"As of 5/31/26, 8:25 PM",62,330
2026-06-01T02:19:38.145659Z,"As of 5/31/26, 9:15 PM",6,432,Data unavailable.,,89,"As of 5/31/26, 9:15 PM",74,300,"As of 5/31/26, 9:15 PM",62,330
2026-06-01T03:44:35.375484Z,"As of 5/31/26, 10:40 PM",7,432,Data unavailable.,,89,"As of 5/31/26, 10:40 PM",73,300,"As of 5/31/26, 10:40 PM",61,330
2026-06-01T05:26:41.743749Z,"As of 6/1/26, 12:25 AM",7,432,Data unavailable.,,89,"As of 6/1/26, 12:25 AM",76,300,"As of 6/1/26, 12:25 AM",56,330
2026-06-01T07:14:24.001499Z,"As of 6/1/26, 2:10 AM",8,432,Data unavailable.,,89,"As of 6/1/26, 2:10 AM",75,300,"As of 6/1/26, 2:10 AM",49,330
2026-06-01T09:04:46.877968Z,"As of 6/1/26, 4:00 AM",8,432,Data unavailable.,,89,"As of 6/1/26, 4:00 AM",74,300,"As of 6/1/26, 4:00 AM",47,330
2026-06-01T10:58:56.113402Z,"As of 6/1/26, 5:55 AM",9,432,Data unavailable.,,89,"As of 6/1/26, 5:55 AM",71,300,"As of 6/1/26, 5:55 AM",44,330
2026-06-01T12:58:46.961960Z,"As of 6/1/26, 7:55 AM",10,432,Data unavailable.,,89,"As of 6/1/26, 7:55 AM",63,300,"As of 6/1/26, 7:55 AM",52,330
2026-06-01T15:12:24.390204Z,"As of 6/1/26, 10:10 AM",10,432,Data unavailable.,,89,"As of 6/1/26, 10:10 AM",62,300,"As of 6/1/26, 10:10 AM",59,330
2026-06-01T17:03:57.006875Z,"As of 6/1/26, 12:00 PM",11,432,Data unavailable.,,89,"As of 6/1/26, 12:00 PM",62,300,"As of 6/1/26, 12:00 PM",62,330
2026-06-01T19:06:47.883984Z,"As of 6/1/26, 2:05 PM",11,432,Data unavailable.,,89,"As of 6/1/26, 2:05 PM",64,300,"As of 6/1/26, 2:05 PM",58,330
2026-06-01T20:39:26.752037Z,"As of 6/1/26, 3:35 PM",12,432,Data unavailable.,,89,"As of 6/1/26, 3:35 PM",65,300,"As of 6/1/26, 3:35 PM",57,330
2026-06-01T21:50:27.448177Z,"As of 6/1/26, 4:50 PM",13,432,Data unavailable.,,89,"As of 6/1/26, 4:50 PM",66,300,"As of 6/1/26, 4:50 PM",58,330
2026-06-01T22:42:18.660157Z,"As of 6/1/26, 5:40 PM",13,432,Data unavailable.,,89,"As of 6/1/26, 5:40 PM",68,300,"As of 6/1/26, 5:40 PM",60,330
2026-06-01T23:16:44.412714Z,"As of 6/1/26, 6:15 PM",13,432,Data unavailable.,,89,"As of 6/1/26, 6:15 PM",69,300,"As of 6/1/26, 6:15 PM",60,330
2026-06-01T23:54:22.998984Z,"As of 6/1/26, 6:50 PM",14,432,Data unavailable.,,89,"As of 6/1/26, 6:50 PM",68,300,"As of 6/1/26, 6:50 PM",60,330
2026-06-02T00:27:25.760435Z,"As of 6/1/26, 7:25 PM",14,432,Data unavailable.,,89,"As of 6/1/26, 7:25 PM",68,300,"As of 6/1/26, 7:25 PM",59,330
2026-06-02T01:32:01.700274Z,"As of 6/1/26, 8:30 PM",14,432,Data unavailable.,,89,"As of 6/1/26, 8:30 PM",77,300,"As of 6/1/26, 8:30 PM",59,330
2026-06-02T02:38:31.575540Z,"As of 6/1/26, 9:35 PM",15,432,Data unavailable.,,89,"As of 6/1/26, 9:35 PM",72,300,"As of 6/1/26, 9:35 PM",61,330
2026-06-02T04:06:32.990111Z,"As of 6/1/26, 11:05 PM",15,432,Data unavailable.,,89,"As of 6/1/26, 11:05 PM",72,300,"As of 6/1/26, 11:05 PM",57,330
2026-06-02T05:51:10.207947Z,"As of 6/2/26, 12:50 AM",15,432,Data unavailable.,,89,"As of 6/2/26, 12:50 AM",72,300,"As of 6/2/26, 12:50 AM",104,330
2026-06-02T07:29:31.884539Z,"As of 6/2/26, 2:25 AM",12,432,Data unavailable.,,89,"As of 6/2/26, 2:25 AM",73,300,"As of 6/2/26, 2:25 AM",97,330
2026-06-02T08:58:09.062869Z,"As of 6/2/26, 3:55 AM",10,432,Data unavailable.,,89,"As of 6/2/26, 3:55 AM",72,300,"As of 6/2/26, 3:55 AM",96,330
2026-06-02T10:37:45.784858Z,"As of 6/2/26, 5:35 AM",6,432,Data unavailable.,,89,"As of 6/2/26, 5:35 AM",70,300,"As of 6/2/26, 5:35 AM",97,330
2026-06-02T12:06:41.906244Z,"As of 6/2/26, 7:05 AM",6,432,Data unavailable.,,89,"As of 6/2/26, 7:05 AM",67,300,"As of 6/2/26, 7:05 AM",48,330
2026-06-02T13:38:34.276865Z,"As of 6/2/26, 8:35 AM",7,432,Data unavailable.,,89,"As of 6/2/26, 8:35 AM",65,300,"As of 6/2/26, 8:35 AM",54,330
2026-06-02T15:03:54.178142Z,"As of 6/2/26, 10:00 AM",7,432,Data unavailable.,,89,"As of 6/2/26, 10:00 AM",62,300,"As of 6/2/26, 10:00 AM",44,330
2026-06-02T16:50:12.410915Z,"As of 6/2/26, 11:50 AM",9,432,Data unavailable.,,89,"As of 6/2/26, 11:50 AM",60,300,"As of 6/2/26, 11:50 AM",44,330
2026-06-02T18:15:16.603209Z,"As of 6/2/26, 1:15 PM",10,432,Data unavailable.,,89,"As of 6/2/26, 1:15 PM",62,300,"As of 6/2/26, 1:15 PM",55,330
2026-06-02T19:32:19.565250Z,"As of 6/2/26, 2:30 PM",11,432,Data unavailable.,,89,"As of 6/2/26, 2:30 PM",63,300,"As of 6/2/26, 2:30 PM",88,330
2026-06-02T20:38:10.300442Z,"As of 6/2/26, 3:35 PM",12,432,Data unavailable.,,89,"As of 6/2/26, 3:35 PM",65,300,"As of 6/2/26, 3:35 PM",69,330
2026-06-02T21:38:36.726123Z,"As of 6/2/26, 4:35 PM",12,432,Data unavailable.,,89,"As of 6/2/26, 4:35 PM",65,300,"As of 6/2/26, 4:35 PM",61,330
2026-06-02T22:28:30.249342Z,"As of 6/2/26, 5:25 PM",13,432,Data unavailable.,,89,"As of 6/2/26, 5:25 PM",70,300,"As of 6/2/26, 5:25 PM",60,330
2026-06-02T23:10:41.302168Z,"As of 6/2/26, 6:10 PM",13,432,Data unavailable.,,89,"As of 6/2/26, 6:10 PM",68,300,"As of 6/2/26, 6:10 PM",60,330
2026-06-02T23:50:58.467028Z,"As of 6/2/26, 6:50 PM",13,432,Data unavailable.,,89,"As of 6/2/26, 6:50 PM",66,300,"As of 6/2/26, 6:50 PM",60,330
2026-06-03T00:31:54.041190Z,"As of 6/2/26, 7:30 PM",14,432,Data unavailable.,,89,"As of 6/2/26, 7:30 PM",64,300,"As of 6/2/26, 7:30 PM",60,330
2026-06-03T01:39:55.721815Z,"As of 6/2/26, 8:35 PM",14,432,Data unavailable.,,89,"As of 6/2/26, 8:35 PM",69,300,"As of 6/2/26, 8:35 PM",59,330
2026-06-03T02:38:37.275260Z,"As of 6/2/26, 9:35 PM",15,432,Data unavailable.,,89,"As of 6/2/26, 9:35 PM",74,300,"As of 6/2/26, 9:35 PM",60,330
2026-06-03T04:06:54.093152Z,"As of 6/2/26, 11:05 PM",15,432,Data unavailable.,,89,"As of 6/2/26, 11:05 PM",70,300,"As of 6/2/26, 11:05 PM",61,330
2026-06-03T05:53:46.808370Z,"As of 6/3/26, 12:50 AM",16,432,Data unavailable.,,89,"As of 6/3/26, 12:50 AM",74,300,"As of 6/3/26, 12:50 AM",55,330
2026-06-03T07:32:21.868313Z,"As of 6/3/26, 2:30 AM",16,432,Data unavailable.,,89,"As of 6/3/26, 2:30 AM",74,300,"As of 6/3/26, 2:30 AM",51,330
2026-06-03T09:15:59.532650Z,"As of 6/3/26, 4:15 AM",17,432,Data unavailable.,,89,"As of 6/3/26, 4:15 AM",73,300,"As of 6/3/26, 4:15 AM",44,330
2026-06-03T11:13:29.470858Z,"As of 6/3/26, 6:10 AM",18,432,Data unavailable.,,89,"As of 6/3/26, 6:10 AM",67,300,"As of 6/3/26, 6:10 AM",46,330
2026-06-03T12:50:07.352181Z,"As of 6/3/26, 7:50 AM",18,432,Data unavailable.,,89,"As of 6/3/26, 7:50 AM",51,300,"As of 6/3/26, 7:50 AM",53,330
2026-06-03T14:30:28.427498Z,"As of 6/3/26, 9:30 AM",19,432,Data unavailable.,,89,"As of 6/3/26, 9:30 AM",53,300,"As of 6/3/26, 9:30 AM",63,330
2026-06-03T16:03:55.307560Z,"As of 6/3/26, 11:00 AM",19,432,Data unavailable.,,89,"As of 6/3/26, 11:00 AM",61,300,"As of 6/3/26, 11:00 AM",64,330
2026-06-03T17:53:39.192530Z,"As of 6/3/26, 12:50 PM",20,432,Data unavailable.,,89,"As of 6/3/26, 12:50 PM",64,300,"As of 6/3/26, 12:50 PM",64,330
2026-06-03T19:11:36.852444Z,"As of 6/3/26, 2:10 PM",20,432,Data unavailable.,,89,"As of 6/3/26, 2:10 PM",70,300,"As of 6/3/26, 2:10 PM",65,330
2026-06-03T20:22:06.471747Z,"As of 6/3/26, 3:20 PM",21,432,Data unavailable.,,89,"As of 6/3/26, 3:20 PM",68,300,"As of 6/3/26, 3:20 PM",64,330
2026-06-03T21:32:22.196698Z,"As of 6/3/26, 4:30 PM",21,432,Data unavailable.,,89,"As of 6/3/26, 4:30 PM",67,300,"As of 6/3/26, 4:30 PM",63,330
2026-06-03T22:31:44.314046Z,"As of 6/3/26, 5:30 PM",21,432,Data unavailable.,,89,"As of 6/3/26, 5:30 PM",70,300,"As of 6/3/26, 5:30 PM",62,330
2026-06-03T23:19:04.620106Z,"As of 6/3/26, 6:15 PM",22,432,Data unavailable.,,89,"As of 6/3/26, 6:15 PM",69,300,"As of 6/3/26, 6:15 PM",62,330
2026-06-04T00:04:25.602697Z,"As of 6/3/26, 7:00 PM",22,432,Data unavailable.,,89,"As of 6/3/26, 7:00 PM",69,300,"As of 6/3/26, 7:00 PM",63,330
2026-06-04T01:29:59.876357Z,"As of 6/3/26, 8:25 PM",23,432,Data unavailable.,,89,"As of 6/3/26, 8:25 PM",72,300,"As of 6/3/26, 8:25 PM",63,330
2026-06-04T02:25:05.402785Z,"As of 6/3/26, 9:25 PM",23,432,Data unavailable.,,89,"As of 6/3/26, 9:25 PM",73,300,"As of 6/3/26, 9:25 PM",64,330
2026-06-04T03:44:38.377590Z,"As of 6/3/26, 10:40 PM",23,432,Data unavailable.,,89,"As of 6/3/26, 10:40 PM",73,300,"As of 6/3/26, 10:40 PM",66,330
2026-06-04T05:25:15.266209Z,"As of 6/4/26, 12:25 AM",24,432,Data unavailable.,,89,"As of 6/4/26, 12:25 AM",73,300,"As of 6/4/26, 12:25 AM",59,330
2026-06-04T06:59:59.625635Z,"As of 6/4/26, 1:55 AM",24,432,Data unavailable.,,89,"As of 6/4/26, 1:55 AM",71,300,"As of 6/4/26, 1:55 AM",53,330
2026-06-04T08:32:34.975162Z,"As of 6/4/26, 3:30 AM",24,432,Data unavailable.,,89,"As of 6/4/26, 3:30 AM",72,300,"As of 6/4/26, 3:30 AM",49,330
2026-06-04T10:05:46.992787Z,"As of 6/4/26, 5:05 AM",25,432,Data unavailable.,,89,"As of 6/4/26, 5:05 AM",68,300,"As of 6/4/26, 5:05 AM",47,330
2026-06-04T11:20:26.259510Z,"As of 6/4/26, 6:20 AM",25,432,Data unavailable.,,89,"As of 6/4/26, 6:20 AM",67,300,"As of 6/4/26, 6:20 AM",49,330
2026-06-04T12:28:44.744164Z,"As of 6/4/26, 7:25 AM",25,432,Data unavailable.,,89,"As of 6/4/26, 7:25 AM",65,300,"As of 6/4/26, 7:25 AM",52,330
2026-06-04T13:36:49.222989Z,"As of 6/4/26, 8:35 AM",26,432,Data unavailable.,,89,"As of 6/4/26, 8:35 AM",62,300,"As of 6/4/26, 8:35 AM",58,330
2026-06-04T14:38:40.947953Z,"As of 6/4/26, 9:35 AM",26,432,Data unavailable.,,89,"As of 6/4/26, 9:35 AM",58,300,"As of 6/4/26, 9:35 AM",68,330
2026-06-04T15:53:43.522040Z,"As of 6/4/26, 10:50 AM",27,432,Data unavailable.,,89,"As of 6/4/26, 10:50 AM",58,300,"As of 6/4/26, 10:50 AM",65,330
2026-06-04T16:58:35.511268Z,"As of 6/4/26, 11:55 AM",27,432,Data unavailable.,,89,"As of 6/4/26, 11:55 AM",59,300,"As of 6/4/26, 11:55 AM",65,330
2026-06-04T17:55:55.022354Z,"As of 6/4/26, 12:55 PM",27,432,Data unavailable.,,89,"As of 6/4/26, 12:55 PM",60,300,"As of 6/4/26, 12:55 PM",65,330
2026-06-04T18:42:46.830564Z,"As of 6/4/26, 1:40 PM",27,432,Data unavailable.,,89,"As of 6/4/26, 1:40 PM",63,300,"As of 6/4/26, 1:40 PM",66,330
2026-06-04T19:31:37.035368Z,"As of 6/4/26, 2:30 PM",27,432,Data unavailable.,,89,"As of 6/4/26, 2:30 PM",64,300,"As of 6/4/26, 2:30 PM",65,330
2026-06-04T20:26:24.093722Z,"As of 6/4/26, 3:25 PM",28,432,Data unavailable.,,89,"As of 6/4/26, 3:25 PM",64,300,"As of 6/4/26, 3:25 PM",64,330
2026-06-04T21:05:21.355462Z,"As of 6/4/26, 4:05 PM",28,432,Data unavailable.,,89,"As of 6/4/26, 4:05 PM",64,300,"As of 6/4/26, 4:05 PM",64,330
2026-06-04T21:49:30.385106Z,"As of 6/4/26, 4:45 PM",28,432,Data unavailable.,,89,"As of 6/4/26, 4:45 PM",66,300,"As of 6/4/26, 4:45 PM",65,330
2026-06-04T22:27:23.945438Z,"As of 6/4/26, 5:25 PM",28,432,Data unavailable.,,89,"As of 6/4/26, 5:25 PM",70,300,"As of 6/4/26, 5:25 PM",63,330
2026-06-04T22:55:40.210820Z,"As of 6/4/26, 5:55 PM",28,432,Data unavailable.,,89,"As of 6/4/26, 5:55 PM",70,300,"As of 6/4/26, 5:55 PM",64,330
2026-06-04T23:24:05.154246Z,"As of 6/4/26, 6:20 PM",29,432,Data unavailable.,,89,"As of 6/4/26, 6:20 PM",71,300,"As of 6/4/26, 6:20 PM",63,330
2026-06-04T23:51:22.882871Z,"As of 6/4/26, 6:50 PM",29,432,Data unavailable.,,89,"As of 6/4/26, 6:50 PM",70,300,"As of 6/4/26, 6:50 PM",63,330
2026-06-05T00:24:46.872863Z,"As of 6/4/26, 7:20 PM",29,432,Data unavailable.,,89,"As of 6/4/26, 7:20 PM",74,300,"As of 6/4/26, 7:20 PM",64,330
2026-06-05T01:26:25.387026Z,"As of 6/4/26, 8:25 PM",29,432,Data unavailable.,,89,"As of 6/4/26, 8:25 PM",72,300,"As of 6/4/26, 8:25 PM",64,330
2026-06-05T02:19:23.725083Z,"As of 6/4/26, 9:15 PM",29,432,Data unavailable.,,89,"As of 6/4/26, 9:15 PM",74,300,"As of 6/4/26, 9:15 PM",65,330
2026-06-05T03:44:04.520841Z,"As of 6/4/26, 10:40 PM",30,432,Data unavailable.,,89,"As of 6/4/26, 10:40 PM",75,300,"As of 6/4/26, 10:40 PM",64,330
2026-06-05T05:12:50.298010Z,"As of 6/5/26, 12:10 AM",30,432,Data unavailable.,,89,"As of 6/5/26, 12:10 AM",72,300,"As of 6/5/26, 12:10 AM",60,330
2026-06-05T06:45:13.238532Z,"As of 6/5/26, 1:45 AM",28,432,Data unavailable.,,89,"As of 6/5/26, 1:45 AM",74,300,"As of 6/5/26, 1:45 AM",108,330
2026-06-05T08:12:34.811895Z,"As of 6/5/26, 3:10 AM",26,432,Data unavailable.,,89,"As of 6/5/26, 3:10 AM",72,300,"As of 6/5/26, 3:10 AM",102,330
2026-06-05T09:27:08.221598Z,"As of 6/5/26, 4:25 AM",24,432,Data unavailable.,,89,"As of 6/5/26, 4:25 AM",72,300,"As of 6/5/26, 4:25 AM",97,330
2026-06-05T10:46:39.859945Z,"As of 6/5/26, 5:45 AM",21,432,Data unavailable.,,89,"As of 6/5/26, 5:45 AM",70,300,"As of 6/5/26, 5:45 AM",97,330
2026-06-05T12:00:22.454652Z,"As of 6/5/26, 7:00 AM",19,432,Data unavailable.,,89,"As of 6/5/26, 7:00 AM",66,300,"As of 6/5/26, 7:00 AM",113,330
2026-06-05T13:18:51.739647Z,"As of 6/5/26, 8:15 AM",26,432,Data unavailable.,,89,"As of 6/5/26, 8:15 AM",64,300,"As of 6/5/26, 8:15 AM",258,330
2026-06-05T14:16:43.137409Z,"As of 6/5/26, 9:15 AM",42,432,Data unavailable.,,89,"As of 6/5/26, 9:15 AM",64,300,"As of 6/5/26, 9:15 AM",267,330
2026-06-05T15:31:25.968455Z,"As of 6/5/26, 10:30 AM",51,432,Data unavailable.,,89,"As of 6/5/26, 10:30 AM",65,300,"As of 6/5/26, 10:30 AM",214,330
2026-06-05T16:34:13.922964Z,"As of 6/5/26, 11:30 AM",52,432,Data unavailable.,,89,"As of 6/5/26, 11:30 AM",65,300,"As of 6/5/26, 11:30 AM",157,330
2026-06-05T17:25:28.390442Z,"As of 6/5/26, 12:25 PM",53,432,Data unavailable.,,89,"As of 6/5/26, 12:25 PM",73,300,"As of 6/5/26, 12:25 PM",125,330
2026-06-05T18:07:19.851425Z,"As of 6/5/26, 1:05 PM",53,432,Data unavailable.,,89,"As of 6/5/26, 1:05 PM",75,300,"As of 6/5/26, 1:05 PM",106,330
2026-06-05T18:53:15.189153Z,"As of 6/5/26, 1:50 PM",53,432,Data unavailable.,,89,"As of 6/5/26, 1:50 PM",84,300,"As of 6/5/26, 1:50 PM",93,330
2026-06-05T19:31:29.401964Z,"As of 6/5/26, 2:30 PM",54,432,Data unavailable.,,89,"As of 6/5/26, 2:30 PM",85,300,"As of 6/5/26, 2:30 PM",93,330
2026-06-05T20:22:22.708556Z,"As of 6/5/26, 3:20 PM",61,432,Data unavailable.,,89,"As of 6/5/26, 3:20 PM",89,300,"As of 6/5/26, 3:20 PM",136,330
2026-06-05T21:00:45.141404Z,"As of 6/5/26, 4:00 PM",69,432,Data unavailable.,,89,"As of 6/5/26, 4:00 PM",98,300,"As of 6/5/26, 4:00 PM",180,330
2026-06-05T21:43:39.766731Z,"As of 6/5/26, 4:40 PM",71,432,Data unavailable.,,89,"As of 6/5/26, 4:40 PM",89,300,"As of 6/5/26, 4:40 PM",167,330
